user,day,user_day_label,actor_label,embedding_ocsvm_score,pred_alert
NMS0280,2010-11-12,0,0,-21.636468219810354,0
KMW0545,2010-08-11,0,0,-11.412087795494585,0
KAL0395,2011-02-08,0,0,-24.807196996693733,0
TEB0251,2010-12-02,0,0,-20.725074544239533,0
JRL0574,2011-02-24,0,0,-2.2832896928276796,0
MTB0620,2011-04-04,0,0,-2.1129150029706807,0
WAS0254,2010-10-22,0,0,-19.024678020162355,0
CCR0863,2010-02-04,0,0,-4.652821040182744,0
LFS0071,2010-06-04,0,0,-6.61868957249942,0
FRB0023,2010-12-28,0,0,-21.65072752713445,0
HWM0342,2010-07-15,0,0,-21.57316332038681,0
CGB0637,2010-04-06,0,0,-16.6205022148647,0
HJB0742,2010-10-06,0,1,-8.067549530363863,0
CCA0046,2010-09-14,0,1,-15.355401464087095,0
CJV0286,2010-08-10,0,0,-21.436374009158044,0
RNF0765,2010-03-08,0,0,-19.591256246888634,0
ONL0276,2010-10-25,0,0,-24.010200655175368,0
UCH0519,2010-11-02,0,0,-21.335937955741997,0
CSL0949,2010-07-29,0,0,-0.3858800300046141,0
ARL0034,2010-09-08,0,0,1.0524020475307907,0
XBN0229,2010-03-30,0,0,-22.05501076618316,0
IIL0513,2010-09-06,0,0,-20.929514709916475,0
CCM0136,2011-05-13,0,0,-3.295794890624734,0
ATE0869,2010-03-21,0,0,-1.2136078450117793,0
BEC0505,2010-05-20,0,0,-7.160965921774618,0
JSH0330,2010-08-02,0,0,-16.72019326621819,0
CTW0500,2010-10-15,0,0,-7.674047375279201,0
SSS0345,2011-05-09,0,0,-18.76610081770889,0
WAB0143,2010-12-15,0,0,-21.15404281325914,0
PES0085,2010-08-12,0,0,-27.138735268031724,0
DMM0623,2010-10-01,0,0,-6.612026911162047,0
CUD0795,2010-12-07,0,0,-10.855842007639922,0
RSC0089,2010-10-11,0,0,-13.33776770236409,0
AIP0394,2010-06-11,0,0,-8.16813408226551,0
LBF0214,2010-03-09,0,0,0.3514145885025073,0
ESJ0670,2010-10-07,0,0,-22.05501076618316,0
PBP0002,2011-03-31,0,0,-26.88133290424412,0
ELH0960,2011-03-31,0,0,5.1538075130462175,0
CMW0783,2011-01-05,0,0,-20.291306403365866,0
CCH0182,2010-04-06,0,0,-20.257237963667762,0
LLV0602,2010-07-21,0,0,-6.317317714837259,0
NCH0179,2010-10-28,0,0,-27.238249543069855,0
PIS0522,2010-12-28,0,0,-21.059537182527492,0
NCH0179,2010-10-01,0,0,-26.89536738861659,0
ORB0473,2010-02-01,0,0,-0.029480686207648432,0
ASB0796,2010-08-13,0,0,-3.04644546316581,0
CEJ0109,2010-07-01,0,1,-9.105123397954117,0
RUM0880,2010-09-15,0,0,-1.0956278725124093,0
KRV0372,2010-04-16,0,0,-22.387613888179658,0
BDV0168,2010-07-28,0,1,-3.958329682871181,0
JOL0024,2010-04-15,0,0,-26.663756421247513,0
CAB0614,2011-05-04,0,0,-3.9921478457325748,0
ZJE0857,2010-12-08,0,0,-4.324908447877192,0
GTD0898,2011-04-11,0,0,-16.777136984824438,0
AQD0820,2010-06-07,0,0,-7.070295066731887,0
MBW0809,2010-01-13,0,0,-25.45888675060837,0
BAK0964,2010-07-30,0,0,-0.22543925009529175,0
CBG0490,2010-09-07,0,0,-4.312235952065521,0
WPE0538,2011-03-01,0,0,-0.1842952546713832,0
CRK0916,2010-11-24,0,0,-9.286456461169564,0
BSH0445,2011-04-06,0,0,-10.394913056448445,0
WVB0539,2010-06-30,0,0,-23.491690261636677,0
WAB0143,2010-01-05,0,0,-21.42535836815057,0
ASG0048,2010-02-26,0,0,-27.764477490601053,0
GHH0288,2011-05-05,0,0,-2.8653006402831807,0
AAN0823,2011-03-17,0,0,-0.22543925009529175,0
GCS0518,2010-07-29,0,0,-20.88987158352893,0
MVF0594,2010-11-15,0,0,-0.029480686207648432,0
NBH0256,2010-06-04,0,0,-21.173114134607545,0
EBC0390,2010-03-11,0,0,-22.39106126831507,0
ALC0788,2011-02-15,0,0,-1.1704133919139394,0
BLL0929,2011-02-11,0,0,-26.297435350104934,0
BJH0354,2011-04-29,0,0,-26.884844314913153,0
JNJ0556,2010-01-22,0,0,-21.248458264888768,0
KVS0425,2010-09-07,0,0,-6.419107747673365,0
NSC0597,2010-02-10,0,0,-0.4596809819545342,0
KKC0683,2010-11-24,0,0,-4.301193993250422,0
PRM0740,2011-04-18,0,0,-7.015363999778742,0
KLM0639,2010-06-03,0,0,-20.073937001438367,0
MHG0733,2010-06-08,0,0,-6.335084495972978,0
BLB0114,2010-03-23,0,0,-16.691274374657496,0
JAM0382,2010-07-19,0,0,-22.015003498975375,0
AJD0074,2010-08-12,0,0,-28.488885304334303,0
CBG0490,2011-04-28,0,0,-4.933722583950157,0
BXJ0010,2011-02-16,0,0,-19.09162298636386,0
MJB0588,2011-02-09,0,0,-1.2191903865591485,0
HDD0789,2010-05-03,0,0,-25.435503668024012,0
XHG0902,2010-04-05,0,0,-14.631135209324725,0
TJB0302,2010-06-02,0,0,-0.4596809819545342,0
AJN0607,2010-06-10,0,0,-2.3826491418586784,0
KKS0119,2010-05-24,0,0,-24.337972926011503,0
CJM0521,2011-02-13,0,0,-17.669642773660144,0
LDG0459,2010-07-06,0,0,-3.025051791309693,0
FBW0747,2010-06-25,0,0,-2.3997071232000735,0
SCF0608,2010-01-29,0,0,-5.894480025868347,0
CSJ0340,2010-09-13,0,0,-21.79251831456577,0
GRM0868,2010-10-12,0,0,-5.277406995678803,0
IJW0851,2011-01-21,0,0,-3.331911991288166,0
HMW0713,2010-01-26,0,0,-1.1703446480004231,0
OSH0655,2011-05-04,0,0,-19.74394886009759,0
DDM0579,2010-07-13,0,0,-0.029480686207648432,0
TAC0300,2010-06-28,0,0,-0.7224114404158399,0
AIM0627,2010-03-04,0,0,-3.3613757966636513,0
PGO0433,2010-09-15,0,0,-9.926961510723572,0
AJH0175,2010-07-03,0,0,-0.055063473220911874,0
CJV0286,2011-04-15,0,0,-22.01558496769303,0
SAK0375,2010-10-27,0,0,-22.234884152739596,0
DJB0159,2010-04-09,0,0,-18.75432623409847,0
JKF0465,2010-08-01,0,0,-0.5929259581782844,0
BXJ0010,2010-08-31,0,0,-20.09025376227089,0
SAT0194,2010-04-08,0,0,-0.8881170872490429,0
NMB0972,2011-01-31,0,0,-0.3858800300046141,0
TVS0050,2010-06-17,0,0,-18.33018861567598,0
GZB0469,2010-06-28,0,0,-1.4904878636043577,0
ILH0958,2011-01-31,0,0,-4.719502533635705,0
KJW0416,2010-03-08,0,0,-4.797815070351362,0
MDH0580,2010-03-12,0,1,0.2708965700724093,0
HKR0628,2011-01-10,0,0,-6.771533981664334,0
SAB0781,2011-03-25,0,0,-22.01558496769303,0
SJF0094,2011-01-07,0,0,-6.739176971064467,0
HSG0818,2010-01-11,0,0,-28.06659145564413,0
CNM0800,2010-06-14,0,0,-22.48876190341832,0
RJM0381,2011-04-04,0,0,-21.391656818384376,0
SDB0106,2010-08-11,0,0,-17.75557345780703,0
DPM0423,2010-08-04,0,0,-17.472767215068984,0
LAM0911,2011-03-17,0,0,10.939156972483943,1
HAD0246,2010-02-15,0,0,-11.397758551158972,0
ADD0846,2010-06-30,0,0,-2.3067309677462617,0
DIC0988,2011-01-26,0,0,0.0984297500857565,0
MSG0839,2010-10-20,0,0,-0.3858800300046141,0
IMP0530,2010-11-19,0,0,-19.830551687494108,0
ALD0544,2010-01-15,0,0,-2.754325180146452,0
SAP0867,2010-07-06,0,0,-5.967825495831562,0
FUM0015,2010-05-10,0,0,-19.227379045149746,0
AKF0709,2010-07-12,0,0,-0.3858800300046141,0
RZC0746,2011-02-16,0,0,-7.775920885622213,0
BAJ0654,2010-03-24,0,0,-21.08082431104981,0
AAE0190,2010-06-02,0,0,-26.497089313622155,0
FPC0954,2010-06-03,0,0,-1.0498541092994174,0
DJS0682,2010-07-13,0,0,-6.445905942750187,0
TJG0582,2010-03-23,0,0,-3.2683919445329366,0
JDC0030,2011-05-02,0,0,-27.81480071104795,0
KNB0022,2010-02-01,0,0,-21.030526667492495,0
RAR0725,2010-05-12,0,1,-4.2384166774725145,0
ORG0339,2010-10-04,0,0,-20.361399712043635,0
JPW0741,2011-02-23,0,0,-5.486819217039965,0
ZJE0857,2010-02-01,0,0,-5.395748154561375,0
NBH0256,2011-02-08,0,0,-19.659669161728175,0
JNA0559,2011-02-15,0,0,-8.632378303880387,0
JJB0127,2011-04-06,0,0,-18.25704089631563,0
RNL0695,2011-04-13,0,0,-26.168550834927828,0
TLM0797,2010-10-18,0,0,-0.753765560104398,0
JMC0925,2011-02-10,0,0,-8.82994564717842,0
MVH0373,2010-03-30,0,0,-22.15740900510218,0
SDF0017,2010-03-01,0,0,-20.369217889833294,0
VCY0751,2010-08-24,0,0,-4.360404235607689,0
EWH0191,2010-05-04,0,0,-26.464527332891635,0
ERH0449,2010-08-05,0,0,-1.404150611370028,0
JDC0030,2011-05-15,0,0,-23.621722707314575,0
SER0165,2011-01-18,0,0,-27.528524416205983,0
ESA0642,2010-12-06,0,0,-18.258900249924295,0
APG0307,2010-01-21,0,0,-1.2191903865591485,0
RYB0718,2010-03-01,0,0,-1.0498541092994174,0
KDS0349,2010-02-01,0,0,20.064568812055313,1
PKB0281,2011-04-01,0,0,-18.347842290945778,0
NAF0033,2011-03-18,0,0,3.8506026045281487,0
SBK0161,2011-05-11,0,0,-19.02756464549418,0
KNG0672,2010-10-27,0,0,-10.822654134437698,0
EHD0584,2010-09-09,0,1,-2.0829632363322617,0
KCB0815,2011-04-27,0,0,-7.414244755513664,0
EGD0132,2010-05-26,0,1,-4.48799946817428,0
WBC0192,2010-02-05,0,0,-25.92400983205482,0
JXH0493,2010-04-23,0,0,-7.917410855920366,0
BBG0325,2010-12-06,0,0,-2.3985010659938553,0
YCE0983,2010-12-01,0,0,-26.19995429155449,0
CJM0138,2010-02-25,0,0,-0.029480686207648432,0
DIW0118,2010-09-09,0,0,-25.36532589873343,0
DLM0051,2011-01-20,0,0,-10.165682764499365,0
HWW0436,2010-11-08,0,0,-8.596277154936274,0
GTD0898,2010-07-02,0,0,-18.892361859914217,0
KRV0372,2011-01-06,0,0,-22.623462330147618,0
TLM0797,2011-03-24,0,0,-3.7692562832706926,0
CQH0701,2010-06-01,0,0,-2.3298803877269165,0
IHK0841,2010-05-24,0,0,-0.7369174506420677,0
SPA0141,2011-03-04,0,0,-27.0948332514605,0
ORG0339,2010-09-24,0,0,-18.49097289133192,0
CPG0322,2011-03-16,0,0,0.11043308895273185,0
SRH0155,2010-08-24,0,0,-27.62077757239615,0
AKH0758,2010-01-20,0,0,-22.017591307112866,0
SVL0803,2010-08-20,0,0,-2.350301652668918,0
NKH0979,2010-09-29,0,0,-21.180768206907942,0
KAL0395,2011-05-04,0,0,-25.28322829237254,0
KLM0639,2011-01-19,0,0,-21.60860276657229,0
HDD0806,2010-08-17,0,0,-10.846802204587902,0
HAH0760,2010-07-27,0,0,-19.846993146655905,0
CJK0200,2011-03-07,0,0,-0.49360381051087643,0
CLS0296,2011-01-17,0,0,-0.029480686207648432,0
SSJ0784,2010-02-11,0,0,-21.68843689264645,0
ARD0509,2010-06-01,0,0,-18.4251579616664,0
MMB0488,2010-06-25,0,0,-7.137950677405684,0
FGW0853,2010-12-28,0,0,-3.5319870915930096,0
ATP0662,2011-01-06,0,0,-22.918765551284423,0
BTW0005,2010-01-20,0,0,-21.55616144606779,0
AJR0932,2010-01-12,0,1,-27.35379931164266,0
OBH0499,2010-04-22,0,0,-3.731394279085407,0
NHE0919,2010-02-26,0,0,-22.548456263707408,0
MPT0376,2011-03-17,0,0,-3.9918591569660293,0
MAD0496,2010-01-25,0,0,-6.173895704247229,0
MDM0976,2010-09-14,0,0,-21.228060446790778,0
AIP0394,2010-08-11,0,0,-7.634060685011036,0
VTT0385,2010-06-11,0,0,-22.734497553523056,0
BER0314,2010-11-09,0,0,-5.00392826364498,0
KPP0452,2010-09-17,0,0,-0.3858800300046141,0
BTN0061,2010-03-19,0,0,-22.773584220806242,0
RHY0079,2010-10-05,0,0,-12.91588500589853,0
BRM0995,2011-02-15,0,0,-10.55032975534175,0
AHD0848,2010-10-15,0,0,-4.065285514543575,0
BER0314,2010-12-01,0,0,-7.138993782439115,0
SSH0799,2011-03-02,0,0,-22.206646604624666,0
WPE0538,2011-04-01,0,0,1.286210964924635,0
COM0321,2010-06-04,0,0,-4.347239561590413,0
ASV0946,2010-10-01,0,0,3.3192509359057567,0
CLH0703,2010-12-29,0,0,-0.3858800300046141,0
NAH0503,2010-05-28,0,0,-6.009584038196749,0
LCC0819,2010-02-04,0,1,-27.597547094085485,0
LNS0989,2010-03-18,0,0,0.7126594953614358,0
TVS0006,2011-03-16,0,0,-24.715118516087273,0
AAE0190,2010-07-20,0,0,-25.9874960379899,0
TSM0927,2010-12-30,0,0,-21.504620101506475,0
AIM0627,2011-05-13,0,0,-7.177612951342553,0
WBC0315,2011-02-04,0,0,-5.179595098868276,0
NAB0903,2010-08-12,0,0,-21.335937955741997,0
KDS0349,2010-05-11,0,0,12.139084957178625,1
CKD0680,2010-11-12,0,0,-20.11193262680615,0
JGT0221,2010-04-29,0,1,-21.685933710625477,0
SAB0781,2010-11-10,0,0,-19.574720601338754,0
MAR0955,2011-01-31,0,1,-1.2591644484622293,0
HDL0748,2011-03-30,0,0,-6.404115385641376,0
MPT0376,2010-09-21,0,0,-5.661381439577781,0
BBS0422,2010-12-09,0,0,-21.006275733285634,0
RVF0201,2010-03-03,0,0,-27.021640085484364,0
LBF0214,2010-09-10,0,0,1.4464244599341782,0
QRM0739,2010-05-19,0,0,-1.8489269854837858,0
MLD0755,2010-11-02,0,0,-5.786075402386814,0
KDT0346,2011-02-03,0,0,-15.989812094833724,0
CMS0454,2011-05-13,0,0,-0.9603885267399619,0
OLW0689,2010-06-03,0,0,-1.5870011633418244,0
GMF0738,2010-02-16,0,0,-6.790820651877993,0
BAH0875,2010-08-17,0,0,-6.021912581878951,0
JNJ0556,2011-02-11,0,0,-23.926600320767307,0
ETR0428,2010-08-13,0,0,-11.918244898743751,0
GTD0116,2010-04-01,0,0,-24.586211704265338,0
SBH0537,2011-03-02,0,0,-25.919195271771514,0
NRO0768,2011-03-28,0,0,-20.1411338579544,0
RKD0604,2010-05-21,0,1,-5.302907636727582,0
HPH0075,2011-01-19,0,0,-7.4947060599168935,0
NMS0280,2010-07-23,0,0,-19.205362674649336,0
BTL0722,2011-05-04,0,0,-0.7064905313396821,0
AMD0077,2011-03-18,0,0,-16.646137475101,0
VFM0814,2010-04-01,0,0,-27.408372698067296,0
HCV0478,2010-03-17,0,0,-8.107591339473856,0
FRR0832,2010-02-04,0,0,-0.7261734935627828,0
DSM0591,2010-09-14,0,0,-0.029480686207648432,0
IJR0825,2010-07-26,0,0,-1.4904878636043577,0
IDO0176,2010-11-11,0,0,-5.7380325546632776,0
WAS0254,2010-07-15,0,0,-20.142460964466636,0
ALB0892,2010-06-05,0,0,-18.49095999788767,0
HIA0414,2010-01-20,0,0,-7.719263686111276,0
CNM0800,2011-02-25,0,0,-22.952161117610217,0
CCW0031,2011-04-19,0,0,-26.542770760899998,0
MCF0600,2010-07-30,0,1,-2.271987464182871,0
TVS0006,2011-02-17,0,0,-25.25870553919424,0
MLP0668,2011-03-14,0,0,-4.051814991652918,0
AIM0627,2010-09-07,0,0,-6.920646889084992,0
CMM0487,2010-01-20,0,0,-5.520315507707437,0
LAF0991,2010-06-25,0,0,-11.23488326439292,0
KMB0922,2010-07-28,0,0,-19.930089632150157,0
NAB0903,2010-10-22,0,0,-19.37143917311994,0
KRM0541,2011-01-21,0,0,-23.655757804461132,0
IIA0092,2010-01-20,0,0,-9.411771375375906,0
HAH0760,2011-05-10,0,0,-21.14364623941958,0
AHD0848,2010-02-22,0,0,-2.736408815198729,0
SVL0940,2011-03-10,0,0,-8.44751617797067,0
SMW0084,2011-04-14,0,0,-18.267530608329366,0
AWM0764,2010-04-23,0,0,-20.88987158352893,0
MOS0047,2010-01-28,0,1,-16.179513526500727,0
JGM0934,2010-10-05,0,0,-12.424354141545905,0
GZB0469,2010-07-23,0,0,-0.4596809819545342,0
SAA0999,2011-01-25,0,0,-14.85075674162556,0
CSP0197,2010-07-30,0,0,0.11583861102201354,0
SAH0599,2010-05-04,0,0,-0.029480686207648432,0
LBH0942,2010-08-03,0,0,-3.083032117717835,0
RCC0617,2010-05-03,0,0,-8.328551940807642,0
UFK0208,2010-06-23,0,0,2.5159592420859553,0
NBC0412,2011-03-09,0,0,-6.686486094642078,0
JIM0095,2010-03-04,0,0,-29.08688154799529,0
WVB0539,2010-02-23,0,0,-26.01291029846618,0
ILC0838,2010-01-14,0,0,-3.067758533759161,0
KBP0008,2011-03-28,0,0,-21.92362171464424,0
HWW0436,2010-03-16,0,0,-8.293730708139606,0
SBD0913,2010-03-09,0,0,-1.9648813885166874,0
RDM0150,2010-08-13,0,0,-1.2640318021758503,0
LJJ0905,2010-03-03,0,0,-20.412769216833453,0
RFP0380,2010-09-08,0,0,1.6988836371401703,0
MBR0724,2010-11-18,0,0,-0.9964347838972571,0
AHM0410,2010-03-10,0,0,-8.023719743768197,0
JML0909,2010-04-27,0,0,-19.81585901193091,0
AMV0036,2010-07-28,0,0,0.481989590419289,0
IUB0565,2010-04-08,0,1,-6.39105092501768,0
ACC0042,2010-04-15,0,0,-20.52268893371604,0
GOK0238,2010-11-24,0,0,-25.362313666478826,0
NWT0098,2010-02-11,0,1,-17.18881190619993,0
PID0426,2010-03-12,0,0,-12.11096458524753,0
LRW0970,2011-03-10,0,0,-5.045341987831762,0
HDH0928,2010-10-06,0,0,-0.8888487267470282,0
VCY0751,2010-01-12,0,0,-3.2678051870971103,0
DMK0257,2010-06-25,0,0,-18.43294318194819,0
MJB0588,2010-06-10,0,0,-1.951465366480079,0
MDM0625,2011-03-31,0,0,-3.6756073212718547,0
CGB0637,2011-04-15,0,0,-14.439515310439333,0
CKB0427,2011-04-18,0,0,-13.117928671322488,0
KDS0349,2010-12-14,0,0,15.083269148003637,1
CRK0916,2010-11-12,0,0,-8.209570575587009,0
QRM0739,2011-04-08,0,0,-1.4079433468796196,0
PKB0429,2010-10-29,0,0,-11.89431443812191,0
CFM0767,2010-09-24,0,0,-19.756278024915787,0
LDD0560,2010-02-08,0,0,-25.15272317974427,0
ESJ0670,2010-09-15,0,0,-22.029549308155993,0
MCF0327,2010-02-10,0,0,-7.6249714340252694,0
IJM0139,2010-07-02,0,0,-0.7224114404158399,0
IEB0153,2010-09-27,0,0,-1.3611534611770821,0
HCM0267,2010-02-26,0,0,-5.756939451936773,0
MOP0763,2011-03-21,0,0,-21.741885558658282,0
NGF0157,2010-04-30,0,0,-12.30296442224028,0
MJM0510,2010-11-09,0,0,-21.654854343668717,0
CBG0490,2010-06-08,0,0,-8.10400239795058,0
ICH0294,2010-11-30,0,0,-5.472961696167431,0
ILH0958,2011-04-27,0,0,-2.2599760237443434,0
ATE0869,2011-04-30,0,0,-4.532558124436832,0
BAM0611,2010-01-28,0,0,-6.3745581702173695,0
JBD0616,2010-11-09,0,0,-3.3806981855046843,0
BRM0995,2010-10-26,0,0,-8.746622678481685,0
NHE0919,2010-03-25,0,0,-22.008698483538296,0
KKW0879,2011-03-20,0,0,1.077011102284473,0
QNP0216,2010-01-27,0,0,-20.338904551457404,0
MLM0950,2011-03-30,0,0,-2.0192778794073547,0
HAD0246,2010-09-20,0,0,-15.958624398225993,0
ADD0846,2010-11-17,0,0,-1.112927565131713,0
JKF0465,2010-09-12,0,0,-1.04300538155087,0
JRL0574,2011-04-29,0,0,-1.404150611370028,0
IAR0694,2010-12-01,0,0,-27.24322275131408,0
PGC0066,2010-10-29,0,0,-25.305322714965428,0
AMW0392,2010-11-01,0,0,-27.493232004157562,0
SAT0194,2010-12-21,0,0,-0.5306633545768591,0
OJK0233,2010-09-14,0,0,-11.204091225906609,0
CJC0494,2011-04-13,0,0,-7.496428199546585,0
RDM0115,2010-03-30,0,0,-27.13882647708408,0
KJS0618,2010-03-04,0,0,-3.331911991288166,0
MSS0001,2011-05-04,0,0,-17.968386039918187,0
KTG0091,2011-04-05,0,0,-14.736243125997362,0
NBC0412,2010-04-05,0,0,-2.338610911392607,0
CCM0467,2010-09-03,0,0,-0.3858800300046141,0
ATF0274,2011-01-31,0,0,-23.57372265006211,0
NWK0215,2010-10-04,0,0,3.5740595643439974,0
MKW0441,2010-06-15,0,0,-19.6945383527202,0
BWH0813,2010-10-12,0,0,-26.024437718736294,0
CQH0701,2011-02-28,0,0,-1.9351107929126101,0
DIW0118,2011-04-07,0,0,-22.548377467956698,0
RDT0424,2010-09-20,0,0,-5.243359401960333,0
VMJ0546,2010-10-06,0,0,-11.535270830450031,0
PID0426,2010-09-16,0,0,-9.963243572575038,0
HLH0512,2011-01-16,0,0,-20.576056690078644,0
BBS0422,2010-10-25,0,0,-17.68448142066427,0
IJM0776,2010-05-03,0,1,-23.99559343986266,0
ZDW0859,2011-04-08,0,0,-2.335638672535879,0
SJF0094,2010-01-19,0,0,-5.258489482479831,0
JJH0292,2010-03-30,0,0,-2.3483400793296596,0
SBK0161,2010-06-08,0,0,-21.145247019149565,0
BLL0929,2010-04-26,0,0,-27.57342756922617,0
MJB0588,2010-09-15,0,0,-0.4596809819545342,0
CGB0637,2010-09-10,0,0,-18.2448675615517,0
RZC0746,2010-08-15,0,0,-1.9024863497307933,0
JCW0858,2010-04-12,0,0,-6.079196412808869,0
ECL0930,2010-06-10,0,0,-26.45496219236179,0
SRH0155,2011-01-10,0,0,-28.444265926617163,0
AAL0706,2010-09-30,0,0,-0.22543925009529175,0
DLM0051,2011-04-16,0,0,-8.979559479964564,0
HLH0512,2011-03-18,0,0,-20.291306403365866,0
FBW0747,2010-09-16,0,0,-3.1884051883999973,0
ASV0946,2010-11-03,0,0,-3.0463533321355953,0
BMC0547,2010-01-07,0,0,-9.713239582160668,0
ZSL0305,2010-12-30,0,0,-0.029480686207648432,0
DLH0029,2010-01-27,0,0,-0.9057771366943825,0
TOR0193,2010-07-08,0,0,-26.685741638588297,0
NGC0058,2010-05-28,0,0,2.8997730653899225,0
CJP0952,2010-09-17,0,0,-1.765124657373235,0
RZC0746,2010-10-11,0,0,-6.716937291575505,0
AJF0370,2011-04-07,0,0,-16.425261241364865,0
UFK0208,2010-03-19,0,0,1.6750098762463494,0
MFV0897,2011-02-25,0,0,-21.741885558658282,0
FWM0707,2010-01-15,0,0,-0.9603885267399619,0
DKB0631,2010-03-09,0,0,-18.290030999891655,0
JAV0361,2010-08-31,0,0,-21.421668342782937,0
CKD0680,2010-01-06,0,0,-22.014277729761943,0
KRG0158,2010-04-05,0,0,-27.042479402677714,0
JCG0316,2011-04-21,0,0,-3.486217133094101,0
DID0650,2010-10-07,0,0,-20.202215429989224,0
IUY0279,2010-04-20,0,0,-9.95533216267279,0
AKW0167,2010-05-20,0,0,-26.98995788848879,0
GTD0219,2010-02-19,0,1,-21.27075786379271,0
ASG0692,2010-09-21,0,0,-25.24089831088429,0
IBS0836,2010-01-05,0,0,-2.3565862756291835,0
MLP0668,2010-04-21,0,0,2.0755264053636893,0
HDD0789,2010-05-06,0,0,-27.418287404120406,0
SVS0871,2010-04-06,0,0,-7.70184219130806,0
LBH0942,2010-03-16,0,0,-4.055831235138271,0
SPA0141,2010-11-11,0,0,-27.961450229230536,0
DFH0188,2011-05-13,0,0,-15.688223458518564,0
BMM0112,2010-01-04,0,0,-21.387727140010725,0
CAA0612,2011-05-09,0,0,-8.332510626105659,0
WJD0576,2010-06-21,0,0,-0.029480686207648432,0
DBB0384,2011-03-11,0,0,-23.066418905658907,0
PTH0552,2011-03-22,0,0,-2.6634950158810398,0
IKP0472,2010-03-12,0,0,-3.6907507900333485,0
FRL0511,2010-07-06,0,0,-20.88987158352893,0
TDS0984,2011-05-14,0,0,-15.164398349522685,0
BIS0247,2011-01-24,0,0,-17.977735826494495,0
RAB0589,2010-02-10,0,1,-2.678655105996654,0
ZSK0258,2010-08-26,0,0,-20.80081733086513,0
KAT0489,2011-04-01,0,0,-7.734811594333564,0
RGN0408,2010-02-23,0,0,0.8805221878212706,0
CBG0398,2010-04-12,0,0,-11.939490053224517,0
WKD0013,2010-12-02,0,0,-18.919434862755224,0
KAT0489,2011-01-04,0,0,-6.81384548269898,0
KAT0270,2011-02-14,0,0,-18.454246208297832,0
ATF0274,2010-10-26,0,0,-22.63772614852553,0
VEB0935,2010-10-29,0,0,-25.509237592654586,0
GCR0554,2010-02-04,0,0,-11.287324872727709,0
HBB0056,2010-12-02,0,0,-24.91990299713177,0
KAT0489,2010-02-11,0,0,-6.482148083097513,0
MBR0724,2011-02-08,0,0,-0.22543925009529175,0
AAN0823,2010-07-13,0,0,-0.22543925009529175,0
AJD0074,2010-08-20,0,0,-28.522545991855736,0
KRV0372,2010-01-04,0,0,-22.926450627699865,0
SBD0913,2010-08-26,0,0,-2.420258829981776,0
OLB0749,2010-04-15,0,0,-7.361134589013886,0
AMM0014,2010-12-06,0,0,-18.122010953643894,0
BMG0917,2010-05-27,0,0,-10.009984527228198,0
HDD0806,2011-03-04,0,0,-6.559071966555052,0
CIM0926,2010-08-11,0,0,-21.56481597627942,0
MBJ0312,2011-01-28,0,0,-0.3691262248762541,0
KBG0549,2010-07-28,0,0,-21.207362374802187,0
JCV0245,2011-05-04,0,0,-18.428984354093473,0
EZT0640,2011-04-01,0,0,-20.643767131529557,0
THR0873,2011-03-14,0,0,2.0026751507099334,0
BRM0995,2011-04-20,0,0,-10.848939482141532,0
JAM0382,2010-10-14,0,0,-22.510003818865016,0
MJS0890,2010-08-09,0,0,-19.849755086682308,0
TVS0050,2010-06-14,0,0,-19.3863741282845,0
SKG0759,2010-08-11,0,0,-21.335937955741997,0
HIW0536,2010-03-26,0,0,13.422781436246396,1
YEV0793,2010-07-28,0,0,-22.78951783187165,0
MJB0588,2010-12-28,0,0,-0.029480686207648432,0
CQW0652,2010-10-28,0,1,-13.968879022135638,0
JCV0245,2010-08-27,0,0,-16.940089929302417,0
DOL0332,2010-04-15,0,0,-18.76610081770889,0
TOR0193,2010-02-24,0,0,-26.556409687677046,0
NCK0421,2010-07-27,0,0,-27.166107580817652,0
IJW0851,2010-08-25,0,0,-6.010024584228972,0
GJD0298,2011-04-19,0,0,-0.4596809819545342,0
ESH0135,2010-01-06,0,0,-0.029480686207648432,0
MIL0255,2010-01-22,0,0,-20.026300262824066,0
UFK0208,2010-01-27,0,0,2.3432179669736115,0
EZH0736,2010-05-14,0,0,-6.779354087380511,0
FTM0406,2010-07-09,0,1,-7.434603334589383,0
PNL0301,2010-01-19,0,1,-3.684518620073618,0
KCB0815,2010-04-30,0,0,-7.5175987213029885,0
NGO0690,2011-05-03,0,0,-11.574196345362907,0
ARA0252,2010-09-17,0,0,-17.99857727881431,0
KVS0425,2011-02-21,0,0,-9.05846146631859,0
JCR0289,2011-04-26,0,0,-0.4596809819545342,0
ECR0822,2010-03-08,0,0,-0.9964347838972571,0
CGA0629,2010-10-05,0,0,-4.576128660424274,0
JCG0316,2011-04-01,0,0,0.6645812756787564,0
HSG0818,2010-06-14,0,0,-29.331550639682973,0
SLP0762,2010-09-20,0,0,-19.591256246888634,0
LQC0479,2010-02-24,0,1,-5.87905225428085,0
BXJ0010,2010-08-23,0,0,-19.286125471454056,0
GCL0016,2011-04-04,0,0,-28.100295561952976,0
NJB0243,2011-01-24,0,0,-16.605013666495665,0
CUD0795,2010-03-03,0,0,-10.855842007639922,0
MFV0897,2011-03-31,0,0,-21.152061303172786,0
XBN0229,2010-09-09,0,0,-20.77436962043089,0
OQH0183,2010-12-16,0,0,-20.16325966894351,0
ELB0847,2010-10-27,0,0,-0.9964347838972571,0
HWY0038,2010-01-21,0,0,-21.349334362323475,0
KKC0683,2010-06-18,0,0,-6.36881525289084,0
CQH0730,2010-05-21,0,0,-5.220450016352288,0
HPR0585,2010-05-24,0,0,-1.23947277238085,0
LHN0151,2011-02-14,0,0,-0.8303651435334132,0
DPM0423,2010-01-19,0,0,-15.612742933650907,0
GCR0554,2010-02-24,0,0,-9.656483383817545,0
OSH0655,2011-03-03,0,0,-19.699822862837436,0
AMM0014,2010-05-13,0,0,-18.96109153165969,0
RIH0777,2010-03-22,0,0,-19.11805114757874,0
NMG0766,2010-08-24,0,0,-22.405398223773545,0
KJA0152,2010-03-08,0,0,-26.585658639767303,0
LDB0090,2010-11-09,0,0,-28.35686431038232,0
IHK0841,2011-04-26,0,0,-1.1703446480004231,0
BXJ0010,2010-10-11,0,0,-18.797627340536906,0
SMH0291,2011-03-10,0,0,-0.692388082700063,0
ERH0449,2011-03-02,0,0,-0.4596809819545342,0
DBG0261,2011-04-21,0,0,-18.686246624895148,0
LHL0309,2011-05-11,0,0,-3.0204085781327876,0
RLB0719,2010-03-12,0,0,-0.7369174506420677,0
ASL0378,2010-02-15,0,0,-22.40711670446342,0
ASM0575,2010-04-01,0,0,-1.3361854307088379,0
RAM0447,2010-10-05,0,0,-2.0812409259100377,0
HBB0056,2011-04-21,0,0,-22.8253495813334,0
PMJ0564,2010-08-04,0,0,-28.322301967318595,0
RVC0232,2010-07-23,0,0,2.324279924673533,0
HRB0351,2010-12-20,0,0,-16.233959310216164,0
HKF0831,2010-07-27,0,0,-0.7369174506420677,0
AAF0791,2010-07-13,0,0,-11.335154301073885,0
DMK0257,2010-01-26,0,0,-13.825254926664115,0
DGN0480,2011-03-08,0,0,-8.55921104045251,0
FLM0213,2011-04-21,0,0,1.804022247970579,0
GZC0735,2010-05-31,0,0,-4.925191784500726,0
LAF0991,2010-04-19,0,0,-10.70987482567989,0
DAG0558,2010-01-05,0,0,-28.1153763554006,0
JDC0030,2010-09-14,0,0,-28.658225268192723,0
CUD0795,2010-08-03,0,0,-10.823677766076912,0
NSC0597,2010-03-18,0,0,-0.029480686207648432,0
HSD0457,2010-10-20,0,0,-0.4596809819545342,0
YCE0983,2011-03-11,0,0,-24.334280167489283,0
MDM0625,2011-01-19,0,0,-6.225851030760737,0
WBC0315,2011-01-12,0,0,-3.3540872881662835,0
JMH0543,2010-01-20,0,0,-22.65603730509963,0
IKR0401,2010-12-13,0,1,-2.5718698210898765,0
MMB0488,2011-01-25,0,0,-7.581381061070601,0
GRC0145,2010-07-01,0,0,-26.757035136137006,0
MAW0166,2011-01-11,0,0,-25.346663225075076,0
BXJ0010,2010-06-18,0,0,-20.01170607036454,0
ENL0100,2010-04-06,0,0,-18.3398103032481,0
PGH0184,2010-07-21,0,0,-17.021927005803946,0
THD0448,2011-04-06,0,0,-0.9603885267399619,0
PTH0830,2010-02-14,0,0,-0.6654657203766874,0
VTT0385,2010-03-22,0,0,-23.30971452701192,0
BTW0005,2010-04-01,0,0,-23.678951960683207,0
PBP0002,2010-07-26,0,0,-27.723768361459292,0
SAC0687,2011-01-31,0,0,-24.15443526038223,0
JKF0465,2010-07-17,0,0,-0.7669916219077777,0
FHS0837,2011-04-27,0,0,-0.7261734935627828,0
DLM0051,2010-07-20,0,0,-15.867085293723107,0
CKP0721,2011-05-13,0,0,-0.7064905313396821,0
SBK0161,2010-06-07,0,0,-19.484287231490384,0
JAV0361,2010-02-12,0,0,-21.58617671894808,0
RKF0164,2011-02-17,0,0,-21.251853377557268,0
SGM0021,2010-10-29,0,0,-22.29797905561827,0
ZCF0590,2010-11-08,0,0,-0.4596809819545342,0
DBW0483,2011-03-30,0,0,-7.46500166647013,0
TJB0302,2010-04-16,0,0,-0.4596809819545342,0
MKL0941,2010-04-07,0,0,-10.903196481656778,0
RRA0938,2011-05-09,0,0,-5.721215660193593,0
ASG0048,2010-08-03,0,0,-28.226331826939486,0
NMB0972,2011-04-13,0,0,-4.9276912414085245,0
JCR0921,2010-05-20,0,0,-11.995248862011636,0
BMG0917,2010-09-30,0,0,-10.209735608590904,0
CJM0521,2010-11-30,0,0,-21.21294958209728,0
DGN0480,2010-06-16,0,0,-6.4786267779117,0
GJD0298,2010-02-01,0,0,-0.4596809819545342,0
PBP0002,2011-04-05,0,0,-27.54805782889173,0
FQA0854,2011-04-15,0,0,-3.8442982298047355,0
NSS0876,2011-04-13,0,0,-3.825823583426768,0
ICS0956,2010-06-18,0,0,-0.7261734935627828,0
IRM0931,2010-07-22,0,0,-26.959836614461437,0
VAA0087,2010-02-01,0,0,-19.347678750826503,0
TYB0779,2010-12-15,0,0,-21.436374009158044,0
EHR0096,2010-06-21,0,0,-27.440615606594633,0
TBT0461,2011-03-30,0,0,-0.22543925009529175,0
DFR0218,2011-04-18,0,0,-20.61847887590909,0
KBL0260,2010-09-16,0,0,-18.313026440907265,0
JJB0700,2010-12-14,0,0,-5.1918552050569815,0
FQA0854,2010-05-17,0,0,-5.553689185319854,0
LRR0148,2010-05-08,0,0,-24.457865320374367,0
KBS0874,2011-01-18,0,0,-5.46966261490968,0
JPW0741,2010-06-23,0,0,-6.621974750464005,0
MLL0598,2010-06-04,0,0,-4.740022050667449,0
ZCF0590,2010-11-12,0,0,-0.4596809819545342,0
HMW0713,2010-03-12,0,0,-0.22543925009529175,0
KCS0173,2010-04-26,0,0,-4.747674765331567,0
TSB0437,2010-11-03,0,0,-20.56237986981114,0
LTS0860,2011-01-26,0,0,-4.401872921383529,0
ACC0042,2010-01-15,0,0,-21.291664079020848,0
KLM0639,2010-11-12,0,0,-20.22366249539982,0
KJS0618,2010-06-15,0,0,-4.659627518020216,0
HKI0171,2011-02-15,0,0,-4.911440589004997,0
APG0307,2011-05-12,0,0,-0.4596809819545342,0
JRL0574,2010-05-18,0,0,-1.2191903865591485,0
RDT0424,2010-09-28,0,0,-5.036153782557676,0
UAD0771,2010-10-25,0,0,-21.565354211445083,0
JJB0700,2010-06-07,0,0,-3.384029984063204,0
WKD0013,2010-01-12,0,0,-21.6038866441163,0
EHB0420,2010-08-05,0,0,-18.399128935301405,0
NJB0243,2010-06-21,0,0,-13.822371092924868,0
BKW0374,2010-05-12,0,0,-12.769667019878284,0
GJD0298,2011-05-05,0,0,-0.029480686207648432,0
AES0827,2010-12-14,0,0,-0.9964347838972571,0
ECF0828,2010-01-14,0,0,-1.3883418056542496,0
CKD0680,2010-11-16,0,0,-22.187258177667104,0
GMF0738,2010-05-21,0,0,-5.461377032374685,0
LAP0338,2010-02-20,0,0,-16.790418395986762,0
WIQ0567,2011-04-02,0,0,-24.032604453876274,0
WIF0691,2010-10-28,0,0,-20.873908792142515,0
IBP0883,2010-11-24,0,0,-19.48647899906507,0
DZC0228,2010-06-11,0,0,-10.22579892203305,0
ABN0239,2010-11-11,0,0,-5.547288356620697,0
AGB0643,2010-08-04,0,0,-19.166778040092254,0
HVB0037,2010-11-09,0,0,8.695246670565552,1
KJS0618,2010-03-10,0,0,-4.879840191566927,0
CLH0703,2011-02-23,0,0,-3.3025203270774455,0
HCL0113,2010-09-02,0,0,-12.695129714989662,0
DBG0261,2010-07-16,0,0,-19.712320239864994,0
GZC0735,2010-08-06,0,0,-6.2042857878458335,0
RBB0485,2011-02-28,0,0,-3.7333693374057475,0
AAF0791,2010-08-17,0,0,-9.864029200323102,0
KPP0452,2010-05-03,0,0,-0.029480686207648432,0
TQS0212,2010-07-30,0,0,3.40505435409068,0
EWH0191,2010-01-06,0,0,-25.27765771203258,0
VFM0814,2010-09-02,0,0,-28.978094402728743,0
KKW0879,2010-06-04,0,0,1.8344531819769827,0
KNG0672,2010-01-20,0,0,-10.46637708930757,0
HSG0818,2011-01-26,0,0,-27.819593525723008,0
ENC0234,2011-01-07,0,0,-11.338304782037767,0
MAH0149,2011-04-18,0,0,-27.18463518285671,0
KCF0045,2010-02-05,0,0,-22.09286875802252,0
AIP0394,2011-01-03,0,0,-4.439825911638877,0
ACC0042,2010-10-22,0,0,-20.3320034455744,0
SGS0268,2010-01-12,0,0,-5.886082121922186,0
CTW0500,2011-02-03,0,0,-5.043253980237864,0
JKB0126,2011-02-22,0,0,-18.909836473228324,0
CRK0916,2010-06-02,0,0,-9.114240201703751,0
CEB0210,2010-05-07,0,0,2.876171323458607,0
JMW0638,2011-03-31,0,0,-20.758145980189283,0
EIS0041,2011-03-01,0,0,-17.057460889374966,0
KJS0618,2010-08-10,0,0,-5.787688817409958,0
FKK0055,2010-03-07,0,0,-20.618213275381777,0
SDF0017,2011-04-18,0,0,-21.159167352884083,0
AAV0450,2011-04-25,0,0,-1.951465366480079,0
SLB0049,2010-10-06,0,0,-19.9056529518665,0
ZKS0899,2010-10-27,0,0,-23.272343307309598,0
JAJ0849,2010-12-18,0,0,-2.808754673424346,0
AMW0392,2010-08-28,0,0,-24.184732446936778,0
MBG0438,2010-11-29,0,0,-11.12429386406427,0
CJF0802,2010-03-18,0,0,1.295894931583348,0
TVS0006,2010-12-21,0,0,-24.047109384402006,0
NKH0979,2010-09-14,0,0,-21.706943344702154,0
LUR0896,2010-06-02,0,0,-20.016338426434118,0
IBB0359,2010-06-07,0,0,-15.779760254685584,0
COM0321,2010-05-14,0,0,-3.7080126498109394,0
UIR0043,2011-01-13,0,0,-20.535339706445484,0
BMM0112,2011-03-17,0,0,-20.291306403365866,0
ORB0473,2010-07-27,0,0,-0.029480686207648432,0
RZC0746,2010-12-22,0,0,-6.261373602362596,0
PAD0773,2011-05-11,0,0,-19.267244810459943,0
SXM0895,2010-05-26,0,0,-18.892361859914217,0
TLM0797,2010-12-14,0,0,-3.2043242478914635,0
CLS0296,2010-03-01,0,0,-1.2191903865591485,0
HVF0067,2011-04-12,0,0,-8.993507046930063,0
TEB0251,2011-01-17,0,0,-14.847564930494855,0
JCR0770,2010-05-04,0,0,-20.61638892463168,0
ARD0509,2011-03-18,0,0,-21.665051110528225,0
AKK0329,2010-09-03,0,0,-17.722415304312676,0
DFR0218,2011-05-09,0,0,-20.15660563161316,0
HLH0512,2010-10-11,0,0,-20.78053111880115,0
BRB0355,2011-03-22,0,0,-14.733853932922443,0
CKH0144,2010-03-17,0,0,-26.963303634572412,0
FWM0707,2010-08-17,0,0,-0.9964347838972571,0
JGM0934,2010-01-05,0,0,-9.842082935495796,0
CGB0637,2011-03-30,0,0,-20.511145780678362,0
COM0321,2010-09-29,0,0,-4.200779532659567,0
DTT0076,2010-10-19,0,0,-15.01180561631486,0
WKF0012,2011-03-10,0,0,-19.00179721877953,0
ECR0822,2010-10-25,0,0,-0.22543925009529175,0
JRF0835,2010-07-07,0,0,-3.9971648671184994,0
RZC0746,2010-09-02,0,0,-2.575900884316411,0
HBO0413,2010-08-26,0,1,-11.500643087712774,0
OLW0689,2011-01-27,0,0,3.6087266838366077,0
HAD0246,2010-04-10,0,0,-13.992149473016298,0
AMD0077,2010-05-04,0,0,-13.31622098049786,0
OCS0865,2010-06-10,0,0,-4.512857779873684,0
AKF0709,2010-11-24,0,0,-0.7261734935627828,0
XAA0104,2010-06-04,0,0,-23.394731110364546,0
CJP0952,2010-10-25,0,0,-3.1251112007229267,0
PIS0522,2010-05-24,0,0,-18.986528697332915,0
MIL0255,2010-05-12,0,0,-18.539914983052995,0
SOB0586,2010-05-06,0,0,-0.4596809819545342,0
TEB0251,2010-02-10,0,0,-18.48721522784217,0
RLB0719,2010-11-19,0,0,-2.3067309677462617,0
JCR0770,2010-07-27,0,0,-19.591256246888634,0
RHL0992,2010-04-15,0,1,-8.460448222994273,0
SOF0808,2010-07-02,0,0,-27.19817716648015,0
DBB0384,2010-08-17,0,0,-23.3286660744684,0
WBC0315,2011-01-07,0,0,-5.652417786977026,0
VAA0087,2010-08-26,0,0,-18.804063099691234,0
IIW0249,2010-01-28,0,0,-12.681971554661573,0
THD0448,2011-04-21,0,0,-1.404150611370028,0
CSB0080,2010-10-29,0,0,-27.22204822077333,0
TSB0437,2010-08-06,0,0,-19.88698136452581,0
TLK0993,2011-01-12,0,0,-8.848183335628164,0
AAE0190,2010-10-13,0,0,-26.065185805807232,0
CTW0500,2010-08-17,0,0,-8.893434645672528,0
AIH0675,2010-12-03,0,0,-20.05100023308205,0
TBT0461,2010-05-26,0,0,-0.7224114404158399,0
KAC0124,2010-09-24,0,0,-18.51576566655615,0
KBL0260,2010-04-27,0,0,-19.303484367984538,0
CNM0800,2010-04-05,0,0,-22.456341918292196,0
CTR0697,2010-05-18,0,0,-2.22460976006937,0
RYB0718,2010-11-04,0,0,-2.3067309677462617,0
PBP0002,2010-11-17,0,0,-27.567567580474588,0
BSS0369,2010-05-10,0,1,-18.632247357409483,0
XBN0229,2010-04-05,0,0,-21.763367381439593,0
CBG0490,2010-11-17,0,0,-6.689748069435836,0
KJW0416,2010-02-12,0,0,0.5954906294355169,0
EGD0132,2010-05-11,0,1,-4.377434490142946,0
JCR0289,2010-09-03,0,0,-0.029480686207648432,0
FKK0055,2010-07-24,0,0,-18.681936530026405,0
JDC0030,2010-09-30,0,0,-28.060682846802138,0
DAG0558,2010-12-09,0,0,-28.475310735845937,0
BLS0678,2010-06-17,0,1,-1.9166244119171552,0
BMT0528,2010-10-12,0,0,-20.748455134746223,0
MOH0273,2010-05-13,0,0,-18.549256526029808,0
ALD0529,2010-08-11,0,0,-17.855636469239244,0
ESA0642,2010-03-02,0,0,-22.102131168685446,0
CJK0200,2010-08-11,0,0,0.04316498287437298,0
AHM0410,2010-02-18,0,0,-10.108180201846835,0
FTM0406,2010-02-19,0,1,-11.824802529536441,0
TVS0050,2011-05-02,0,0,-20.26307478196952,0
LRR0148,2011-03-25,0,0,-26.110753113327064,0
FAW0032,2010-05-20,0,1,-25.266180604691613,0
NRO0768,2010-09-07,0,0,-19.162926296757064,0
ELT0769,2010-02-01,0,0,-21.14364623941958,0
CJG0470,2010-05-03,0,0,-0.4596809819545342,0
RSM0277,2010-10-01,0,0,-11.8364103840903,0
BBS0422,2010-02-09,0,0,-20.499408346835367,0
GJT0386,2010-02-08,0,0,-0.12070186481423661,0
WGS0516,2010-04-05,0,0,-14.631135209324725,0
HSD0457,2010-07-02,0,0,-2.3067309677462617,0
RNL0695,2010-06-23,0,0,-26.651883064555705,0
SGB0140,2011-05-03,0,0,-3.91300575320588,0
IHK0841,2010-08-10,0,0,-0.9964347838972571,0
RAG0275,2011-04-27,0,0,-18.736460561675585,0
NAH0503,2010-05-18,0,0,-7.454322032651021,0
SNC0187,2010-09-27,0,0,-20.979823807449407,0
MYD0978,2010-09-14,0,1,-20.417222663167536,0
MCS0035,2010-03-23,0,0,2.714450985850476,0
HGH0595,2010-07-09,0,0,-2.7687114063107856,0
RGN0408,2010-07-06,0,0,-2.0093222807894335,0
AJN0607,2011-03-04,0,0,-6.320878818559095,0
BRM0995,2011-01-28,0,0,-10.972269576686699,0
NRO0768,2010-09-16,0,0,-22.18813300358113,0
NGC0058,2010-03-22,0,0,1.73005416681724,0
OMS0101,2011-03-23,0,0,-25.309440559815698,0
SXM0895,2010-11-23,0,0,-21.397253974013893,0
ZSL0305,2010-01-22,0,0,-0.4596809819545342,0
GKO0078,2011-04-28,0,0,-12.612400928161264,0
CMM0487,2011-05-05,0,0,-6.13340347967312,0
JCR0172,2010-06-17,0,0,-5.370988682537018,0
TET0621,2010-03-04,0,0,-4.368523354460194,0
FMG0527,2010-05-17,0,1,-19.591256246888634,0
RLB0719,2010-08-24,0,0,-0.22543925009529175,0
FOB0756,2010-01-22,0,0,-19.4102549169271,0
JXH0493,2011-03-18,0,0,-8.495814123561559,0
KPP0452,2010-12-02,0,0,-1.1703446480004231,0
ECR0822,2010-05-14,0,0,-2.3067309677462617,0
TJD0996,2011-03-24,0,0,-19.988070656795344,0
LHL0309,2010-07-29,0,0,-7.137324345261732,0
MKP0861,2010-03-19,0,0,-5.202176830811595,0
NUL0471,2010-05-13,0,0,-0.7369174506420677,0
DHM0937,2010-09-14,0,0,-27.599912433838995,0
THR0873,2010-07-07,0,0,-1.1332874024374178,0
FBA0348,2011-04-28,1,1,-27.334700725792914,0
JAV0361,2010-01-22,0,0,-21.05575887583518,0
ORB0473,2010-04-13,0,0,-0.029480686207648432,0
HDJ0446,2010-05-04,0,0,-0.4596809819545342,0
HSB0196,2011-01-03,0,0,0.8838455046258105,0
HDD0806,2010-02-02,0,0,-10.976333137012944,0
SVL0803,2010-09-28,0,0,-2.494927169607081,0
HRW0550,2011-04-04,0,0,-22.033873652485227,0
HLM0933,2011-02-11,0,0,-7.640836339819884,0
ZSL0305,2011-01-10,0,0,-2.7687114063107856,0
IMG0320,2010-10-04,0,0,-5.677845514073965,0
UCS0227,2010-12-20,0,0,3.1056789699694036,0
DEB0782,2011-01-17,0,0,-22.017591307112866,0
CXC0336,2010-04-20,0,0,-20.01711666449239,0
AJC0840,2010-01-27,0,0,-3.9971648671184994,0
TLH0648,2010-05-14,0,0,-21.245069953626853,0
SCB0534,2010-11-12,0,0,-19.252855189163483,0
JKM0303,2010-08-04,0,0,-0.4596809819545342,0
GQF0659,2010-01-25,0,0,-20.77578447992687,0
KQS0415,2010-04-13,0,0,-3.218325787598019,0
WLV0566,2010-06-17,0,0,-6.531010993016594,0
VCC0396,2010-06-15,0,0,-1.251294461147495,0
BAL0044,2010-01-18,0,0,-18.219397511956686,0
KJS0618,2010-07-02,0,0,-2.9101273502423055,0
HTF0641,2010-12-01,0,0,-18.54561715012403,0
JMC0925,2011-01-26,0,0,-6.685467312426454,0
RIH0777,2011-01-11,0,0,-22.405398223773545,0
SAH0599,2011-03-15,0,0,6.760363067025423,1
GCG0951,2010-12-08,0,0,-1.0831116803301484,0
AJC0840,2010-03-05,0,0,-1.112927565131713,0
DMM0623,2010-11-25,0,0,-5.127581175945011,0
SHW0578,2010-10-08,0,0,-0.7224114404158399,0
CAN0842,2011-04-07,0,0,-2.3067309677462617,0
KJP0371,2010-07-14,0,0,-22.143183413622182,0
JPA0667,2010-09-01,0,0,-20.13872324989677,0
HLH0512,2010-11-18,0,0,-20.412769216833453,0
HPM0986,2010-12-29,0,0,-18.894034032899754,0
AMV0036,2011-02-21,0,0,2.9865171224588494,0
CCW0524,2011-03-17,0,0,-21.232575671854647,0
DLF0377,2010-09-20,0,0,-1.0479011698972727,0
OCS0865,2010-12-09,0,0,-1.8130073410142131,0
HSB0196,2010-08-24,0,0,1.6817567044765838,0
HFB0347,2010-01-12,0,0,-21.706678706437515,0
LLV0602,2010-03-03,0,0,-7.800522776232924,0
BDB0453,2010-11-11,0,0,-3.2842603100619954,0
PNH0761,2011-03-07,0,0,-21.56006893740266,0
FRB0023,2011-03-14,0,0,-20.325570492891075,0
SHR0334,2010-03-05,0,0,-18.0594908339051,0
SNC0187,2011-02-28,0,0,-18.335298379303254,0
BMG0917,2011-02-08,0,0,-9.167705427572855,0
CJV0286,2010-08-25,0,0,-19.900377560808693,0
EFS0882,2011-02-14,0,0,-18.428991344851966,0
BHW0458,2010-05-13,0,0,-0.7369174506420677,0
UAD0771,2010-02-03,0,0,-19.52307792700003,0
JTS0389,2010-08-13,0,0,-22.632091912380133,0
JJH0292,2010-06-03,0,0,-3.3476586294807475,0
MVB0515,2010-07-15,0,0,-17.870916248755634,0
LMF0980,2010-04-29,0,0,-21.1692752854741,0
SBN0866,2011-04-01,0,0,-3.8314377613436363,0
KJA0152,2010-02-24,0,0,-26.312738274720573,0
VCC0396,2011-03-17,0,0,-4.444429687577667,0
SSJ0784,2010-04-08,0,0,-21.436374009158044,0
DID0650,2011-03-23,0,0,-21.093473020204556,0
CAM0681,2010-08-04,0,0,-20.543869956999856,0
ATF0274,2010-10-21,0,0,-22.186827068418552,0
PDW0259,2010-03-11,0,0,-19.081833452892738,0
MAH0864,2010-06-16,0,0,-5.06104505500798,0
NGO0690,2011-03-21,0,0,-9.229298860234053,0
VIA0063,2010-10-07,0,0,-22.472522044705215,0
HXL0968,2010-05-20,0,1,-2.8922147249816135,0
MPM0220,2010-01-27,0,1,-20.23391211032822,0
SVL0940,2010-11-19,0,0,-10.089295677279665,0
KBL0260,2011-02-11,0,0,-20.83373396167076,0
KPR0497,2010-05-24,0,0,-6.497375361838067,0
KMS0657,2010-07-20,0,0,-18.310918872798766,0
JMC0925,2010-06-29,0,0,-8.987835328647066,0
JCR0921,2010-04-20,0,0,-11.712401860192358,0
SJF0094,2011-02-18,0,0,-12.941320045329235,0
FXF0957,2010-11-29,0,0,-1.2591644484622293,0
YDN0198,2010-01-04,0,0,-27.395689278410146,0
MSZ0310,2011-03-11,0,0,-4.045810510772753,0
CEB0210,2010-09-22,0,0,3.4088792548370748,0
AIP0394,2010-04-06,0,0,-5.907185847995038,0
SAB0781,2011-01-27,0,0,-22.334221253224314,0
DAG0558,2010-03-02,0,0,-29.280491747029714,0
JCV0245,2011-02-03,0,0,-17.566621920811144,0
IYB0918,2010-06-30,0,0,-22.079735564559996,0
CWB0065,2010-11-19,0,0,-24.945252504452583,0
KCS0173,2010-11-05,0,0,-6.338271701631243,0
RLG0856,2010-05-14,0,0,-6.396037148014216,0
CJM0521,2011-05-04,0,0,-19.7744047319394,0
MGS0974,2010-03-03,0,0,-20.014329967787376,0
USH0199,2011-05-04,0,0,-19.639142565552902,0
ZDW0859,2010-01-26,0,0,-3.9255102775468913,0
MOS0047,2010-02-18,0,1,-18.722849690562953,0
BER0314,2011-05-11,0,0,-4.13768801594756,0
MBG0438,2010-10-05,0,0,-11.327691647908978,0
QNF0205,2010-02-23,0,0,-5.429991994442275,0
CRP0456,2011-02-24,0,0,-3.451653225405721,0
MSH0040,2010-07-06,0,0,-20.311737979792156,0
BMT0528,2010-06-21,0,0,-19.32756642042034,0
MLL0598,2010-05-20,0,0,-3.8579330120483064,0
ASS0206,2010-07-23,0,0,3.2452957898549357,0
ALD0529,2010-08-31,0,0,-20.949793518241222,0
NWT0098,2010-04-28,0,1,-20.341098092615198,0
ASM0575,2010-03-09,0,0,6.760363067025423,1
GNS0178,2010-11-01,0,0,-18.652344420727218,0
MLG0475,2011-02-21,0,0,-2.3067309677462617,0
AJR0932,2010-04-22,0,1,-28.369453484813675,0
ASD0577,2010-10-07,0,0,-0.4596809819545342,0
NJB0243,2010-03-22,0,0,-17.372401785957436,0
RCP0785,2011-04-18,0,0,-21.498202546886546,0
ADC0391,2010-03-19,0,0,-6.102066375539607,0
RJM0381,2011-05-03,0,0,-22.109988207523315,0
EJW0884,2010-06-09,0,0,-21.161350051355612,0
NCO0666,2010-02-22,0,0,-23.808577797778298,0
CMM0487,2011-01-07,0,0,-7.034129293967453,0
BMC0547,2010-05-20,0,0,-11.246443432966771,0
EHB0420,2010-04-13,0,0,-18.38627815357779,0
UBF0645,2010-12-03,0,0,-19.309619787597853,0
RNF0765,2010-11-30,0,0,-19.01535304050435,0
LQC0479,2010-01-25,0,1,-6.976837312665339,0
MNS0224,2010-04-26,0,0,-21.803900342013776,0
ASD0577,2010-10-15,0,0,-0.7224114404158399,0
LOF0311,2010-01-15,0,0,-5.101293916378381,0
SHW0578,2010-04-22,0,0,-1.951465366480079,0
SAH0599,2010-11-24,0,0,-3.6442671602233077,0
ILC0838,2011-05-16,0,0,-0.22543925009529175,0
TDJ0998,2010-01-06,0,0,-18.056757039293757,0
TSM0363,2010-02-05,0,0,-22.880761786779885,0
NAH0503,2011-04-27,0,0,-5.698536627311455,0
DKB0631,2010-11-05,0,0,-20.96119591284355,0
NJB0243,2010-02-22,0,0,-14.498096141075393,0
JSH0330,2010-07-15,0,0,-18.510574738029504,0
SAB0781,2010-08-18,0,0,-18.08955160717983,0
DTP0379,2010-05-03,0,0,-10.14214303276458,0
KBS0874,2011-04-18,0,0,-5.229476070216265,0
XHG0902,2010-12-29,0,0,-21.232575671854647,0
JNJ0556,2010-06-04,0,0,-23.529652051349558,0
LRR0148,2011-01-11,0,0,-19.899682498542916,0
SAB0781,2011-01-12,0,0,-19.48909448140705,0
ASB0796,2010-11-24,0,0,-5.6003637111911075,0
DLS0383,2011-04-13,0,0,-22.23060742466828,0
MKG0711,2011-03-09,0,0,-0.3858800300046141,0
VIA0063,2010-06-02,0,0,-24.558020939167818,0
WDO0870,2010-12-13,0,0,-7.1947979764104275,0
DPM0423,2010-01-08,0,0,-22.395621941750164,0
GQF0659,2010-09-22,0,0,-19.045060550025937,0
TRK0914,2010-07-23,0,0,1.7326881912175622,0
EZT0640,2010-08-02,0,0,-21.23202196354896,0
SBK0161,2010-03-03,0,0,-18.47278206648832,0
TUC0632,2010-07-08,0,0,-21.79251831456577,0
SOF0808,2010-07-07,0,0,-30.01231394160891,0
AOB0019,2011-04-13,0,0,-19.877848353499417,0
PNH0761,2010-09-27,0,0,-17.69449166567381,0
YDN0198,2010-10-15,0,0,-27.683855620110307,0
WVB0539,2010-03-03,0,0,-24.762995288359775,0
KBP0008,2010-02-17,0,0,-23.56405563466069,0
BER0314,2010-03-11,0,0,-2.832049271552364,0
CCM0855,2011-02-10,0,0,-5.88284197680764,0
BIH0745,2010-07-02,0,1,4.1722525903264795,0
ILC0838,2010-07-30,0,0,-3.993311269040987,0
JKF0465,2010-10-17,0,0,-2.3116783284756366,0
JJB0127,2010-02-23,0,0,-18.455532418295434,0
TSG0906,2010-05-07,0,0,-17.49461702344479,0
AIH0675,2010-11-05,0,0,-21.403990224704216,0
DKB0631,2010-10-14,0,0,-19.045060550025937,0
HAH0248,2010-02-01,0,0,-17.43440969826179,0
GCC0945,2010-12-02,0,0,-1.0498541092994174,0
AAL0706,2010-03-19,0,0,-0.3858800300046141,0
WAB0143,2010-07-07,0,0,-22.0357564788045,0
WDV0573,2010-01-13,0,0,5.179611317383092,0
MKP0861,2010-09-30,0,0,-6.242802299328332,0
RRA0938,2011-04-26,0,0,-7.319517977136115,0
FOB0756,2011-04-06,0,0,-21.791207750426224,0
RDM0150,2010-09-15,0,0,-0.8040268913358659,0
TSM0363,2010-12-20,0,0,-21.318966184125657,0
SAC0687,2010-03-04,0,0,-27.198940925189845,0
DKB0631,2010-03-19,0,0,-19.338968605388118,0
CCW0031,2010-01-26,0,0,-25.254654487261746,0
WVB0539,2010-07-21,0,0,-25.495661087661915,0
HWW0436,2010-06-04,0,0,-5.208581950569851,0
ZSK0258,2011-04-11,0,0,-19.25173100907557,0
SLT0907,2010-04-12,0,0,-21.30001129515665,0
MHG0244,2010-03-11,0,0,-18.66287258625175,0
RGN0408,2010-01-11,0,0,-6.286680861118839,0
JDB0169,2011-04-20,0,0,2.531483330945889,0
EWH0191,2011-05-09,0,0,-25.41415902674828,0
UCS0227,2010-09-03,0,0,1.52990431155456,0
FKK0055,2010-06-16,0,0,-21.15309151452857,0
PMV0850,2010-08-12,0,0,-1.9823144290600112,0
DSB0731,2010-10-08,0,0,-8.139447550613795,0
CKB0427,2010-08-03,0,0,-10.077884622087481,0
ARA0252,2010-03-04,0,0,-18.426662858088093,0
TSM0363,2010-03-12,0,0,-20.704171589520683,0
JAJ0849,2010-01-16,0,0,-1.389664325783997,0
JER0404,2010-09-29,0,0,-5.74924848185799,0
AAL0706,2010-12-07,0,0,-1.0498541092994174,0
SAA0999,2010-06-15,0,0,-15.52278848257447,0
WPR0368,2010-10-29,0,0,-21.561148311744546,0
NMF0780,2011-01-19,0,0,-18.969028291131394,0
SVL0940,2010-11-29,0,0,-5.9495705750392744,0
PDH0716,2010-07-15,0,0,0.9474184938150074,0
ZDW0859,2010-06-02,0,0,-4.466944537271729,0
CUD0795,2011-03-03,0,0,-11.602554378884975,0
OSH0655,2010-12-29,0,0,-21.41952926747979,0
LRW0970,2011-04-08,0,0,-1.4904878636043577,0
NDM0417,2010-09-20,0,0,-23.21844570799044,0
QSV0778,2010-07-21,0,0,-19.7744047319394,0
MLD0755,2011-01-18,0,0,-4.652110355915966,0
EIS0041,2011-01-24,0,0,-16.227299103579867,0
HOB0994,2011-01-11,0,0,-10.924004385141075,0
CCM0467,2010-03-12,0,0,-1.4904878636043577,0
QNF0205,2010-01-15,0,0,-3.924416097307926,0
IAR0694,2010-07-13,0,0,-26.570672233044775,0
JDB0169,2010-07-06,0,0,-1.5205912387018543,0
KWE0082,2011-03-31,0,0,-9.945974314150362,0
RGN0408,2010-01-29,0,0,-4.610611327809124,0
IDO0176,2010-12-10,0,0,-4.043158320804537,0
AVM0947,2011-05-02,0,0,-6.545250461025262,0
AHD0848,2010-10-29,0,0,-4.6159309137965465,0
CSP0197,2010-10-04,0,0,-0.9506710539569667,0
MGS0974,2010-05-03,0,0,-20.315714177720565,0
SAK0375,2010-11-15,0,0,-21.681025277778417,0
EDB0714,2010-06-21,0,1,-3.4630955381104513,0
LAP0338,2010-02-16,0,0,-20.952644632730767,0
JMK0099,2010-07-26,0,0,-12.212111581729914,0
MKS0204,2010-10-19,0,0,-2.4042890145429965,0
YEV0793,2010-07-15,0,0,-22.260394744886867,0
GQP0743,2011-05-05,0,0,-4.558445705591112,0
AMH0464,2010-11-23,0,0,-0.3858800300046141,0
EPW0434,2010-11-18,0,0,-11.420364505077941,0
FQA0854,2010-04-09,0,0,-6.7116364880007495,0
LJT0817,2010-06-07,0,0,-19.63474729112022,0
ERH0449,2010-11-03,0,0,-0.029480686207648432,0
KPP0452,2010-04-22,0,0,-0.9603885267399619,0
CAM0102,2011-02-01,0,0,-26.440840575217408,0
DCH0843,2010-08-05,0,1,-3.9971648671184994,0
AMR0400,2010-09-02,0,0,-8.20781926195707,0
ZFM0468,2010-07-26,0,0,-0.4596809819545342,0
MES0407,2010-07-15,0,0,-6.556166163779267,0
HAM0985,2010-08-06,0,0,-22.340039719073275,0
WDD0366,2010-05-26,0,1,-22.374655971958305,0
UCH0519,2010-04-08,0,0,-21.741885558658282,0
HTF0641,2010-06-07,0,0,-18.389787199061857,0
IYB0918,2010-01-11,0,0,-22.276796104678965,0
OLW0689,2010-06-21,0,0,-2.1621889797668246,0
YDN0198,2010-07-20,0,0,-28.093281403283868,0
PIS0522,2011-04-25,0,0,-21.42631668050285,0
CKD0680,2010-12-21,0,0,-21.813842230067166,0
APG0307,2010-10-13,0,0,-0.029480686207648432,0
DKB0631,2010-12-21,0,0,-18.48721488163278,0
EIP0997,2011-03-14,0,0,-19.175378164089466,0
RVC0232,2011-03-21,0,0,-0.8900187837592739,0
ELB0847,2011-01-12,0,0,-0.3858800300046141,0
MSH0040,2010-03-11,0,0,-21.223727775537895,0
RNL0695,2010-11-22,0,0,-25.90421227815125,0
CUD0795,2010-07-01,0,0,-9.759832756260607,0
EZH0736,2010-12-01,0,0,-5.449330249610057,0
PGC0066,2010-01-21,0,0,-26.536433892113337,0
AIH0675,2011-01-06,0,0,-23.9472663790483,0
EIP0997,2010-06-28,0,0,-17.76446176020272,0
WXH0872,2010-09-27,0,0,-2.7955102432672447,0
GDF0704,2010-02-10,0,0,-1.5794869891409462,0
TDS0984,2010-07-15,0,0,-21.72696851654473,0
LOF0311,2010-10-26,0,0,-5.953851584863514,0
LBF0214,2010-07-15,0,0,-2.2700910813375685,0
LAP0338,2011-03-02,0,0,-19.226613609187552,0
HGG0240,2010-02-04,0,0,-27.721169079158585,0
PNH0761,2010-08-02,0,0,-20.904534035495317,0
ANT0430,2010-05-11,0,0,-9.909142427400184,0
PNH0761,2010-01-13,0,0,-19.08179122344916,0
IBM0671,2010-10-19,0,0,-10.007022461751717,0
RVF0201,2010-08-16,0,0,-21.69943395794553,0
CMW0783,2010-04-16,0,0,-21.387727140010725,0
DIW0118,2011-01-11,0,0,-21.687236711897413,0
JDC0030,2010-12-09,0,0,-22.62387784877717,0
BIH0745,2010-07-23,0,1,-6.757720144717382,0
RUM0880,2010-10-27,0,0,2.933315238766454,0
CIG0052,2010-09-03,0,0,-25.61143034403574,0
FAW0032,2011-03-03,0,1,-25.444610848357797,0
UCH0519,2010-05-05,0,0,-17.7238790481656,0
FEB0306,2010-10-26,0,0,-0.692388082700063,0
EMW0772,2010-01-21,0,0,-20.43780331921505,0
MHA0798,2010-09-23,0,0,-4.757486801344612,0
BJP0134,2011-03-30,0,0,-5.739827557698732,0
RAH0440,2011-04-13,0,0,-20.88340169954563,0
EPW0434,2010-08-31,0,0,-12.702827047367919,0
SGB0140,2011-03-04,0,0,-1.23947277238085,0
KCO0122,2011-02-14,0,0,-8.917554463319675,0
CIG0052,2010-09-08,0,0,-26.671819274323752,0
ACC0042,2011-04-06,0,0,-22.320770698345427,0
CAA0612,2010-07-16,0,0,-9.197881577655721,0
DMK0257,2011-01-20,0,0,-12.556585861056305,0
SMH0291,2010-04-15,0,0,-1.3361854307088379,0
THD0448,2010-07-07,0,0,-0.4596809819545342,0
KES0729,2010-02-16,0,0,-9.378317934825873,0
HAH0248,2010-10-15,0,0,-16.584080623365026,0
EMS0317,2010-04-12,0,0,-3.8108703200430227,0
JRL0574,2010-04-09,0,0,-0.7224114404158399,0
BTL0722,2010-08-03,0,0,-0.3858800300046141,0
BJP0134,2010-04-30,0,0,-4.805841124456833,0
CMM0487,2010-08-02,0,0,-7.2040202035325365,0
WIF0691,2010-06-15,0,0,-21.446264397194227,0
RMS0266,2010-05-04,0,0,-8.937110285587778,0
CAA0612,2010-06-03,0,0,-6.978236969490695,0
NMG0766,2010-09-08,0,0,-18.892361859914217,0
DCC0160,2010-04-14,0,0,-18.79085244458372,0
DBG0261,2010-04-14,0,0,-17.7958872959789,0
ELT0769,2011-03-31,0,0,-18.892361859914217,0
HBO0413,2010-12-08,0,1,-7.4261329231133,0
TSM0363,2011-03-01,0,0,-21.539714543616014,0
PTH0830,2010-08-27,0,0,-0.7064905313396821,0
WDO0870,2011-02-08,0,0,-4.941333797009634,0
PTH0830,2010-11-16,0,0,-0.9964347838972571,0
SMY0792,2010-05-07,0,0,-0.4510753930771898,0
ASL0378,2010-09-13,0,0,-23.300173865909414,0
TTD1000,2010-12-14,0,0,-17.18030519347485,0
KBB0189,2010-08-03,0,0,-26.935953459924804,0
SOB0586,2010-12-30,0,0,-0.029480686207648432,0
IJM0444,2010-04-06,0,0,-8.976589190301183,0
HJA0018,2010-03-24,0,0,-21.051400959727857,0
RSC0089,2010-05-21,0,0,-11.890054036912943,0
DVM0265,2010-05-26,0,0,-10.237251419415202,0
POB0343,2011-01-19,0,0,-20.50017477392953,0
VTT0385,2010-12-30,0,0,-22.949093981938518,0
JMK0099,2011-02-04,0,0,-7.490099039936467,0
CMB0912,2011-03-15,0,0,-26.14902113296887,0
OYM0026,2011-01-10,0,0,-6.3968357093027635,0
ALH0402,2010-06-17,0,0,-6.468432539894252,0
LRR0148,2010-06-18,0,0,-23.605820176805537,0
AJF0370,2010-04-07,0,0,-17.720966533970795,0
VSS0154,2010-09-22,1,1,-29.3424906681488,0
GQP0743,2010-02-09,0,0,-6.558602383012044,0
OKC0107,2011-02-02,0,0,-12.88874570983296,0
LQC0479,2010-07-29,0,1,-6.3996869266896965,0
SVS0871,2010-07-15,0,0,-6.015587040496712,0
EMB0531,2010-09-30,0,0,-22.019240559050672,0
CJP0952,2010-11-10,0,0,-1.6270987266143493,0
CCH0182,2010-09-17,0,0,-20.460773423624005,0
EMB0531,2010-12-01,0,0,-20.74826392332193,0
EGD0409,2010-06-21,0,0,-18.132789587991624,0
CJF0802,2010-10-18,0,0,0.18650605238565277,0
MMG0943,2010-05-28,0,0,-5.675954949455672,0
HLM0933,2010-03-17,0,0,-8.059633046217186,0
LDG0459,2010-06-08,0,0,-1.9297300539783464,0
BJH0354,2011-04-05,0,0,-27.226066341342175,0
USH0199,2010-08-26,0,0,-21.85775737444135,0
CCM0855,2010-02-25,0,0,-5.050274644780529,0
IIL0513,2011-04-18,0,0,-20.563836585731224,0
EJW0884,2010-03-12,0,0,-19.591256246888634,0
CCH0685,2010-12-02,0,0,-26.07066003122725,0
EMW0772,2010-01-28,0,0,-18.626485887780177,0
ARA0252,2010-02-18,0,0,-18.39381522657527,0
JPW0741,2010-07-09,0,0,-5.832345651865921,0
CEJ0109,2011-01-26,0,1,-13.256498067153188,0
MKL0941,2010-12-28,0,0,-8.233395672129404,0
HJB0742,2010-11-29,0,1,-4.471700975914359,0
YIC0195,2010-04-19,0,0,0.5176395542689534,0
DKB0631,2010-05-04,0,0,-22.299852638843504,0
ESH0135,2011-04-25,0,0,-0.4596809819545342,0
OLF0504,2011-01-07,0,0,-7.277471980353084,0
ILH0958,2010-09-17,0,0,-4.231689164684781,0
TSM0927,2011-01-18,0,0,-21.688639522579365,0
BJP0134,2010-07-27,0,0,-6.995623509891175,0
HAH0760,2010-12-29,0,0,-20.53435602515424,0
ELB0847,2010-06-08,0,0,-1.3883418056542496,0
MHA0798,2010-10-14,0,0,0.37846100896149437,0
VEB0935,2010-05-06,0,0,-27.184739712578562,0
BMG0917,2010-02-10,0,0,-9.867411345509595,0
EIS0041,2010-08-06,0,0,-16.088010908199863,0
ZDW0859,2011-01-05,0,0,-5.685614372069153,0
ASS0206,2011-03-23,0,0,1.7424397919023704,0
MDM0625,2011-04-04,0,0,-2.183363220171941,0
VSS0154,2010-08-02,0,1,-27.777423132720855,0
TLH0648,2010-02-02,0,0,-19.58243524641307,0
SSS0345,2010-10-07,0,0,-15.766284288894326,0
JMB0308,2010-07-07,0,1,-3.4303571206272636,0
NMF0780,2010-07-09,0,0,-18.969028291131394,0
IAR0694,2010-02-25,0,0,-25.15230114640258,0
FLM0213,2010-10-06,0,0,3.52517051414236,0
BTW0005,2010-12-21,0,0,-23.21885260817271,0
HJB0742,2010-08-19,0,1,-7.003768892597691,0
LNR0656,2010-06-17,0,0,-20.905739119838245,0
MES0407,2011-04-21,0,0,-11.477953686676983,0
GCC0744,2010-12-17,0,0,-9.13531691226467,0
AGB0186,2010-05-28,0,0,-19.69328658777306,0
JMD0520,2010-04-01,0,0,-18.88906299877158,0
CFW0264,2010-03-25,0,0,-9.588658882705658,0
HAC0282,2010-08-20,0,0,-15.924798091456637,0
KWC0004,2010-06-02,0,0,-24.72101375487125,0
RNL0695,2010-02-15,0,0,-25.449690428548024,0
OCB0805,2010-04-28,0,0,-2.7306257393164515,0
LHL0309,2010-05-10,0,0,-4.711487872236262,0
CMS0454,2010-03-25,0,0,-3.2683919445329366,0
ZSL0305,2011-01-20,0,0,-1.2191903865591485,0
RZC0746,2011-01-18,0,0,-7.398257003034928,0
HTH0007,2010-09-29,0,0,-22.784290494404217,0
EIM0156,2010-06-23,0,0,-20.693852358919003,0
OYM0026,2010-10-01,0,0,-6.716887163442038,0
JRS0362,2010-02-16,0,0,-22.412472808912867,0
AIM0627,2010-05-03,0,0,-6.3508222461179,0
ALC0788,2010-04-09,0,0,-2.435338169101783,0
IJM0776,2010-08-25,0,1,-18.80204650916778,0
LDG0459,2010-03-08,0,0,-0.4596809819545342,0
KBG0549,2010-01-05,0,0,-23.77920711682998,0
CKB0482,2011-01-19,0,0,-4.968908596404617,0
CQW0652,2010-02-24,0,1,-18.746935361081455,0
BAL0044,2010-05-10,0,0,-15.483790539793176,0
MDH0686,2010-03-28,0,0,-3.861387734195432,0
CKD0680,2010-09-28,0,0,-22.227282710243117,0
FLM0213,2010-06-04,0,0,7.252363278433677,1
AKK0329,2011-04-12,0,0,-18.68981131983014,0
CKP0721,2011-03-07,0,0,-0.3858800300046141,0
HVB0037,2010-02-26,0,0,4.338579103537995,0
LBC0356,2010-06-21,0,0,-20.946017112632376,0
CJK0200,2010-08-27,0,0,0.11522321456106965,0
RGG0064,2010-01-21,0,1,-6.576892110287758,0
IHK0841,2011-01-13,0,0,-0.3858800300046141,0
IAT0263,2010-07-01,0,0,-9.650398299680546,0
BLB0114,2011-03-31,0,0,-18.383743796523504,0
MDH0686,2011-01-26,0,0,-9.197437307557607,0
GTD0898,2010-11-01,0,0,-17.7238790481656,0
MCF0600,2010-09-22,1,1,-2.918943831308752,0
CJK0200,2010-08-06,0,0,-1.3109425553153642,0
LRR0148,2010-09-30,0,0,-22.468625274337,0
BRS0734,2010-05-08,0,0,3.8401641666007436,0
DBS0235,2010-10-27,0,0,-21.27101025531772,0
BBS0422,2010-01-27,0,0,-15.516638465733763,0
HLH0512,2011-03-26,0,0,-20.593520105417383,0
EMB0531,2011-02-08,0,0,-19.900377560808693,0
CCM0136,2010-06-17,0,0,-2.859977556439503,0
NDM0417,2010-09-29,0,0,-19.188347277831554,0
MCT0720,2010-10-27,0,0,-0.22543925009529175,0
FGW0853,2010-03-16,0,0,-3.452079368613454,0
AJH0175,2010-03-29,0,0,-1.9142255185233807,0
TDG0962,2010-04-21,0,0,-2.852912003046754,0
NSS0876,2010-07-29,0,0,-6.193497605809739,0
SBK0161,2010-01-25,0,0,-17.90348154920207,0
RVC0232,2011-01-21,0,0,-1.6523894086776636,0
LOM0086,2010-02-11,0,0,-12.777534062758377,0
FLM0213,2010-07-06,0,0,2.975532008488358,0
ABC0174,2010-11-03,1,1,-5.45489652248807,0
RHO0732,2011-03-09,0,0,-4.841902331132474,0
CWB0065,2010-08-25,0,0,-24.851225743985538,0
TUC0632,2011-02-08,0,0,-20.52610071667607,0
HPR0585,2010-03-29,0,0,-1.3361854307088379,0
GNZ0953,2010-12-27,0,0,-1.765124657373235,0
CTA0020,2010-03-16,0,0,-21.338617861425746,0
MJS0890,2010-05-25,0,0,-18.660416223945504,0
MPT0376,2010-02-24,0,0,-1.3677388394299896,0
QJR0688,2010-02-02,0,0,-27.032290618426032,0
SAT0194,2011-03-03,0,0,0.4752719314326441,0
SSJ0784,2010-04-07,0,0,-18.958950842231047,0
OCB0805,2010-11-01,0,0,-1.335836680610555,0
THD0448,2011-02-25,0,0,-0.4596809819545342,0
UBF0645,2010-11-17,0,0,-21.923345095148534,0
AKR0057,2010-11-29,1,1,-24.982768540900906,0
KJM0887,2011-01-17,0,0,-20.78053111880115,0
CGB0637,2011-01-07,0,0,-16.85544206313739,0
HCM0267,2010-09-15,0,0,-4.031557335825255,0
ABH0663,2011-02-21,0,0,-2.4583960387764137,0
LFS0071,2010-10-01,0,0,-11.703703976813472,0
ILJ0526,2011-04-21,0,0,-15.008155511941368,0
UBF0645,2010-02-03,0,0,-20.52563808616219,0
ACC0042,2010-02-04,0,0,-20.649436580829274,0
HTF0641,2010-12-29,0,0,-20.731225115902703,0
ZJS0269,2010-03-11,0,0,-21.156012572060263,0
CHM0821,2011-04-14,0,0,-0.9431118171253274,0
JPA0667,2010-03-09,0,0,-22.516591709381487,0
MMB0488,2010-06-28,0,0,-4.796330125940926,0
WSR0241,2010-12-10,0,0,-28.557953917325563,0
DGW0752,2010-12-02,0,0,-5.725055035966761,0
WBC0315,2011-04-27,0,0,-4.112803985588926,0
CRP0456,2010-10-21,0,0,-1.6680305294240725,0
BJM0111,2011-03-22,0,0,-23.341652134341984,0
JKB0126,2010-08-27,0,0,-18.372860591468907,0
CCR0863,2010-04-06,0,0,-4.2796875834211505,0
AOK0844,2010-04-30,0,0,-1.5155236016978506,0
SOG0411,2010-12-15,0,0,-1.5987269966735767,0
RTO0313,2010-01-26,0,0,-6.8291187128647834,0
FRB0023,2010-05-14,0,0,-20.93771386291462,0
ANT0430,2010-09-08,0,0,-11.909764434621138,0
HWM0342,2010-04-15,0,0,-16.6315579948174,0
EZH0736,2010-01-06,0,0,-5.010896872534204,0
VSS0154,2010-03-08,0,1,-28.768577068536047,0
JAD0609,2010-03-19,0,0,-7.534383144846629,0
GAF0060,2010-03-30,0,0,-0.926724914983879,0
HCC0344,2011-03-11,0,0,-20.16325966894351,0
GCS0518,2011-01-19,0,0,-19.88698136452581,0
FSB0399,2010-09-15,0,0,-6.734053036997807,0
CAB0388,2010-10-25,0,0,-22.455915257500237,0
ASM0575,2010-08-10,0,0,-0.692388082700063,0
HDD0806,2010-04-28,0,0,-5.996674928179459,0
SBH0537,2011-03-31,0,0,-26.769694274974768,0
SGG0787,2011-05-04,0,0,-25.217431604873013,0
MVH0373,2010-03-10,0,0,-22.88533048078864,0
SBN0971,2011-04-23,0,0,-0.8131366420680024,0
WIQ0567,2010-11-22,0,0,-28.44028941368299,0
RDM0150,2010-03-18,0,0,-7.228459423913591e-05,0
DMM0623,2010-09-14,0,0,-4.236339167351957,0
FWM0707,2011-01-31,0,0,-3.7022810571497757,0
MDM0625,2010-01-20,0,0,-4.503465467728574,0
IUY0279,2010-04-16,0,0,-10.548364144347943,0
TET0621,2010-08-17,0,0,-6.820708968356939,0
SDB0106,2010-09-22,0,0,-13.849227017048179,0
JIM0095,2010-03-31,0,0,-26.953747162062996,0
RDM0150,2010-02-18,0,0,0.1994086833997244,0
ANP0555,2011-04-11,0,0,-1.763192706320865,0
HDD0806,2010-05-31,0,0,-6.458664147490822,0
CCW0031,2011-03-22,0,0,-26.078408022782014,0
BBS0039,2010-04-22,0,1,-20.989115221058455,0
KNB0022,2010-07-06,0,0,-19.333047633384695,0
MSO0222,2010-01-04,0,1,-22.00465332588351,0
DID0650,2011-02-04,0,0,-20.501713681202318,0
QSV0778,2010-12-17,0,0,-20.78053111880115,0
YIC0195,2010-07-19,0,0,-0.6528381961718424,0
KKC0683,2010-01-06,0,0,-5.604088796457859,0
NJC0705,2011-05-04,0,0,-1.1703446480004231,0
EIM0156,2010-08-02,0,0,-21.645073259114838,0
DIB0285,2010-04-08,0,1,-12.256849670280872,0
MAE0331,2010-09-29,0,0,-20.07967121761044,0
AAV0450,2010-10-14,0,0,-0.9964347838972571,0
MIM0712,2010-07-07,0,0,-2.3067309677462617,0
MYD0978,2010-02-12,0,1,-19.72924954301743,0
LRR0148,2010-12-06,0,0,-24.766920212845207,0
RZC0746,2010-11-14,0,0,-5.16061321683992,0
GCS0571,2011-01-17,0,0,-0.029480686207648432,0
DCH0843,2010-08-19,0,1,-1.760974043643614,0
SAC0687,2010-06-18,0,0,-26.20300579357945,0
POB0343,2010-07-12,0,0,-20.188918187305376,0
BQS0525,2010-02-12,0,0,-22.31885650304025,0
MJS0890,2010-11-03,0,0,-21.68843689264645,0
FFC0891,2010-01-28,0,0,-14.947572985437091,0
RNF0765,2010-05-27,0,0,-19.591256246888634,0
LTS0860,2011-04-14,0,0,-5.488309305132702,0
YJV0699,2011-04-21,0,0,-0.3858800300046141,0
BTS0011,2010-12-21,0,0,-19.578122640403762,0
MFV0897,2010-01-04,0,0,-21.440585778851982,0
DSM0591,2011-03-18,0,0,-0.4596809819545342,0
JKM0303,2010-06-09,0,0,-0.7224114404158399,0
NGC0058,2010-02-24,0,0,2.3559440693721854,0
JRL0574,2010-12-10,0,0,-2.2832896928276796,0
NHE0919,2010-08-18,0,0,-21.17668293001293,0
KBP0008,2011-01-25,0,0,-23.900425246075883,0
IMP0530,2010-06-21,0,0,-22.300056690424185,0
KJM0887,2011-01-13,0,0,-19.89424875335328,0
MKL0941,2010-09-28,0,0,-11.773449359118558,0
IHK0841,2011-02-18,0,0,-1.2591644484622293,0
HDL0748,2010-02-03,0,0,-5.348521015438109,0
BJW0619,2011-03-29,0,0,-3.682961554544022,0
ZSB0649,2010-10-26,0,0,-19.894673940187545,0
NAR0981,2010-04-14,0,0,-24.73538491483123,0
IUY0279,2010-06-15,0,0,-12.425654706894761,0
VCC0396,2011-02-28,0,0,-0.6466568005320141,0
HCW0419,2010-01-15,0,0,-21.925395173565676,0
CSL0949,2010-10-06,0,0,-1.0498541092994174,0
KAL0395,2010-05-14,0,0,-24.253365371576137,0
JPW0741,2010-08-18,0,0,-6.354351683375739,0
ROB0272,2010-12-22,0,0,-8.206502886293379,0
EMW0105,2011-02-22,0,0,-27.65494671072895,0
PMV0850,2010-06-29,0,0,-4.530587242008096,0
AJR0319,2010-09-22,0,0,-4.773298608489995,0
RGG0064,2010-01-04,0,1,-6.8852526654085295,0
WAS0254,2010-08-20,0,0,-19.14107344617389,0
RRA0938,2010-08-18,0,0,-6.538470738550359,0
MYD0978,2010-09-01,0,1,-20.871802368288286,0
EHB0420,2010-09-11,0,0,-17.299927133764186,0
AJR0319,2010-03-22,0,0,-4.03417133479536,0
RNP0211,2010-03-16,0,0,5.081983802029981,0
IMP0530,2010-02-11,0,0,-22.405398223773545,0
AJL0462,2010-06-11,0,0,-3.3529942043173833,0
HCL0113,2010-12-06,0,0,-6.207906677328992,0
DCH0843,2010-03-01,0,1,-0.22543925009529175,0
BNG0237,2011-01-13,0,0,-5.058968797592797,0
ECL0930,2011-01-04,0,0,-27.532303879529763,0
DDM0579,2010-09-28,0,0,-0.4596809819545342,0
IUB0565,2010-05-27,0,1,-3.6420739605265453,0
LJB0826,2010-08-09,0,0,-0.22543925009529175,0
IAR0694,2011-02-28,0,0,-26.134708640139934,0
MHG0733,2010-08-11,0,0,-6.821407920417755,0
XHW0498,2010-01-21,0,1,-7.367612731865734,0
PID0426,2010-12-09,0,0,-14.93893807599909,0
OSH0655,2010-02-17,0,0,-22.26379800200766,0
HMW0713,2010-07-23,0,0,-0.7369174506420677,0
TET0621,2011-04-01,0,0,-7.549050993412493,0
OCS0865,2010-11-17,0,0,-8.527424254308698,0
WNB0908,2010-04-29,0,0,-20.864226899001437,0
CUD0795,2010-04-19,0,0,-11.266114092965722,0
KBP0008,2011-05-11,0,0,-23.01914660039222,0
BAK0964,2011-03-08,0,0,-2.4895145320861047,0
RSC0089,2010-07-22,0,0,-11.621424644380454,0
LOM0086,2010-06-21,0,0,-13.801361439709353,0
CTW0500,2011-04-07,0,0,-6.863717479112893,0
HPH0075,2010-05-17,0,0,-8.573421675226541,0
YCE0983,2010-08-02,0,0,-24.33415462706762,0
KNB0022,2011-01-13,0,0,-20.525740812939944,0
GTD0219,2010-03-03,0,1,-19.022140398482748,0
KJA0152,2010-04-05,0,0,-26.79043936568462,0
IUB0565,2010-05-04,0,1,0.6856080834685372,0
QNP0216,2011-04-14,0,0,-20.921740506960532,0
RSM0277,2010-06-02,0,0,-4.234630538880992,0
JML0909,2010-01-05,0,0,-20.864226899001437,0
BDI0533,2010-07-07,0,0,-20.447446043415766,0
BJP0134,2010-03-18,0,0,-4.4954003885949305,0
EGK0893,2011-01-20,0,0,-20.75158947995044,0
DSB0731,2010-08-10,0,0,-4.892011870137253,0
KTG0091,2011-05-06,0,0,-4.629287340390761,0
IBB0359,2010-06-04,0,0,-18.79985589964417,0
CAB0614,2010-01-20,0,0,-5.020895103955695,0
CKD0680,2010-02-18,0,0,-23.209076316563824,0
EIP0997,2010-05-12,0,0,-20.104686201917957,0
DGF0443,2011-03-15,0,0,-16.80959046625128,0
QPM0727,2010-01-19,0,0,-4.336568421350876,0
LAF0991,2010-06-02,0,0,-9.268601603007369,0
DPM0423,2010-11-17,0,0,-16.96199216434752,0
IMG0320,2010-08-27,0,0,-5.269144027942616,0
KJG0910,2010-04-15,0,0,-20.412769216833453,0
AOK0844,2011-01-04,0,0,-3.0233096677574167,0
ZFM0468,2011-04-11,0,0,-4.023998701954838,0
MBJ0312,2010-09-28,0,0,0.6450221908911544,0
MAW0166,2011-01-14,0,0,-27.179417880072265,0
SXM0895,2010-06-11,0,0,-19.849755086682308,0
GCC0744,2010-12-13,0,0,-4.508682014970418,0
OCS0865,2010-02-09,0,0,-2.8569741880361335,0
GCS0518,2010-05-17,0,0,-21.335937955741997,0
TOR0193,2010-06-09,0,0,-27.74280998048016,0
MIB0904,2011-02-17,0,0,-21.0505857399354,0
FGW0853,2011-03-30,0,0,-7.301412596886848,0
CMM0487,2010-11-18,0,0,-7.829633152838028,0
IMB0481,2010-04-15,0,0,-6.942924516439916,0
DJB0159,2010-03-12,0,0,-18.92042044095058,0
IJW0851,2011-03-01,0,0,-6.47547312309473,0
RSM0277,2010-06-28,0,0,-7.904276717656558,0
NAB0801,2010-11-30,0,0,-3.2172878779842904,0
CFM0767,2011-04-21,0,0,-19.086981569676595,0
LQP0508,2010-08-31,0,0,-19.961473945176294,0
SAH0599,2011-03-23,0,0,-0.4596809819545342,0
LHL0309,2010-07-16,0,0,-6.993623653787267,0
NMF0780,2011-01-28,0,0,-18.958950842231047,0
CRO0027,2010-03-15,0,0,-5.321275621744917,0
NNS0059,2010-01-18,0,0,-22.028814678276717,0
HAC0282,2011-01-18,0,0,-18.292906149445685,0
JNJ0556,2010-08-19,0,0,-22.46440196727906,0
ETR0177,2010-10-11,0,0,-27.2801030423185,0
SJW0451,2011-02-04,0,0,-0.3858800300046141,0
IEB0153,2010-02-11,0,0,-1.9224297616391368,0
BDI0533,2011-05-15,0,0,-20.46263431011255,0
FSB0399,2010-06-01,0,0,-8.127143045026514,0
SVL0803,2011-05-06,0,0,-5.015964116159694,0
DEB0782,2010-04-14,0,0,-21.335937955741997,0
HSB0196,2010-08-08,0,0,1.8130876712028794,0
SLT0907,2010-03-18,0,0,-21.228307059185113,0
RVC0232,2010-06-01,0,0,-2.5897919497128896,0
JRS0362,2010-10-15,0,0,-21.567288088856685,0
RHC0335,2011-03-16,0,0,-19.156573471486467,0
CTR0341,2011-01-31,0,0,-19.8404214841579,0
JCC0225,2011-02-16,0,0,-21.009596249654805,0
HCW0419,2010-04-14,0,0,-21.2060218203178,0
SMY0792,2011-03-22,0,0,-6.1714852921228385,0
KWE0082,2011-04-05,0,0,-12.51245755465834,0
DBG0261,2010-02-09,0,0,-20.15583417801588,0
DOL0332,2011-04-14,0,0,-17.164131934333227,0
HAH0248,2010-11-16,0,0,-14.107867944213126,0
LRR0148,2011-01-07,0,0,-24.839121966798416,0
MAD0753,2011-01-26,0,0,-5.8693884923623045,0
JXH0493,2010-06-17,0,0,-6.436693805151322,0
EZT0640,2010-08-06,0,0,-18.74894593390445,0
EGD0132,2010-03-15,0,1,-2.6984304204409,0
AKF0709,2010-06-28,0,0,-3.646875152346979,0
CKB0482,2011-01-07,0,0,-6.441897793134444,0
JLW0053,2010-10-19,0,0,10.900463077664085,1
JMH0543,2010-06-09,0,0,-22.122007944150027,0
TIW0299,2011-02-22,0,0,-0.029480686207648432,0
GBM0603,2010-12-03,0,0,-4.271034112874645,0
SOF0808,2010-09-29,0,0,-26.98935980223223,0
RMS0266,2011-03-08,0,0,-12.50464767754545,0
CSP0197,2011-05-12,0,0,-1.1733487399078513,0
FGW0853,2010-07-09,0,0,-4.75651483467675,0
NHE0919,2011-01-04,0,0,-24.240185504433953,0
CHG0146,2010-03-31,0,0,-26.448726578478045,0
AOS0987,2010-03-18,0,0,-8.150413883784722,0
DVW0103,2010-06-09,0,0,-11.626220228644343,0
RHY0079,2010-09-17,0,0,-13.698821657255507,0
RMS0266,2010-02-25,0,0,-5.303345561140986,0
KVT0028,2010-06-28,0,0,-7.157334188955815,0
IWM0816,2010-09-03,0,0,-6.149203549214121,0
MSZ0310,2011-01-11,0,0,-2.200716890540093,0
GAF0570,2010-06-02,0,0,-8.177263506076315,0
IRM0931,2010-01-05,0,0,-27.002672403857673,0
AJC0840,2010-08-02,0,0,-0.22543925009529175,0
DDA0476,2010-05-25,0,0,-6.128805682641541,0
LCD0622,2011-03-31,0,0,-8.976694869824655,0
GBM0603,2010-07-28,0,0,-6.411307984557766,0
KMB0922,2011-03-11,0,0,-19.948449941345302,0
SEJ0677,2010-09-03,0,0,-1.9886540022080226,0
ASM0575,2010-01-19,0,0,-1.9297300539783464,0
BJH0811,2010-01-04,0,0,-29.118651196959263,0
BER0314,2010-03-29,0,0,-5.360604400462876,0
MLG0475,2010-02-04,0,0,-0.029480686207648432,0
MJS0890,2010-10-18,0,0,-19.579752714805522,0
NMC0486,2011-01-26,0,0,-5.72234790678408,0
JZD0888,2010-02-23,0,0,-20.61638892463168,0
OCB0805,2010-06-02,0,0,-2.1952927131089837,0
DLF0377,2010-08-04,0,0,-2.157825247462256,0
CGB0637,2010-12-15,0,0,-22.72287765889837,0
OCB0805,2011-04-29,0,0,-2.069130341800701,0
CAM0681,2010-12-15,0,0,-26.755159210769193,0
LDB0090,2010-03-26,0,0,-26.49501271170459,0
PKB0281,2011-04-26,0,0,-17.303312954641456,0
RAM0447,2010-08-25,0,0,-0.22543925009529175,0
AJC0840,2011-01-17,0,0,-0.4636462908069916,0
MJB0588,2010-07-15,0,0,-0.4596809819545342,0
CCM0855,2010-09-23,0,0,-4.6180334342492415,0
RSM0277,2011-01-13,0,0,-5.367678348119625,0
BTL0722,2010-05-24,0,0,-0.7369174506420677,0
EPW0434,2011-04-04,0,0,-15.176039146442236,0
NCH0179,2011-02-01,0,0,-28.308800540629022,0
BLB0114,2010-07-27,0,0,-19.255363378566244,0
XBN0229,2010-04-28,0,0,-22.389110101702954,0
NCK0295,2010-10-12,0,0,-1.2191903865591485,0
DTP0379,2010-01-07,0,0,-10.84656933684596,0
BVC0790,2010-08-16,0,0,-16.833119337345124,0
JCG0316,2010-09-03,0,0,1.0246971999916923,0
VCY0751,2011-03-29,0,0,-6.409173708820958,0
GCG0951,2010-07-12,0,0,-1.765124657373235,0
MSG0839,2010-07-27,0,0,-3.6173288383779436,0
DGN0480,2010-06-09,0,0,-7.945191589091337,0
IKP0472,2010-04-21,0,0,-7.437095361980596,0
HVB0037,2011-01-13,0,0,4.392665154857923,0
NHE0919,2010-04-21,0,0,-22.533017541185473,0
MOP0763,2011-03-25,0,0,-18.958950842231047,0
TSG0906,2011-04-01,0,0,-21.729487415580934,0
MPT0376,2010-10-05,0,0,3.761216425880093,0
KNB0022,2010-04-26,0,0,-21.02279719557032,0
DID0650,2010-10-27,0,0,-18.547914598649072,0
KBB0189,2010-03-03,0,0,-26.303776093075726,0
AAF0535,2010-07-26,1,1,-20.02618997683851,0
HCL0113,2011-03-23,0,0,-14.64006675080293,0
FEB0306,2011-01-26,0,0,-4.436470578310264,0
KRG0158,2010-11-02,0,0,-26.465734864505066,0
JOM0750,2010-05-06,0,0,-4.132780049735061,0
MLG0475,2010-11-30,0,0,-0.7224114404158399,0
YIC0195,2010-12-24,0,0,-1.976025413939965,0
KVS0425,2010-12-28,0,0,-8.98082749877301,0
LCB0664,2011-05-12,0,0,-25.463584730646517,0
MNC0717,2011-05-05,0,0,-3.067758533759161,0
KWE0082,2011-03-28,0,0,-15.417275901432504,0
FXF0957,2010-03-03,0,0,-1.3883418056542496,0
IUB0565,2010-02-08,0,1,-4.243200478401832,0
CFG0959,2011-04-15,0,0,-0.22543925009529175,0
HLH0512,2010-11-16,0,0,-21.14364623941958,0
OCB0805,2011-02-21,0,0,2.4798905636458812,0
CLB0774,2010-01-25,0,0,-22.963717969899903,0
ASS0206,2010-05-24,0,0,7.874781867351885,1
DLH0029,2010-07-21,0,0,1.767461274985635,0
ZCF0590,2010-11-29,0,0,-0.029480686207648432,0
AMJ0297,2011-01-12,0,0,-0.4596809819545342,0
LHN0151,2010-04-27,0,0,-2.2845017470103812,0
AIM0627,2010-06-15,0,0,-3.870453476055559,0
IBB0359,2010-07-15,0,0,-22.390443298571995,0
AAW0353,2010-11-17,0,0,-2.4163766596984715,0
BNG0237,2010-06-15,0,0,-1.5852050590018507,0
CAS0507,2011-04-13,0,0,-18.763254349233875,0
JKJ0698,2010-07-21,0,0,-0.22543925009529175,0
KKW0879,2010-05-17,0,0,-3.272381536866078,0
TVS0006,2011-01-12,0,0,-24.822233877060853,0
MOH0273,2010-10-01,0,0,-17.817282365429946,0
RMW0542,2010-08-04,1,1,2.6017572362408146,0
PMC0328,2010-04-07,0,0,-22.03202480825894,0
THR0873,2010-03-25,0,0,-3.368965373369292,0
ALH0402,2011-01-21,0,0,-8.668333672605968,0
JNJ0556,2010-09-09,0,0,-23.749608035047913,0
BRB0355,2010-03-20,0,0,-13.276714617876564,0
HDH0928,2010-02-02,0,0,-2.4921751826016134,0
CFM0767,2010-03-25,0,0,-14.24531188352205,0
CEJ0109,2010-05-04,0,1,-7.905422147699369,0
LHB0967,2010-06-04,0,0,-0.3858800300046141,0
FHO0630,2010-02-24,0,0,-7.426889247698568,0
JSA0775,2010-09-01,0,0,-19.88698136452581,0
KTG0091,2010-01-04,0,0,-6.016334622992645,0
BCM0653,2010-08-20,0,0,-20.618130847447105,0
IHK0841,2010-04-09,0,0,-0.9964347838972571,0
MJB0588,2010-03-17,0,0,-1.404150611370028,0
KMB0922,2010-03-31,0,0,-19.3160832678966,0
HSB0196,2010-11-28,0,0,5.566425741279886,0
BIS0247,2010-08-18,0,0,-17.685750317560633,0
DCC0160,2010-05-25,0,0,-19.33628851323192,0
BEC0505,2010-04-28,0,0,-5.07518351997976,0
SAC0592,2011-03-14,0,0,-3.3476586294807475,0
CFM0767,2010-01-25,0,0,-21.373474884161737,0
DAG0558,2010-10-25,0,0,-29.05369793292698,0
JXH0493,2010-06-07,0,0,-5.241038903842764,0
SGS0268,2010-09-08,0,0,-4.837655623465821,0
HRW0550,2010-05-20,0,0,-23.634192626842832,0
RVF0201,2011-01-21,0,0,-26.981238264076865,0
ADD0846,2011-05-13,0,0,-0.9964347838972571,0
PMC0328,2010-12-02,0,0,-15.979016001626519,0
RGN0408,2010-06-23,0,0,-6.9668416699598765,0
NGO0690,2010-07-28,0,0,-11.318060268795875,0
WBC0192,2011-02-22,0,0,-26.12980054808463,0
CSP0197,2010-01-15,0,0,0.19568054354851938,0
AAW0353,2010-08-17,0,0,0.4298940653718546,0
ABC0174,2010-07-30,0,1,-3.629973772123776,0
SBD0913,2010-06-29,0,0,-1.7212157131830281,0
ENC0234,2010-02-04,0,0,-9.804882713755433,0
PBP0002,2011-04-25,0,0,-27.743948346464663,0
GKO0078,2011-02-10,0,0,-12.253483035598492,0
HPR0585,2010-06-21,0,0,-0.692388082700063,0
JOL0024,2011-03-17,0,0,-27.318517308784635,0
GBM0603,2010-07-08,0,0,-6.66576013882036,0
LOF0311,2010-08-05,0,0,-1.4831815399054449,0
IKP0472,2010-02-12,0,0,-4.112829268143287,0
JOL0024,2011-01-10,0,0,-27.390031820333775,0
AJF0370,2011-05-11,0,0,-18.076157307276503,0
TET0621,2010-06-21,0,0,-5.972500103005245,0
CJC0494,2010-01-13,0,0,-6.117714213553313,0
DGN0480,2010-02-04,0,0,-7.543904864308502,0
AJR0319,2010-10-12,0,0,-5.649549374460662,0
HBB0056,2010-07-07,0,0,-24.91990299713177,0
NJC0705,2010-02-08,0,0,-0.22543925009529175,0
TET0621,2010-11-22,0,0,-2.818133439396206,0
JKF0465,2010-01-27,0,0,-0.029480686207648432,0
OKB0439,2010-12-07,0,0,-18.238520371103732,0
KBB0189,2011-03-24,0,0,-27.871316227840907,0
JAJ0849,2010-02-05,0,0,-3.067758533759161,0
UIR0043,2010-11-05,0,0,-22.071116459826044,0
TJD0996,2011-03-29,0,0,-19.511583861865006,0
DCC0160,2010-07-29,0,0,-20.726735447480678,0
AIM0627,2010-12-16,0,0,-5.335436860737218,0
MOP0763,2010-04-12,0,0,-20.291306403365866,0
FOB0756,2010-11-21,0,0,-19.207630198937863,0
LDG0459,2010-12-29,0,0,-5.588729106106371,0
FRB0023,2010-08-24,0,0,-21.503250736506402,0
IBP0883,2010-06-17,0,0,-20.532290607096115,0
CJV0286,2011-03-10,0,0,-20.81061411270298,0
TMA0069,2011-01-31,0,0,-5.415483505257043,0
JCC0225,2010-01-07,0,0,-21.612214657041477,0
WLV0566,2011-03-02,0,0,-5.504090333549243,0
LFS0071,2011-02-22,0,0,-5.956525836379342,0
DLH0029,2010-05-12,0,0,1.4583252589233098,0
AOK0844,2010-04-29,0,0,-2.8855297549167744,0
HBO0413,2010-11-09,0,1,-2.1371908417048644,0
DOL0332,2011-01-12,0,0,-19.12606728691742,0
MLM0950,2011-04-21,0,0,-0.6149809544613163,0
JDF0593,2010-06-09,0,0,-5.014504823431366,0
MHG0244,2010-11-18,0,0,-17.39975177517556,0
KAC0124,2010-07-19,0,0,-17.359339289753507,0
CCM0855,2011-02-18,0,0,-3.331120178470769,0
RCP0785,2010-01-04,0,0,-18.958950842231047,0
MGS0974,2010-03-11,0,0,-21.384298388702632,0
CBB0365,2010-09-30,0,0,-21.874182919377517,0
RBB0485,2011-03-02,0,0,-6.896828835245174,0
SJF0094,2011-05-02,0,0,-0.31624512582698117,0
NRD0548,2010-09-02,0,0,-1.1084621442018943,0
JDB0169,2011-05-09,0,0,1.0700742375209984,0
KQS0415,2010-06-01,0,0,-5.3387750587749,0
CNE0352,2010-07-29,0,0,-13.761912259130668,0
RMW0542,2010-07-07,1,1,-2.5864241969145496,0
ROB0272,2010-08-27,0,0,-3.5832797871493085,0
BHW0458,2010-06-01,0,0,-0.9603885267399619,0
IEB0153,2010-08-18,0,0,-1.0828578662122936,0
AIB0948,2011-04-18,0,0,-2.6819743138082686,0
FKK0055,2010-12-06,0,0,-22.52730299413315,0
BNR0965,2011-01-24,0,0,-1.8311822238694049,0
FTM0406,2010-05-14,0,1,-5.369769902598705,0
CCM0136,2011-02-10,0,0,-3.4927377189226263,0
BWP0202,2010-11-18,0,0,-6.495127451888266,0
BTL0722,2010-01-11,0,0,-0.7369174506420677,0
AKC0924,2011-04-28,0,0,-24.334041438622876,0
KPR0497,2010-03-18,0,0,-6.235381546580129,0
CAN0842,2011-05-16,0,0,-3.9971648671184994,0
KBG0549,2010-06-24,0,0,-22.772493905696592,0
MBG0438,2010-10-26,0,0,-12.23012110745799,0
LHN0151,2010-09-03,0,0,-0.37779005731783855,0
KRL0062,2011-02-10,0,0,-26.64104473151349,0
JCG0316,2011-02-07,0,0,-1.189664341679304,0
LUR0896,2010-02-05,0,0,-19.97087514803718,0
LQP0508,2010-10-13,0,0,-20.787405075909874,0
MAD0753,2010-08-31,0,0,-8.651269181910266,0
SRS0231,2010-08-12,0,0,-21.53036704298745,0
PGO0433,2011-01-21,0,0,-9.017580589174827,0
BAM0636,2011-02-02,0,0,-20.758145980189283,0
CEJ0109,2010-02-24,0,1,-11.297575756988408,0
DFH0188,2010-05-04,0,0,-17.341769736241872,0
GCS0518,2010-06-09,0,0,-19.88698136452581,0
HCC0344,2010-06-29,0,0,-21.24993989130121,0
LHL0309,2010-03-25,0,0,-4.138138932004722,0
JJM0203,2010-07-15,0,1,-25.745174359144926,0
NIH0969,2010-04-16,0,0,-3.067758533759161,0
HAH0760,2011-03-04,0,0,-17.744879332966093,0
GCL0016,2010-12-10,0,0,-25.274502787925485,0
BSB0990,2010-10-12,0,0,-7.841475230026958,0
PDW0259,2010-05-04,0,0,-20.17881866189157,0
CAM0681,2010-12-13,0,0,-25.34141391185267,0
CNM0800,2010-05-03,0,0,-22.78951783187165,0
JFC0757,2010-05-14,0,0,-20.43780331921505,0
KBS0874,2011-04-25,0,0,-4.345724220298166,0
ELH0960,2010-10-22,0,0,-0.22543925009529175,0
RCP0785,2010-03-18,0,0,-21.30001129515665,0
HGN0287,2010-12-21,0,0,-19.34107196811067,0
TQS0212,2011-02-07,0,0,2.4945286367446897,0
PKB0429,2011-04-19,0,0,-12.43953618970636,0
KBC0054,2010-08-23,0,0,-24.62643214016066,0
CGF0337,2010-08-25,0,0,-21.060266289502806,0
BSB0990,2010-11-12,0,0,-8.19849096850919,0
KNG0672,2011-02-21,0,0,-11.393532545777589,0
LLV0602,2010-02-03,0,0,-7.257706969147534,0
JML0909,2010-08-06,0,0,-20.74826392332193,0
FBW0747,2010-10-12,0,0,-6.773822215733503,0
PDW0259,2011-03-24,0,0,-18.74698559324247,0
COF0120,2010-11-22,0,0,-27.99082261899821,0
LHB0606,2010-03-26,0,0,-3.1846260559012762,0
GHL0460,2010-01-19,0,1,-0.7064905313396821,0
SAB0781,2010-06-03,0,0,-19.681209231116554,0
PLH0862,2010-01-14,0,0,-7.484007559968859,0
QPM0727,2010-04-09,0,0,-3.3674845096564923,0
RAB0589,2010-04-26,0,1,-2.0829632363322617,0
SJO0209,2010-12-16,0,0,2.0469700852920596,0
NOB0181,2010-06-24,0,0,-20.142915667805028,0
HGH0595,2011-01-03,0,0,-3.698023264481094,0
DFH0188,2010-11-17,0,0,-15.628999062257662,0
HCM0267,2011-05-03,0,0,-3.9206447139196143,0
BLB0114,2010-10-04,0,0,-20.05225574184908,0
BBG0325,2010-01-21,0,0,-2.8199965766490322,0
LBC0356,2010-05-12,0,0,-21.559681169813643,0
OQH0183,2010-02-24,0,0,-20.047990670827176,0
SES0477,2011-04-05,0,0,-7.25405520064794,0
QNP0216,2011-03-07,0,0,-21.10864347148754,0
IJM0139,2010-04-09,0,0,-0.029480686207648432,0
RNP0211,2010-01-12,0,0,2.392866280723524,0
BMC0547,2010-03-30,0,0,-10.636661534584618,0
FXF0957,2011-05-16,0,0,-1.2591644484622293,0
MAH0864,2010-06-07,0,0,-2.1449677678857597,0
XHW0498,2010-07-09,0,1,-4.10513340603984,0
NMS0280,2010-10-30,0,0,-21.192692504863885,0
PNH0761,2010-10-15,0,0,-18.980272988878028,0
FIR0920,2011-01-21,0,0,-23.894498186995747,0
JCR0289,2010-09-15,0,0,-0.029480686207648432,0
CBG0490,2011-01-21,0,0,-6.919570413439033,0
RBB0485,2010-11-03,0,0,-6.548634335994734,0
EIM0156,2010-04-30,0,0,-17.606248411381102,0
CAH0936,2010-03-18,0,1,-23.21494354272386,0
MJB0588,2011-02-10,0,0,-0.029480686207648432,0
CCR0863,2010-03-22,0,0,-5.343133466175573,0
MSG0839,2011-03-18,0,0,-2.822060863980596,0
KKW0879,2011-03-31,0,0,-1.539009961490592,0
IMB0481,2011-01-05,0,0,-7.847112521246231,0
CJC0494,2010-07-08,0,0,-7.485354632534609,0
GNS0178,2011-01-31,0,0,-18.37317984655249,0
SSS0345,2010-10-18,0,0,-19.52931517904119,0
NRD0548,2010-11-16,0,0,2.0386212998610063,0
KNB0022,2011-03-15,0,0,-21.57293523871897,0
ARL0034,2010-02-05,0,0,4.640600198103357,0
NOB0181,2010-04-23,0,0,-16.746528282773852,0
HPM0986,2010-08-03,0,0,-17.811649803339378,0
MHH0180,2010-08-10,0,0,-21.072116598841603,0
LPC0492,2010-06-29,0,0,-5.736934859977623,0
BBS0422,2010-09-16,0,0,-9.217015368036527,0
EHB0420,2010-06-21,0,0,-17.42457040107422,0
JJH0292,2010-10-28,0,0,-1.833257527821047,0
PDW0259,2010-10-08,0,0,-20.52699069608616,0
BTR0403,2010-05-21,0,0,-26.798408515918254,0
RLG0856,2010-07-16,0,0,-3.3337728766734926,0
MVF0594,2010-03-01,0,0,-0.029480686207648432,0
WKD0013,2011-03-07,0,0,-19.276007296795683,0
OSH0655,2010-02-10,0,0,-21.60860276657229,0
DRR0162,2010-12-02,1,1,-23.418937185885056,0
ILH0958,2011-04-06,0,0,-0.3858800300046141,0
OSH0655,2010-04-05,0,0,-18.13939876402378,0
MYD0978,2010-03-26,0,1,-19.64999198477608,0
PDW0259,2010-04-22,0,0,-19.880564697533032,0
DBB0384,2010-09-23,0,0,-23.1856700315883,0
QCH0110,2010-05-03,0,0,-19.01535304050435,0
CIM0271,2010-02-09,0,0,-23.542078393636643,0
GTD0898,2010-12-09,0,0,-21.857797544538244,0
EGK0893,2011-04-21,0,0,-17.495026460563054,0
AJR0932,2010-09-03,0,1,-27.158605184927865,0
CNE0352,2010-07-09,0,0,-14.949014044688397,0
OBH0499,2010-09-18,0,0,0.6874016464439592,0
SHW0578,2010-07-23,0,0,-0.029480686207648432,0
KDS0349,2010-07-14,0,0,18.591763845253126,1
ICS0956,2010-05-26,0,0,-3.067758533759161,0
KBG0549,2010-03-05,0,0,-20.67154849658857,0
DMM0623,2011-03-04,0,0,-6.865010753571937,0
MAH0149,2011-01-12,0,0,-26.654958648217644,0
UCH0519,2010-03-29,0,0,-20.88987158352893,0
TJB0302,2010-01-26,0,0,-0.7224114404158399,0
RNF0765,2011-04-29,0,0,-18.958950842231047,0
BDI0533,2011-03-27,0,0,-18.068859548140267,0
CKB0482,2011-02-04,0,0,-6.22736287524026,0
NAB0801,2011-02-17,0,0,-2.149614190940383,0
BMT0528,2010-01-04,0,0,-19.178933334164867,0
LRR0148,2011-02-25,0,0,-24.88691239968489,0
TRK0914,2010-10-01,0,0,-0.8226526391271136,0
HVB0037,2010-12-15,0,0,12.643606787996077,1
NMB0972,2010-03-04,0,0,-1.112927565131713,0
MVF0594,2010-11-22,0,0,-0.4596809819545342,0
JLW0053,2010-12-15,0,0,15.859293647920367,1
ELT0769,2010-04-06,0,0,-18.958950842231047,0
HDS0367,2010-04-30,0,0,-19.099966854410013,0
GRM0868,2010-07-08,0,0,-5.007386507453248,0
HPR0585,2010-05-20,0,0,-1.2018865578410214,0
EIS0041,2010-07-19,0,0,-21.056749157684862,0
CTR0341,2010-09-20,0,0,-19.025244266257232,0
RBB0485,2011-02-18,0,0,-7.88946576693013,0
WDO0870,2010-02-18,0,0,-7.380086644977382,0
CTA0020,2010-03-10,0,0,-18.66479206819679,0
SVL0803,2010-02-04,0,0,-1.6930896638720014,0
KDT0346,2010-09-07,0,0,-17.021927005803946,0
CLH0703,2011-02-03,0,0,-0.22543925009529175,0
CGA0629,2010-04-15,0,0,-7.028305489594231,0
ECR0822,2010-01-06,0,0,-3.0463533321355953,0
BMM0112,2011-04-18,0,0,-21.563711875227455,0
JFC0557,2010-02-02,0,0,2.482844135368623,0
JCV0245,2011-01-24,0,0,-18.03440166706264,0
CCW0524,2011-02-16,0,0,-22.017591307112866,0
AAW0353,2010-12-10,0,0,-1.8615960832028122,0
MCS0035,2010-02-03,0,0,4.387533031208477,0
NCO0666,2010-10-04,0,0,-22.591993411722797,0
KDS0349,2010-12-30,0,0,14.85207802669504,1
JJM0203,2010-04-13,0,1,-27.397484930539576,0
ASV0946,2011-02-03,0,0,-0.9431118171253274,0
ICH0294,2010-01-12,0,0,-4.543953045225635,0
TUC0632,2010-10-08,0,0,-19.212539160214874,0
MOH0273,2011-02-02,0,0,-16.494972186357813,0
BDB0453,2011-01-05,0,0,-0.4596809819545342,0
POB0343,2010-02-12,0,0,-19.747349517216207,0
ESJ0670,2010-04-13,0,0,-22.03874833861164,0
ILC0838,2010-05-06,0,0,-0.9964347838972571,0
MNS0224,2010-04-14,0,0,-21.047909961986534,0
MHG0733,2011-04-07,0,0,-6.596757189405594,0
CHM0821,2010-11-18,0,0,-5.371573671062606,0
VIA0063,2010-02-01,0,0,-25.752123660419784,0
SMH0291,2010-12-18,0,0,-1.740853558214667,0
AJH0175,2010-01-08,0,0,-5.369922955908919,0
BLS0678,2010-07-28,0,1,-3.3109660892556576,0
UIR0043,2010-11-12,0,0,-20.29306556162601,0
FBA0348,2011-02-07,0,1,-26.547752566787835,0
AJN0607,2011-01-07,0,0,-2.6194796153434936,0
CAN0842,2011-05-12,0,0,-1.4904878636043577,0
AMH0794,2010-04-27,0,0,-12.106237945332964,0
IJM0444,2010-05-11,0,0,-4.4797576619675965,0
AOS0987,2010-12-02,0,0,-6.95095063302108,0
FHS0837,2010-09-10,0,0,-1.760974043643614,0
CFG0959,2010-05-28,0,0,-2.4895145320861047,0
SGS0268,2010-04-13,0,0,-8.255496711631622,0
UFK0208,2010-04-30,0,0,1.5190454096737085,0
KAT0489,2010-11-17,0,0,-5.111389186621182,0
JDF0593,2011-04-25,0,0,-4.345102055766688,0
CGB0637,2010-03-24,0,0,-14.684795323756475,0
LQP0508,2011-05-04,0,0,-21.280433596554417,0
SSS0345,2010-05-14,0,0,-14.0619658528841,0
KCS0173,2011-02-15,0,0,-5.479999504659077,0
ASG0048,2010-12-10,0,0,-26.775384796596768,0
PIS0522,2011-05-10,0,0,-21.335937955741997,0
NCK0295,2010-06-01,0,0,-0.4596809819545342,0
EMS0317,2010-03-25,0,0,-3.3289870196280162,0
KLM0639,2011-04-14,0,0,-19.633764015133124,0
JSA0775,2010-06-11,0,0,-18.892361859914217,0
CCM0855,2010-03-12,0,0,-6.983842301793857,0
KJP0371,2010-09-30,0,0,-21.20831863175954,0
DPM0423,2010-09-08,0,0,-21.43138873271596,0
JMB0308,2010-06-30,0,1,-5.098297129679963,0
IJM0776,2010-01-06,0,1,-22.017591307112866,0
ATF0274,2010-02-01,0,0,-23.56816264021154,0
SER0165,2010-07-16,0,0,-26.584385152153345,0
HTF0641,2010-08-20,0,0,-18.64108384857093,0
SSH0799,2010-05-11,0,0,-20.195239842384694,0
AIB0948,2011-03-08,0,0,-3.142624166951123,0
BLS0678,2010-05-10,0,1,-1.0411402402877457,0
ANT0430,2011-04-06,0,0,-12.007433676549567,0
ZSK0258,2010-02-02,0,0,-18.3427444847822,0
LBC0356,2010-03-12,0,0,-21.767576922885496,0
JBM0350,2011-03-15,0,0,-26.244385593655352,0
CQH0701,2010-05-27,0,0,-0.150080777390599,0
NAF0033,2010-10-07,0,0,3.4118137626370526,0
MKS0204,2010-11-09,0,0,-1.7055136042092727,0
DJS0682,2010-11-22,0,0,-6.11569176609612,0
EHB0420,2011-01-06,0,0,-17.746465560328375,0
HLH0512,2010-03-29,0,0,-20.88987158352893,0
JAV0361,2010-04-22,0,0,-21.676275865245998,0
SBN0971,2010-05-02,0,0,-1.1913733990908213,0
BAL0044,2011-03-23,0,0,-20.56714183747158,0
LEM0605,2010-10-19,0,0,-4.530576635184843,0
TJB0302,2010-05-17,0,0,-0.029480686207648432,0
NGF0157,2010-09-14,0,0,-11.808370105088102,0
BLB0114,2010-04-14,0,0,-17.564920879555075,0
JCR0172,2010-04-20,0,0,-3.7292592346818765,0
RRA0938,2010-10-13,0,0,-9.287633901853951,0
BTL0722,2011-03-22,0,0,-0.3858800300046141,0
EIS0041,2010-02-11,0,0,-15.426817074460928,0
CUD0795,2010-11-02,0,0,-12.069124109752352,0
JCG0316,2010-10-12,0,0,0.374713564375611,0
KPR0497,2010-03-09,0,0,-6.693910438644593,0
AOB0019,2010-10-15,0,0,-20.43883549452164,0
WIF0691,2010-05-18,0,0,-20.235536764998074,0
JZD0888,2010-08-12,0,0,-20.412769216833453,0
AKF0709,2010-08-18,0,0,-1.1260412373189865,0
LAP0338,2010-02-14,0,0,-18.52754488823291,0
FXF0957,2010-11-16,0,0,-1.0498541092994174,0
SSH0799,2011-02-25,0,0,-22.473482320528547,0
CAH0936,2010-01-13,0,1,-25.096502835862225,0
CEJ0109,2011-03-29,0,1,-7.346028238440908,0
HCS0003,2010-08-04,0,0,-23.795354470067537,0
QCH0110,2011-01-04,0,0,-18.892361859914217,0
SSJ0784,2010-11-26,0,0,-21.59920319287994,0
QRM0739,2011-05-03,0,0,-0.7699278182357148,0
BBS0039,2010-04-19,0,1,-20.729522172426414,0
WDV0573,2011-03-08,0,0,3.457324466256864,0
TUC0632,2010-09-29,0,0,-16.40408662592074,0
NHE0919,2010-02-22,0,0,-22.68208838289968,0
PNL0301,2010-04-09,0,1,-0.029480686207648432,0
ALC0788,2011-03-25,0,0,-0.936600723083302,0
NLO0131,2010-12-10,0,0,-0.4596809819545342,0
AKK0329,2010-06-04,0,0,-20.047990670827176,0
RHP0484,2010-03-15,0,0,-8.677758452442959,0
HJB0742,2010-11-02,0,1,-6.303394344779008,0
MPT0376,2010-08-18,0,0,-1.0501026699773774,0
TVS0050,2010-07-03,0,0,-8.162522318670653,0
UIR0043,2010-07-01,0,0,-20.02060586534253,0
USH0199,2011-01-26,0,0,-20.49870877184071,0
QJR0688,2010-05-05,0,0,-25.15196761591983,0
CWR0502,2011-03-21,0,0,-4.873656766336353,0
FTM0406,2010-10-15,0,1,-6.697001597943654,0
JSH0330,2010-04-13,0,0,-17.957447363629285,0
DKB0631,2011-04-01,0,0,-21.476863983655107,0
MNC0717,2010-07-16,0,0,-0.9431118171253274,0
JOM0750,2010-07-21,0,0,-5.148625023041291,0
IWM0816,2010-05-11,0,0,-10.140618027950836,0
TDS0984,2010-10-06,0,0,-27.121907321749518,0
VMJ0546,2010-05-05,0,0,-12.855001067058424,0
SSJ0784,2010-03-14,0,0,-19.427238136513893,0
ICS0956,2010-04-13,0,0,-0.22543925009529175,0
EIM0156,2011-03-31,0,0,-17.856101399423096,0
KQS0415,2011-01-05,0,0,-10.373744502428053,0
LAP0338,2010-01-28,0,0,-19.55923521361433,0
GAF0570,2011-01-28,0,0,-4.993879474184382,0
FXF0957,2010-01-29,0,0,-2.3067309677462617,0
KJP0371,2010-01-29,0,0,-20.8935261281498,0
NMB0972,2010-06-24,0,0,-3.540148131093815,0
EMW0772,2010-01-04,0,0,-20.412769216833453,0
QRM0739,2011-02-04,0,0,0.19362540216945945,0
MKS0204,2011-03-28,0,0,-5.142527267821492,0
OLW0689,2010-04-22,0,0,-0.291293986120877,0
ASM0575,2010-01-18,0,0,-2.775121886143893,0
AJD0074,2010-06-22,0,0,-29.211504720690073,0
AMJ0297,2011-05-03,0,0,-0.029480686207648432,0
MIC0726,2010-02-08,0,0,-9.010892973635805,0
HTH0007,2010-06-23,0,0,-23.509012153496883,0
EZH0736,2010-06-18,0,0,-6.853037778778912,0
NAB0801,2010-01-27,0,0,-3.516390936231687,0
GZC0735,2010-10-09,0,0,-4.699257820793264,0
AMH0464,2010-02-17,0,0,-0.22543925009529175,0
HDD0789,2010-03-11,0,0,-26.333493407769993,0
CMM0487,2010-05-13,0,0,-7.834713972227178,0
GOK0238,2010-01-12,0,0,-26.25773049127872,0
KRV0372,2010-07-07,0,0,-22.304994388233922,0
VSS0154,2010-06-03,0,1,-28.375872658664093,0
AAV0450,2010-07-15,0,0,-0.4596809819545342,0
IIL0513,2011-05-05,0,0,-21.24431894503698,0
MAW0166,2010-02-01,0,0,-24.6220734917722,0
NRF0137,2010-12-15,0,0,-0.029480686207648432,0
DIC0988,2010-04-29,0,0,3.2462038821078067,0
SAB0781,2011-04-19,0,0,-17.96980487411406,0
ANP0555,2011-01-19,0,0,-0.14071355130170105,0
VAA0087,2010-07-19,0,0,-19.144266974846914,0
KNW0644,2010-08-19,0,0,-17.278137558593812,0
KMS0657,2010-05-28,0,0,-19.33027214200615,0
RGG0064,2010-01-11,0,1,-11.521227814813074,0
MAS0025,2010-01-26,0,1,-17.628194697978415,0
BCR0581,2010-11-03,0,0,-2.334192161864621,0
NAB0903,2010-03-17,0,0,-18.43011282349198,0
FIR0920,2010-04-07,0,0,-22.35779320221809,0
GNZ0953,2010-08-16,0,0,-0.9964347838972571,0
ECR0822,2010-10-05,0,0,-3.067758533759161,0
WPE0538,2010-03-25,0,0,-0.02195543732796068,0
BDV0168,2010-07-21,0,1,-4.6749907898579295,0
HPM0986,2011-02-21,0,0,-18.645588494043977,0
NRO0768,2010-05-07,0,0,-16.141884555514252,0
JCR0172,2011-01-26,0,0,-4.4586225565305995,0
ERH0449,2011-04-13,0,0,-2.822060863980596,0
KRG0158,2010-12-02,0,0,-26.811619621804084,0
IIL0513,2010-03-20,0,0,-20.332484050349535,0
LBF0214,2010-05-08,0,0,2.4276526807883556,0
MNR0829,2010-08-16,0,0,-1.0498541092994174,0
TET0621,2010-12-01,0,0,-7.16533555703063,0
MKG0711,2011-04-29,0,0,3.3192509359057567,0
CLB0774,2011-02-24,0,0,-22.58349252559981,0
BWH0813,2010-06-11,0,0,-26.88977815804094,0
YCE0983,2011-04-19,0,0,-23.756949292693207,0
GCR0554,2010-09-09,0,0,-9.659544847214988,0
HCL0113,2011-02-07,0,0,-10.830945881450248,0
YDN0198,2010-06-24,0,0,-26.674520091751106,0
EIM0156,2010-10-14,0,0,-21.672823370189008,0
HDJ0446,2010-10-12,0,0,-0.029480686207648432,0
MAD0496,2010-02-17,0,0,-7.845742925565901,0
AHM0410,2010-04-06,0,0,-9.3026183376154,0
SSH0799,2010-01-20,0,0,-22.317114064032012,0
FDE0117,2010-03-29,0,0,-24.16780293714976,0
TCD0009,2010-06-22,0,0,-26.075177925695698,0
ILJ0526,2011-05-06,0,0,-20.150210628151967,0
CAS0507,2010-02-26,0,0,-20.60324830712159,0
OQH0183,2010-07-02,0,0,-19.627174258446416,0
ESJ0670,2010-03-25,0,0,-19.443613725454725,0
DOP0562,2010-06-08,0,0,-29.62984787543178,0
ICS0956,2010-03-02,0,0,1.984375414160013,0
CQH0701,2010-10-07,0,0,-1.6270987266143493,0
QJR0688,2010-08-03,0,0,-24.240044543797808,0
HRW0550,2011-04-28,0,0,-21.59265183086643,0
DTT0076,2010-03-12,0,0,-14.457494825012986,0
CTA0020,2010-11-11,0,0,-19.529523004711223,0
PGC0066,2010-08-11,0,0,-27.021875455318195,0
MBR0724,2010-03-12,0,0,-1.4904878636043577,0
CTA0020,2010-10-29,0,0,-18.24766579195409,0
TMA0069,2010-02-05,0,0,-6.728061255499938,0
CAB0388,2010-06-09,0,0,-21.53600157094752,0
CKB0427,2011-02-03,0,0,-13.444265788868734,0
RCC0617,2011-04-07,0,0,-6.029094264994683,0
CCW0524,2011-03-07,0,0,-20.291306403365866,0
ALD0544,2010-07-23,0,0,-3.2043242478914635,0
LFS0071,2010-05-26,0,0,-6.380007408990423,0
HKI0171,2010-08-02,0,0,-4.323932695415806,0
KPP0452,2010-09-08,0,0,-3.2683919445329366,0
GRM0868,2010-04-09,0,0,-3.8620027237669774,0
WSR0241,2010-06-07,0,0,-28.454726295547744,0
GQF0659,2010-03-19,0,0,-21.60860276657229,0
ATP0662,2010-01-25,0,0,-27.181197450336526,0
CJM0138,2011-02-02,0,0,-1.2191903865591485,0
RUM0880,2010-02-23,0,0,-1.9614543604704977,0
PID0426,2010-10-06,0,0,-11.876173501553012,0
DVM0265,2010-07-22,0,0,-9.933236621585479,0
ELH0960,2010-02-19,0,0,-1.3883418056542496,0
BKW0374,2010-06-16,0,0,-22.61433977198851,0
MLL0598,2010-02-05,0,0,-3.9793987935618134,0
VMJ0546,2010-08-20,0,0,-11.752890708578889,0
JGT0221,2010-02-01,0,1,-21.27772047599342,0
CRO0027,2010-06-02,0,0,-8.064369278156278,0
RRC0553,2010-02-28,0,0,-8.929332075920684,0
BWP0202,2010-09-23,0,0,-4.911818994744635,0
TJG0582,2010-06-14,0,0,-0.4596809819545342,0
NBH0256,2010-07-21,0,0,-19.348427316810216,0
TSG0906,2010-03-26,0,0,-19.848183869866148,0
CLH0703,2011-04-27,0,0,-0.3858800300046141,0
MKP0861,2010-11-18,0,0,-3.550569727130892,0
AJN0607,2010-06-23,0,0,-5.984152788579422,0
AKH0758,2011-03-25,0,0,-21.387727140010725,0
IKP0472,2010-12-01,0,0,-4.499942928604355,0
RNL0695,2010-02-03,0,0,-27.451415678900275,0
EDB0714,2010-05-04,0,1,-3.7757652392059526,0
JCC0225,2011-03-28,0,0,-21.077612976026444,0
QNP0216,2010-02-26,0,0,-23.395130472090955,0
PIS0522,2011-03-16,0,0,-21.445505117084053,0
CSH0626,2010-08-10,0,0,-6.363112070420016,0
VSA0230,2010-03-04,0,0,-0.6829606421320022,0
LDM0587,2010-10-28,0,0,-0.7224114404158399,0
BAK0964,2010-12-27,0,0,-2.0903255814213253,0
SDF0017,2010-02-24,0,0,-21.435257548993377,0
TNM0961,2010-04-27,0,1,-3.6379298390278336,0
ETR0428,2010-02-11,0,0,-14.840532023360424,0
FEB0306,2011-03-25,0,0,-4.58603824616705,0
CCC0393,2010-12-29,0,0,-28.416829243057578,0
DVM0265,2011-05-10,0,0,-7.517031611067296,0
CIM0926,2010-03-01,0,0,-20.79483851870316,0
FRB0023,2010-11-03,0,0,-21.086649732510978,0
AWM0764,2010-04-26,0,0,-19.849755086682308,0
NMG0766,2010-06-08,0,0,-21.335937955741997,0
AJR0319,2010-06-30,0,0,-8.446053941682635,0
HAD0246,2010-04-15,0,0,-18.341189741819562,0
TLM0797,2010-05-04,0,0,-4.229529018703374,0
EMW0772,2010-02-19,0,0,-15.327578159040058,0
OMM0944,2011-04-01,0,0,-0.7064905313396821,0
PGO0433,2011-01-31,0,0,-11.887266837701645,0
ILJ0526,2010-08-04,0,0,-18.041599528691336,0
ECF0828,2010-05-11,0,0,-0.3858800300046141,0
HLH0512,2011-02-06,0,0,-19.494219513054304,0
AJR0319,2010-04-11,0,0,-3.5681446928354035,0
WBC0315,2010-11-11,0,0,-5.401219777225151,0
KMB0922,2011-03-31,0,0,-20.680521564313835,0
IJR0825,2011-03-21,0,0,-1.4904878636043577,0
LEM0605,2010-12-20,0,0,-4.446846879434929,0
IJR0825,2010-01-12,0,0,-3.0008403845662315,0
WAS0254,2011-03-04,0,0,-19.165287230558306,0
GRC0145,2010-06-17,0,0,-27.78090066833613,0
HRW0550,2010-12-28,0,0,-23.071876416384157,0
HCM0267,2010-11-30,0,0,0.22554017612173993,0
TPH0474,2010-03-31,0,0,-1.112927565131713,0
AJF0370,2010-12-13,0,0,-16.542872648003254,0
LQP0508,2010-12-21,0,0,-21.534160146651402,0
KWE0082,2010-06-08,0,0,-17.846785122066535,0
JZD0888,2011-01-11,0,0,-22.360773409824674,0
AJR0932,2010-07-20,0,1,-28.219915413132526,0
BBH0810,2010-03-08,0,0,-28.932650303218225,0
NBH0256,2010-04-22,0,0,-19.892014187027485,0
ARL0034,2010-01-29,0,0,1.990915758054257,0
KPP0452,2010-01-27,0,0,-0.7369174506420677,0
DGW0752,2010-03-29,0,0,-4.544548563603826,0
MLL0598,2011-02-04,0,0,-3.658062194408444,0
AAW0353,2011-04-15,0,0,-1.944222792894152,0
WIQ0567,2011-03-27,0,0,-23.594786641699216,0
CRO0027,2010-07-06,0,0,-8.924533743240659,0
KMW0545,2010-05-26,0,0,-10.396825463515597,0
MVB0515,2010-03-12,0,0,-20.584780270803662,0
IIL0513,2010-01-03,0,0,-19.66663101707593,0
EMW0105,2010-07-23,0,0,-26.728683301138858,0
SCF0608,2011-03-16,0,0,-7.949090603204354,0
HTH0007,2010-01-21,0,0,-25.230993851538074,0
KES0729,2010-10-12,0,0,-8.299476853668466,0
PKB0281,2011-03-17,0,0,-18.394060446850176,0
MSO0222,2010-07-21,0,1,-22.658070295922812,0
KNW0644,2010-11-16,0,0,-20.99632023464278,0
ETR0177,2010-12-07,0,0,-26.358362537599646,0
MHG0244,2010-05-14,0,0,-19.572603485168088,0
NMC0486,2011-01-05,0,0,-8.329972634587762,0
EZH0736,2011-03-29,0,0,-3.741714065179167,0
NLO0131,2010-08-25,0,0,-1.2191903865591485,0
SGM0021,2010-02-17,0,0,-23.155731362587744,0
ONL0276,2010-08-27,0,0,-25.954474165310444,0
AAL0706,2010-05-26,0,0,-0.3858800300046141,0
ASG0692,2010-10-27,0,0,-26.0953795612254,0
FWM0707,2010-03-11,0,0,-0.22543925009529175,0
AKH0758,2010-02-15,0,0,-20.78053111880115,0
SLB0049,2011-01-05,0,0,-19.381495711531443,0
FBA0348,2010-04-14,0,1,-25.87188638815553,0
CCR0863,2010-10-13,0,0,-4.655013796684898,0
THD0448,2011-04-15,0,0,-3.6442671602233077,0
MYD0978,2010-12-13,1,1,-20.605980171757324,0
ATP0662,2010-04-12,0,0,-21.7104070220754,0
IRT0491,2010-07-14,0,0,-6.170121266808337,0
SAT0194,2010-08-17,0,0,-0.07697583446838507,0
BTL0722,2011-02-22,0,0,-0.9603885267399619,0
SCP0130,2010-10-06,0,0,-0.5554910062103318,0
RNF0765,2010-11-03,0,0,-21.14364623941958,0
KCO0122,2010-11-18,0,0,-9.243163002999381,0
LHB0967,2010-07-30,0,0,-1.1703446480004231,0
RGH0728,2010-06-28,0,0,-5.975068611269421,0
LCB0664,2011-03-31,0,0,-27.520749831093667,0
GJD0298,2010-10-11,0,0,-0.7224114404158399,0
GBM0603,2010-09-23,0,0,-4.88166301678018,0
ORM0669,2010-08-24,0,0,0.00029191865905886516,0
FDE0117,2010-03-04,0,0,-25.96921751614275,0
CBG0490,2010-05-12,0,0,-7.270615886391511,0
FOB0756,2010-02-09,0,0,-19.8862966128205,0
YDN0198,2011-04-29,0,0,-27.475077278068397,0
BNG0237,2010-06-18,0,0,-3.456214727749966,0
GQP0743,2010-11-12,0,0,-4.727850768250846,0
PPF0435,2010-06-09,0,1,-13.15027743194139,0
LEM0605,2011-03-30,0,0,-5.098769081331284,0
KKW0879,2011-01-05,0,0,-3.83672759708395,0
HCV0478,2011-02-01,0,0,-6.280873028983592,0
JLW0053,2010-12-13,0,0,11.158544389200074,1
TIW0299,2010-12-22,0,0,-0.4596809819545342,0
QRM0739,2011-01-07,0,0,3.382054441296532,0
KMS0657,2010-03-16,0,0,-17.88319154693511,0
MES0407,2010-09-21,0,0,-6.606864180473849,0
WIQ0567,2011-01-28,0,0,-28.65229295184588,0
EWH0191,2010-09-28,0,0,-25.68020648114316,0
KPP0452,2010-10-04,0,0,-3.2683919445329366,0
NOB0181,2010-09-17,0,0,-18.619728325601727,0
CSH0626,2010-03-05,0,0,-7.331360376755811,0
ETR0428,2010-01-08,0,0,-10.274248338405528,0
CSC0217,2010-03-24,0,1,-21.46679060831184,0
HJA0018,2010-11-12,0,0,-20.501216630604517,0
JCR0172,2011-04-12,0,0,-5.548217269507177,0
SDO0170,2011-03-02,0,0,-5.177599341767973,0
DLM0051,2010-03-31,0,0,-13.670025177578509,0
MLM0950,2011-05-15,0,0,-4.346036941040211,0
OJK0233,2011-02-18,0,0,-10.086173717895463,0
NAF0326,2010-12-15,0,0,2.4700872651239933,0
CSP0197,2010-08-25,0,0,-1.7517119696871077,0
RZC0746,2010-04-29,0,0,-1.5656867304447815,0
BMT0528,2010-07-01,0,0,-22.823779387602713,0
CRP0456,2010-10-25,0,0,-2.1998743259766798,0
ESH0135,2010-04-14,0,0,-0.4596809819545342,0
PNH0761,2010-07-08,0,0,-23.673138867622242,0
KWC0004,2011-01-17,0,0,-24.73830395770233,0
LHL0309,2010-04-08,0,0,-4.240119425382318,0
NMS0280,2011-04-09,0,0,-18.45231943429087,0
ASG0692,2010-02-03,0,0,-26.769601876706133,0
ENL0100,2010-01-25,0,0,-19.927148112703662,0
KCF0045,2011-02-28,0,0,-20.103131018346744,0
AAL0706,2011-03-31,0,0,-0.9964347838972571,0
SCF0608,2011-04-14,0,0,-4.962043481876094,0
HDD0789,2010-12-17,0,0,-24.667536236487194,0
GCL0016,2011-03-06,0,0,-26.87009694877338,0
KJG0910,2011-03-22,0,0,-18.609996424408678,0
BHW0458,2011-03-24,0,0,-0.7369174506420677,0
LNR0656,2011-01-11,0,0,-17.321613223615486,0
DRR0242,2010-02-26,0,0,-29.224531666570442,0
MKP0861,2010-09-13,0,0,-6.379357834105008,0
BCB0679,2010-05-17,0,0,-1.8298930605933492,0
JDB0169,2011-04-19,0,0,-1.7573856458650425,0
KRV0372,2010-06-03,0,0,-23.46981814385549,0
FSB0399,2010-05-07,0,0,0.3169788586993718,0
WRM0963,2010-08-11,0,0,-1.8311822238694049,0
GDF0704,2010-01-14,0,0,-4.743450263557065,0
MKP0861,2010-12-20,0,0,-5.0854701256986345,0
CEJ0109,2011-01-25,0,1,-4.745903074823332,0
SBD0913,2010-05-04,0,0,-2.141946093480442,0
NHH0185,2011-02-23,0,0,-19.064905666774848,0
DCC0160,2010-11-22,0,0,-19.500398078596618,0
GAF0570,2010-12-08,0,0,-10.563612496536166,0
SMY0792,2010-11-01,0,0,-1.7252338731584587,0
CGB0637,2010-05-13,0,0,-15.668572200832955,0
RNF0765,2010-06-28,0,0,-19.11805114757874,0
RZC0746,2011-01-13,0,0,-5.9483689395141255,0
MAD0753,2010-04-22,0,0,-3.770258939829432,0
FKB0163,2011-03-04,0,0,-19.619690054116404,0
HCM0267,2011-04-26,0,0,-4.219708885098157,0
ESH0135,2010-11-02,0,0,-2.2832896928276796,0
DGF0443,2010-01-18,0,0,-13.26354769242505,0
SAH0599,2010-09-29,0,0,-0.4596809819545342,0
ACV0812,2010-11-29,0,0,-29.08511118119418,0
JCV0245,2010-09-29,0,0,-19.641058908190416,0
KAL0395,2010-06-17,0,0,-27.186702318146786,0
RBB0485,2010-11-08,0,0,-5.336937096990141,0
JCV0245,2010-04-27,0,0,-17.947320818736898,0
BQS0525,2010-01-16,0,0,-20.17456890030178,0
IIL0513,2010-03-15,0,0,-21.136352786049315,0
RBB0485,2011-03-11,0,0,-6.888182725361844,0
AMW0392,2010-10-05,0,0,-27.031432939441856,0
NHH0185,2011-03-02,0,0,-19.765346804152387,0
JCR0921,2010-06-24,0,0,-9.729164321534086,0
TET0621,2010-06-14,0,0,-6.41152282867597,0
GQP0743,2011-01-07,0,0,-5.300509977277102,0
NDM0417,2010-12-21,0,0,-23.835533248974343,0
IRM0931,2010-01-02,0,0,-26.899597853305522,0
ZDW0859,2010-11-01,0,0,-5.551780996600087,0
KMW0545,2010-02-17,0,0,-12.29653766522108,0
AOB0019,2011-04-27,0,0,-20.758597692679928,0
MDH0580,2010-09-10,0,1,-2.313731226319078,0
HCM0267,2010-08-10,0,0,-9.666997725444503,0
JML0909,2010-10-11,0,0,-20.864226899001437,0
DIC0988,2011-05-13,0,0,0.8205818240877534,0
EPW0434,2010-07-13,0,0,-11.284423834212362,0
HAH0760,2010-08-18,0,0,-21.145142238267795,0
NKH0979,2011-04-07,0,0,-20.92039391704043,0
HCV0478,2010-12-10,0,0,-6.561370689023192,0
VMJ0147,2011-05-13,0,0,-26.980607013022677,0
SIJ0661,2010-04-08,0,0,14.542289338612704,1
ESJ0670,2010-11-23,0,0,-22.71365751630981,0
CAC0889,2010-01-04,0,0,-19.88698136452581,0
HKF0831,2010-02-22,0,0,-0.3858800300046141,0
GZB0469,2011-02-02,0,0,-0.9964347838972571,0
HCM0267,2010-07-08,0,0,-10.263459425806673,0
EMW0105,2010-08-30,0,0,-25.61298442622467,0
SOF0808,2010-04-09,0,0,-28.037740619071542,0
EZH0736,2010-04-16,0,0,-7.592974657226705,0
SNC0187,2010-03-05,0,0,-19.33027214200615,0
RJM0381,2010-01-27,0,0,-24.012910688973193,0
DZC0228,2010-10-22,0,0,-11.514432318016588,0
MAH0149,2010-11-12,0,0,-26.674487556810618,0
HDD0806,2011-02-27,0,0,-10.18358064979327,0
TSM0927,2010-02-26,0,0,-22.062980351888882,0
ILJ0526,2011-04-19,0,0,-20.467196725625286,0
BJH0354,2011-04-18,0,0,-26.898548716980372,0
RHP0484,2010-10-12,0,0,-8.789539968003282,0
SAA0999,2011-03-03,0,0,-14.627043529382718,0
BMT0528,2010-08-23,0,0,-21.415978853629213,0
YDN0198,2010-02-25,0,0,-27.45164986576833,0
ELB0847,2010-06-03,0,0,-1.4904878636043577,0
MBR0724,2011-05-11,0,0,-0.22543925009529175,0
RDM0115,2011-02-18,0,0,-27.28771171180847,0
HDS0367,2011-04-01,0,0,-17.194525940208905,0
YCE0983,2010-03-30,0,0,-25.670338902436242,0
GJT0386,2010-08-27,0,0,-1.2495069316379386,0
CIM0271,2011-03-14,0,0,-17.21214506799788,0
SAC0687,2010-11-22,0,0,-26.875822600569222,0
LHB0967,2010-06-16,0,0,-1.3883418056542496,0
IIW0249,2010-12-28,0,0,-0.7125194777246406,0
AVM0947,2010-04-22,0,0,-7.299905760135289,0
BVC0790,2010-01-24,0,0,-13.418260976323495,0
GDF0704,2010-01-25,0,0,-1.4202651581832697,0
JKM0303,2011-03-14,0,0,-0.7224114404158399,0
MDH0580,2011-01-03,0,1,-2.343270706559224,0
MCF0327,2011-05-06,0,0,-4.42747144795635,0
AHC0142,2010-01-13,0,0,-24.226059901537155,0
CLF0852,2010-11-09,0,0,-4.595117279720398,0
KRM0541,2011-04-01,0,0,-23.4778035374743,0
GZC0735,2011-03-23,0,0,-5.629869387421422,0
FKB0163,2010-08-20,0,0,-20.256568679002953,0
LMF0980,2011-04-08,0,0,-21.330610392499807,0
UBF0645,2010-05-17,0,0,-21.015487214711243,0
HPM0986,2011-01-24,0,0,-16.672038473281418,0
ALD0529,2010-08-02,0,0,-21.397885216953796,0
FKK0055,2010-02-11,0,0,-21.78042095919659,0
BBH0810,2011-04-04,0,0,-27.099391964333677,0
ASS0206,2010-10-11,0,0,2.847486333770007,0
DAG0558,2010-01-06,0,0,-28.628924487270865,0
IMG0320,2010-04-20,0,0,-4.455607403608269,0
NMF0780,2010-10-06,0,0,-19.7744047319394,0
RRP0568,2010-12-14,0,0,-23.20602235868614,0
KRG0158,2010-02-05,0,0,-28.289101761591837,0
TSG0906,2010-01-14,0,0,-22.360773409824674,0
BAJ0654,2010-04-21,0,0,-20.770102813937797,0
AMJ0297,2010-09-21,0,0,-1.2191903865591485,0
CRP0456,2010-05-19,0,0,-0.029480686207648432,0
SVL0803,2010-09-09,0,0,-2.690712659505266,0
DRR0242,2010-04-10,0,0,-27.49233057587503,0
DJB0159,2011-05-04,0,0,-18.602879380796594,0
BSS0463,2011-03-24,0,0,-0.4596809819545342,0
JRG0207,2010-07-14,0,1,0.9464219540391241,0
FXF0957,2011-03-30,0,0,-0.7064905313396821,0
ABC0174,2010-02-25,0,1,1.124279775410855,0
GKO0078,2010-08-31,0,0,-9.705876163050561,0
IKR0401,2010-04-15,0,1,-1.0389094775420062,0
SBD0913,2010-10-19,0,0,-0.7426932003679667,0
SBQ0786,2010-06-29,0,0,13.26567915742578,1
LBF0214,2011-02-03,0,0,0.23162235774850615,0
ZMC0284,2010-06-08,0,0,-17.441534225780174,0
NGF0157,2010-06-30,0,0,-12.770692418928093,0
IBP0883,2010-03-17,0,0,-20.38937825877281,0
DFR0218,2010-12-08,0,0,-21.26714726008447,0
HKF0831,2011-02-28,0,0,-1.589437420292029,0
CFG0959,2010-11-01,0,0,-3.7022810571497757,0
JBD0616,2010-08-20,0,0,-2.9178912585800845,0
GJD0298,2010-04-22,0,0,-0.029480686207648432,0
HRD0635,2010-03-24,0,0,-21.579404330019884,0
AMJ0297,2010-06-04,0,0,-0.029480686207648432,0
CKH0144,2011-01-25,0,0,-27.507592435759193,0
VCC0396,2010-09-20,0,0,-6.23654906952936,0
TUC0632,2010-01-18,0,0,-18.959050883439204,0
TSB0437,2011-01-10,0,0,-18.760651244296128,0
KDS0349,2010-04-26,0,0,12.650106313913511,1
BWH0813,2010-06-29,0,0,-26.0258332268877,0
AKK0329,2010-04-07,0,0,-19.49391359838046,0
BBS0422,2011-02-05,0,0,-0.8359752062295911,0
CCC0393,2011-01-18,0,0,-27.136055366408755,0
KJW0416,2010-04-27,0,0,-4.797815070351362,0
KPP0452,2010-04-08,0,0,-1.2018865578410214,0
RLG0856,2011-01-11,0,0,0.6787538841896321,0
GCR0554,2010-08-11,0,0,-7.604367494528219,0
ATF0274,2010-12-17,0,0,-23.341124360131175,0
UCH0519,2011-01-13,0,0,-21.741885558658282,0
THD0448,2010-08-11,0,0,-1.404150611370028,0
NAR0981,2010-02-18,0,0,-24.800353818533722,0
ABH0663,2010-04-13,0,0,-2.3076543476885263,0
LEM0605,2010-08-18,0,0,-6.06873283869777,0
DIB0081,2010-02-25,0,0,-9.85870355010752,0
RHY0079,2011-02-24,0,0,-14.725454579472967,0
AIP0394,2010-05-21,0,0,-7.668011326670467,0
JMC0925,2010-11-05,0,0,-8.420391359078167,0
ONW0083,2010-10-25,0,0,-16.97927360098288,0
WTF0387,2011-04-11,0,0,-1.327675265935568,0
VTT0385,2010-06-15,0,0,-23.80819156007601,0
CAS0507,2010-02-15,0,0,-20.5306696279589,0
AMW0392,2010-07-10,0,0,-25.054296772314956,0
CBG0490,2010-03-17,0,0,-8.483698422054431,0
SBK0161,2010-09-01,0,0,-19.369995410652223,0
GZC0735,2010-12-21,0,0,-4.394082459337255,0
GCS0571,2011-03-21,0,0,-4.811043345435564,0
MHH0180,2010-11-09,0,0,-17.99683220575423,0
JCR0770,2011-03-31,0,0,-19.830551687494108,0
LIM0674,2011-01-06,0,0,-11.520061351315121,0
LEM0605,2010-04-30,0,0,-4.294250360339561,0
YCE0983,2010-12-13,0,0,-25.169070141593238,0
DKB0631,2010-03-23,0,0,-18.389787199061857,0
DTT0076,2011-05-02,0,0,-14.5710673268959,0
ZSK0258,2011-02-17,0,0,-20.21444040121628,0
ADD0846,2011-04-14,0,0,-3.067758533759161,0
POB0343,2010-10-18,0,0,-21.24190111273583,0
JFC0557,2010-06-22,0,0,-2.5497559830431555,0
WKF0012,2011-02-22,0,0,-19.624806441552664,0
AAF0791,2011-03-25,0,0,-3.6156108892143948,0
SGM0021,2010-01-18,0,0,-21.752038392294367,0
SHR0334,2010-07-08,0,0,-18.87022359573291,0
PNH0761,2010-02-25,0,0,-21.80537748962456,0
LRW0970,2010-04-23,0,0,-3.855992727950138,0
HGH0595,2010-08-13,0,0,-0.029480686207648432,0
MSG0839,2010-01-07,0,0,-1.0498541092994174,0
JTS0389,2011-04-27,0,0,-23.20834268823819,0
KJG0910,2011-03-21,0,0,-20.88987158352893,0
NBH0256,2011-04-25,0,0,-18.154727978643905,0
BCM0653,2010-01-21,0,0,-21.533921190172464,0
SGG0787,2011-05-12,0,0,-23.25131851140293,0
RRP0568,2010-02-10,0,0,-22.118738499585902,0
TDG0962,2010-08-03,0,0,-2.9771309032206545,0
ABH0663,2010-09-07,0,0,-0.7839760900205874,0
NDM0417,2010-08-02,0,0,-22.154267841159594,0
RNF0765,2010-11-16,0,0,-21.14364623941958,0
IRM0931,2011-01-14,0,0,-21.78200675961125,0
MPT0376,2010-01-19,0,0,-0.06955644375636894,0
MDH0686,2010-08-19,0,0,-4.382303148495794,0
MYD0978,2010-07-26,0,1,-20.89851930689383,0
RTO0313,2010-10-06,0,0,-3.333182442601924,0
SHW0578,2011-04-25,0,0,-0.029480686207648432,0
BNG0237,2011-01-11,0,0,-3.2530768186591104,0
ABM0845,2010-11-22,0,0,-0.3858800300046141,0
PLH0862,2011-03-25,0,0,-4.583366656239832,0
JMK0099,2011-03-02,0,0,-9.472877392872647,0
ATE0869,2010-08-26,0,0,-4.020288081884132,0
GCC0744,2010-02-05,0,0,-5.082621326093772,0
TPH0474,2010-01-29,0,0,-0.4596809819545342,0
NJC0705,2011-04-29,0,0,-0.3858800300046141,0
CJC0494,2010-07-06,0,0,-7.383510658102409,0
SOG0411,2010-06-24,0,0,-6.249471380357363,0
ATE0869,2011-03-15,0,0,-5.844926439942128,0
GQP0743,2011-01-31,0,0,-4.85804992485464,0
HIA0414,2010-12-27,0,0,-11.73336710880244,0
ETR0177,2010-05-06,0,0,-25.029773217082038,0
JSH0330,2010-06-16,0,0,-19.930796886491976,0
GTD0898,2010-06-17,0,0,-22.017591307112866,0
EZH0736,2011-01-19,0,0,-7.725023989190163,0
ATF0274,2010-04-22,0,0,-22.282686329601006,0
BSH0445,2010-01-27,0,0,-13.583974484619034,0
WKF0012,2011-02-28,0,0,-19.933096212823102,0
ZJS0269,2011-04-13,0,0,-22.80692222328753,0
CKP0721,2010-03-17,0,0,-0.9603885267399619,0
MAR0955,2010-11-12,0,1,-0.9964347838972571,0
RAS0432,2010-01-27,0,0,-10.689185965459842,0
KJS0618,2010-10-15,0,0,-5.448115698940569,0
HAH0248,2010-06-18,0,0,-17.684340962981196,0
JSH0330,2010-08-19,0,0,-20.07967121761044,0
JMC0925,2010-03-10,0,0,-9.996447704486854,0
MSO0222,2010-08-11,0,1,-20.86101630877579,0
AMR0318,2011-04-26,0,0,-6.121451383505246,0
LBF0214,2010-01-16,0,0,0.8111652382701777,0
AAF0791,2010-05-28,0,0,-11.250954831856461,0
DLF0377,2011-03-21,0,0,-3.9045948516882163,0
CAH0936,2010-08-26,0,1,-25.512487805096498,0
WJD0576,2011-05-13,0,0,-0.4596809819545342,0
IIL0513,2011-01-28,0,0,-20.232564421346865,0
CAS0507,2011-02-10,0,0,-19.35631405932122,0
NSC0597,2010-09-02,0,0,-0.4596809819545342,0
ASG0048,2010-06-25,0,0,-26.96363494690354,0
MMB0488,2011-02-25,0,0,-6.416920593186546,0
DDM0579,2010-02-17,0,0,-0.029480686207648432,0
BHC0665,2010-04-08,0,0,-17.336967089898508,0
ESJ0670,2010-11-24,0,0,-21.8196918092151,0
KDT0346,2010-11-19,0,0,-19.810878874703235,0
SPA0141,2011-03-09,0,0,-28.46429339545739,0
ETR0428,2010-01-15,0,0,-8.565873913798214,0
FXF0957,2010-08-20,0,0,-3.9971648671184994,0
TET0621,2011-04-14,0,0,-6.059817768868243,0
LUR0896,2010-11-19,0,0,-20.502823978441484,0
AIP0394,2010-06-25,0,0,-7.1589489885597,0
DFR0218,2010-07-20,0,0,-21.774957235204624,0
HCL0113,2010-08-16,0,0,-10.8103236475647,0
ILH0958,2011-02-03,0,0,-2.5952177897851243,0
CKD0680,2010-06-23,0,0,-20.86547083241453,0
OLW0689,2010-12-01,0,0,-3.1448819369571765,0
CKB0427,2011-02-10,0,0,-13.768217046726818,0
BAK0964,2010-07-21,0,0,-0.7064905313396821,0
NRD0548,2010-10-04,0,0,-0.133030630350504,0
WJD0576,2010-11-09,0,0,-2.7687114063107856,0
HWM0342,2010-10-26,0,0,-20.905739119838245,0
GLR0975,2010-02-25,0,0,-21.08614719503555,0
UIR0043,2010-10-18,0,0,-20.564311417699855,0
UCS0227,2010-05-19,0,0,2.1974736439671005,0
RFP0380,2010-08-27,0,0,-1.154985513631459,0
MDM0625,2010-05-07,0,0,-4.469526866955107,0
IHK0841,2010-08-17,0,0,-1.1260412373189865,0
KDS0349,2010-03-05,0,0,15.032518148844815,1
MSD0939,2011-05-06,0,0,-27.99407280487287,0
RGN0408,2011-01-24,0,0,-8.9463070049419,0
TAC0300,2010-12-30,0,0,-0.029480686207648432,0
FSB0399,2010-02-01,0,0,-6.554078469980709,0
JMC0925,2010-06-09,0,0,-8.046367943613063,0
NLO0131,2010-05-11,0,0,-0.029480686207648432,0
TEM0093,2010-01-28,0,0,-12.026497465400325,0
TLH0648,2011-03-18,0,0,-19.48816434827006,0
SJW0451,2010-04-15,0,0,-1.2191903865591485,0
NKP0236,2011-05-12,0,0,-28.567752582162484,0
ARB0834,2010-06-22,0,0,-1.0498541092994174,0
CLD0894,2010-11-09,0,0,-22.40012185175192,0
XRS0633,2010-09-20,0,0,-21.146243531498953,0
CNM0800,2010-01-04,0,0,-24.35871973975702,0
WTR0563,2010-06-04,0,0,-25.425399646050096,0
MES0407,2010-04-16,0,0,-8.575661631693379,0
PMC0328,2010-06-09,0,0,-20.18490125168603,0
RHY0079,2011-03-16,0,0,-14.741978593436443,0
KMB0922,2010-03-29,0,0,-18.738294183513517,0
TPH0474,2010-05-26,0,0,-0.4596809819545342,0
DJS0682,2010-11-15,0,0,-8.731247276517365,0
ASL0378,2011-05-13,0,0,-24.558138686242046,0
SAK0375,2010-06-29,0,0,-21.7242059081417,0
ZKS0899,2010-06-14,0,0,-21.364648871592408,0
PKB0281,2010-12-21,0,0,-19.173007423612944,0
MPT0376,2010-11-26,0,0,-3.642337460261615,0
HLM0933,2010-09-15,0,0,-6.859668823608104,0
JGM0934,2011-03-02,0,0,-5.6096825327999795,0
BSB0990,2010-12-22,0,0,-3.7934878080325234,0
HJA0018,2010-01-22,0,0,-20.904114336618477,0
JJB0700,2010-07-23,0,0,-1.112927565131713,0
SNS0129,2010-10-07,0,0,-27.833677036068707,0
ATP0662,2010-01-12,0,0,-23.463624919617246,0
CTR0697,2010-09-02,0,0,-0.7064905313396821,0
JCC0225,2010-12-27,0,0,-22.3509937224984,0
KKS0119,2010-03-29,0,0,-26.398979511274888,0
ADC0391,2011-03-24,0,0,-4.810189676887717,0
HKR0628,2011-04-11,0,0,-6.558811006231963,0
DLS0383,2010-10-28,0,0,-22.02070692177392,0
UIR0043,2010-04-14,0,0,-20.195307438442228,0
ILC0838,2010-08-19,0,0,-3.384029984063204,0
MES0407,2010-12-13,0,0,-6.8778538073484015,0
JJB0700,2010-02-11,0,0,-0.3858800300046141,0
CKP0721,2010-05-06,0,0,-1.0498541092994174,0
EHB0420,2010-03-05,0,0,-16.91402001219717,0
KSH0569,2010-12-07,0,0,-9.481522690647466,0
KPP0452,2010-06-17,0,0,-0.029480686207648432,0
MLG0475,2011-03-11,0,0,-2.7687114063107856,0
LBF0214,2010-06-05,0,0,-1.278226017111706,0
PMJ0564,2010-08-13,0,0,-27.826833606083483,0
TVS0050,2010-12-09,0,0,-20.574601357210895,0
MOP0763,2010-06-08,0,0,-18.958950842231047,0
HDH0928,2011-02-04,0,0,2.007316812314798,0
GZB0469,2010-06-24,0,0,-0.029480686207648432,0
CJH0702,2010-02-02,0,0,-0.3858800300046141,0
DEB0782,2010-10-05,0,0,-22.177337964509547,0
ERH0449,2010-04-16,0,0,-1.554566390976447,0
BHC0665,2011-04-15,0,0,-18.397381935472822,0
AIP0982,2010-09-30,0,0,-23.95803654205713,0
NBC0412,2011-02-14,0,0,-8.514747254211102,0
PGO0433,2010-10-08,0,0,-13.300226321435275,0
BNG0237,2010-10-01,0,0,-11.589689595845584,0
WIF0691,2011-02-15,0,0,-20.613000996129585,0
XRS0633,2010-02-19,0,0,-19.68465812235945,0
UBF0645,2011-01-10,0,0,-18.952472574457033,0
VCY0751,2011-03-15,0,0,-3.999445483440354,0
ASG0048,2010-10-07,0,0,-27.909455519641142,0
IIA0092,2010-11-11,0,0,-14.207109070082197,0
ACC0042,2010-02-08,0,0,-21.315764920914376,0
ATP0662,2010-02-22,0,0,-27.173230197158887,0
AKC0924,2010-08-23,0,0,-22.637181659294924,0
WDD0366,2010-04-14,0,1,-22.153682789809636,0
MDH0686,2010-04-29,0,0,-8.040434591051394,0
CAM0102,2010-04-16,0,0,-26.745952191985452,0
CKB0427,2010-10-18,0,0,-11.264487139735706,0
JCR0770,2010-11-01,0,0,-21.228307059185113,0
MGS0974,2011-04-12,0,0,-20.021892247150504,0
CSL0949,2010-06-09,0,0,-4.661983583115784,0
HWM0342,2010-01-05,0,0,-19.312688619257187,0
CAS0507,2011-04-14,0,0,-20.58526272590518,0
WAB0143,2010-09-21,0,0,-20.578570722607992,0
VLB0647,2011-04-14,0,0,-19.863901837430035,0
SAK0375,2010-12-20,0,0,-22.598183661113467,0
AKC0924,2010-03-02,0,0,-22.496946118239066,0
MCF0600,2010-03-10,0,1,-0.029480686207648432,0
UCS0227,2010-12-14,0,0,0.7918324586737526,0
SBN0971,2010-07-22,0,0,-0.7369174506420677,0
UCS0227,2010-01-12,0,0,2.8444971451910988,0
LNR0656,2010-07-19,0,0,-20.4550065699965,0
PGH0184,2010-02-04,0,0,-21.674143119579867,0
BRB0355,2011-04-17,0,0,-12.637430095258196,0
ACC0042,2010-10-27,0,0,-21.044943664156904,0
FGW0853,2010-08-25,0,0,-4.738502604026621,0
AJN0607,2011-04-18,0,0,-3.638011018585985,0
PLH0715,2011-01-24,0,0,-0.3858800300046141,0
GCC0744,2010-09-20,0,0,-4.532465067816247,0
DBS0235,2010-08-11,0,0,-20.286737304499525,0
DFH0188,2010-05-17,0,0,-20.510386968600983,0
IRT0491,2010-01-14,0,0,-7.4118327557246175,0
CRP0456,2010-07-13,0,0,-0.3858800300046141,0
DBS0235,2010-12-01,0,0,-21.084491120167513,0
RKF0164,2011-03-21,0,0,-19.609462682043954,0
JOM0750,2010-08-26,0,0,-7.158011953318692,0
MSH0040,2010-05-28,0,0,-20.595184464623458,0
HAH0760,2010-11-16,0,0,-22.36460873673468,0
PLH0715,2011-02-24,0,0,-1.4904878636043577,0
SAC0592,2010-05-06,0,0,-1.23947277238085,0
CKB0482,2010-12-22,0,0,-6.733997795285404,0
TLH0648,2011-03-03,0,0,-18.290030999891655,0
ARA0252,2010-04-20,0,0,-17.327085389748504,0
MTB0620,2011-03-24,0,0,-6.898516176937392,0
HVB0037,2011-04-04,0,0,0.13680545666329635,0
KMB0922,2010-08-06,0,0,-22.04449319121568,0
BKW0374,2010-03-02,0,0,-21.99315208743019,0
CAS0507,2010-02-25,0,0,-18.40146139088813,0
KPC0073,2010-06-09,0,1,-26.23077537601921,0
NKP0236,2010-02-18,0,0,-29.107143190789998,0
CJV0286,2010-12-27,0,0,-19.396876145609554,0
GRC0145,2010-07-06,0,0,-26.178672892300142,0
MJB0588,2010-05-06,0,0,-0.4596809819545342,0
CTR0697,2010-03-19,0,0,-1.8311822238694049,0
CWR0502,2011-03-11,0,0,-5.743572778173302,0
KMS0657,2010-05-12,0,0,-19.77755120028155,0
HVF0067,2010-06-10,0,0,-5.30862192484858,0
HSP0290,2010-06-07,0,0,-0.7224114404158399,0
WXH0872,2010-06-08,0,0,-1.7945095462115432,0
SLP0762,2011-02-15,0,0,-18.892361859914217,0
TDJ0998,2010-12-28,0,0,-18.218023690799782,0
XHG0902,2010-10-05,0,0,-21.387727140010725,0
IKP0472,2011-04-14,0,0,-4.4280770792530575,0
FIR0920,2010-07-22,0,0,-22.050922633667028,0
CKB0482,2011-01-03,0,0,-5.933021733783221,0
CEJ0109,2010-11-24,0,1,-9.16264861643424,0
CQH0730,2010-07-29,0,0,-6.176185227564588,0
ELT0769,2010-09-27,0,0,-22.017591307112866,0
CTA0020,2010-03-05,0,0,-21.065551555111483,0
KSH0569,2010-03-30,0,0,-11.382750043914825,0
OLB0749,2010-02-08,0,0,-8.732099266511568,0
WPR0368,2011-04-01,0,0,-21.87412932326663,0
ADD0846,2011-03-24,0,0,-3.646875152346979,0
QNP0216,2011-05-09,0,0,-20.132005126988815,0
IRT0491,2010-01-22,0,0,-5.5619341452946855,0
FIR0920,2011-02-18,0,0,-21.720410951533836,0
CKH0144,2011-01-06,0,0,-26.549644147634808,0
UCH0519,2010-04-06,0,0,-21.228307059185113,0
GDF0704,2010-02-05,0,0,-0.7064905313396821,0
NCK0295,2010-01-22,0,0,-2.2832896928276796,0
SES0477,2010-03-19,0,0,-7.298337108872033,0
KWE0082,2010-05-10,0,0,-13.938869243703834,0
JBM0350,2011-03-17,0,0,-25.382461972064675,0
PNH0761,2010-05-11,0,0,-22.41868816415092,0
GBM0603,2010-02-11,0,0,-0.8835039485001062,0
AKK0329,2010-11-30,0,0,-19.12078831481324,0
CKP0721,2010-04-08,0,0,-2.5114861009300284,0
BBG0325,2011-02-22,0,0,-1.7520454185172412,0
EIS0041,2010-08-27,0,0,-13.787512734321353,0
RVC0232,2011-01-10,0,0,-1.462422288092057,0
DPS0262,2010-01-04,0,0,-18.40890076423989,0
WDD0366,2010-01-28,0,1,-22.94661346810949,0
BMM0112,2010-05-20,0,0,-21.741885558658282,0
NCE0097,2010-01-28,0,0,-7.813225514345504,0
MVB0515,2010-04-01,0,0,-22.049228449494876,0
CCM0855,2010-09-17,0,0,-4.580432826877427,0
CLF0852,2010-03-01,0,0,-3.9419653318252585,0
MMG0943,2010-08-11,0,0,-8.265730973715677,0
AIP0982,2010-04-30,0,0,-14.26476009267651,0
DGF0443,2010-03-09,0,0,-15.912006984254731,0
MSZ0310,2010-02-18,0,0,-6.063603956656266,0
UAD0771,2010-09-29,0,0,-20.289614853324565,0
CLS0296,2010-01-06,0,0,-2.2832896928276796,0
RHC0335,2010-04-14,0,0,-19.49391359838046,0
HCW0419,2011-01-25,0,0,-23.142813711543454,0
MLG0475,2010-04-28,0,0,-0.7224114404158399,0
CCL0068,2010-05-20,0,1,-22.15396117766477,0
BHW0458,2010-12-14,0,0,-3.067758533759161,0
RSC0089,2010-07-13,0,0,-11.932519986448597,0
DEB0782,2010-07-15,0,0,-22.017591307112866,0
CKP0721,2010-11-17,0,0,-4.678457436195231,0
WAB0143,2010-08-03,0,0,-21.42097472554144,0
PLH0862,2010-07-02,0,0,-4.937618856536119,0
MTB0620,2011-01-07,0,0,-1.2258732140163602,0
KLM0639,2011-01-06,0,0,-17.753464934327667,0
PDW0259,2010-05-21,0,0,-19.533703170684248,0
RMS0266,2010-01-25,0,0,-1.8048251013007075,0
MVF0594,2010-08-06,0,0,-2.2832896928276796,0
FTM0406,2010-07-07,0,1,-2.0015297438945936,0
HLH0512,2010-07-26,0,0,-19.591256246888634,0
DJS0682,2010-05-17,0,0,0.7726968704791943,0
DKB0631,2011-03-01,0,0,-19.971172789349453,0
GAF0060,2010-09-30,0,0,1.2689553427461533,0
CAB0614,2011-03-30,0,0,-2.973946865011385,0
JSA0775,2010-03-05,0,0,-20.88987158352893,0
FLM0213,2010-02-05,0,0,3.439476431955768,0
JAJ0849,2010-05-18,0,0,-2.22460976006937,0
NRD0548,2010-06-22,0,0,1.972782708780528,0
VTT0385,2010-09-02,0,0,-21.032578061543177,0
JRG0207,2010-05-21,0,1,2.2918380931331512,0
JRG0207,2010-07-23,0,1,5.806864865312264,0
MKL0941,2010-09-03,0,0,-7.713282539719444,0
DMK0257,2010-03-26,0,0,-17.37307694844685,0
JPA0667,2010-08-10,0,0,-20.632201429119846,0
DGF0443,2010-02-15,0,0,-16.01205631374137,0
DOL0332,2010-08-02,0,0,-18.527339213429627,0
AKH0758,2010-01-19,0,0,-21.14364623941958,0
GOK0238,2010-07-19,0,0,-27.090696449754546,0
TEB0251,2011-02-03,0,0,-20.55292319207956,0
MFV0897,2011-04-01,0,0,-20.844096365091673,0
PKB0281,2010-10-04,0,0,-20.635977951933796,0
BJH0811,2010-01-26,0,0,-27.1671320546468,0
JFC0557,2010-10-22,0,0,-4.458628283420467,0
TBT0461,2010-03-30,0,0,-0.029480686207648432,0
GTD0898,2010-01-25,0,0,-16.07223347027059,0
BTW0005,2010-03-05,0,0,-23.318802979573093,0
JCR0172,2011-03-04,0,0,-6.768351355933646,0
SLP0762,2010-05-12,0,0,-21.335937955741997,0
AMV0036,2011-01-31,0,0,2.6418128828858016,0
MOP0763,2010-03-09,0,0,-18.958950842231047,0
FEB0306,2010-02-23,0,0,-5.908925235956417,0
KJS0618,2010-10-14,0,0,-7.069775006189161,0
PKB0429,2011-01-12,0,0,-9.842559043148071,0
GHH0288,2010-12-07,0,0,-6.124441976840103,0
FGW0853,2011-04-20,0,0,-2.326407374809264,0
TCD0009,2011-03-24,0,0,-26.220278236568674,0
CJP0952,2011-02-08,0,0,-1.5794869891409462,0
HFB0347,2010-01-07,0,0,-20.45312349189112,0
SSJ0784,2010-10-24,0,0,-19.207630198937863,0
KRM0541,2011-04-15,0,0,-21.257439597219786,0
CEB0210,2010-02-15,0,0,1.8086357293828996,0
DIC0988,2010-10-12,0,0,0.5808325298901309,0
NCK0295,2010-01-11,0,0,-2.2832896928276796,0
LAM0911,2011-02-22,0,0,12.385072664374547,1
MGS0974,2010-12-28,0,0,-22.018932739100023,0
DTT0076,2011-01-12,0,0,-15.388218638320609,0
GTD0116,2010-11-08,0,0,-25.609962754066032,0
AES0827,2011-04-07,0,0,-2.822060863980596,0
DBB0384,2010-06-02,0,0,-21.626993925169813,0
CNB0900,2011-04-14,0,0,-18.428991344851966,0
WIF0691,2010-09-08,0,0,-22.653842892667285,0
ESR0693,2010-08-09,0,0,-27.296426746623638,0
IHK0841,2010-03-12,0,0,-0.7369174506420677,0
CNE0352,2011-03-17,0,0,-15.715217958771404,0
CCH0182,2010-07-20,0,0,-20.042601930110322,0
KWC0004,2010-08-02,0,0,-23.109807044813692,0
JCR0921,2010-04-19,0,0,-9.553986455303175,0
LRW0970,2010-05-13,0,0,-4.64161472324372,0
KWE0082,2010-01-21,0,0,-11.546418054405194,0
SSG0250,2010-11-24,0,0,-17.249185854211532,0
MAW0166,2011-05-16,0,0,-24.056310666676495,0
SSS0345,2011-01-28,0,0,-18.48721488163278,0
RFP0380,2010-03-11,0,0,0.3019729051985678,0
HPH0075,2010-08-02,0,0,-8.851669829718617,0
WIQ0567,2011-04-27,0,0,-22.173108152494365,0
DCH0843,2010-08-26,0,1,-0.7064905313396821,0
MLG0475,2010-07-14,0,0,-1.2191903865591485,0
HLH0512,2010-05-24,0,0,-21.232575671854647,0
EZT0640,2010-04-30,0,0,-18.08298036444262,0
VAA0087,2011-03-24,0,0,-18.692851730243547,0
HDH0928,2011-04-11,0,0,-2.1577626792545743,0
SBN0866,2010-03-31,0,0,-3.632144454166678,0
AQD0820,2010-05-14,0,0,-9.087282862280176,0
CPG0322,2010-06-24,0,0,-2.447635411504507,0
ORG0339,2010-07-28,0,0,-19.62069140418987,0
KMB0922,2010-11-12,0,0,-21.515871910819897,0
HCL0113,2010-05-14,0,0,-6.673110563990122,0
IKR0401,2010-01-13,0,1,-7.36912186901975,0
ATE0869,2010-05-07,0,0,-6.1439838692489275,0
VCY0751,2010-07-20,0,0,-3.092074861266383,0
JTS0389,2010-02-08,0,0,-20.647253098335,0
RAB0589,2010-01-06,0,1,-5.588374996152652,0
DTT0076,2011-03-08,0,0,-16.215717094251886,0
SBK0161,2010-03-09,0,0,-21.047825228138322,0
AKK0329,2010-02-04,0,0,-21.57316332038681,0
NNA0610,2010-06-14,0,0,-3.7200749447981707,0
AAM0658,2010-04-30,0,1,-18.48721488163278,0
JIM0095,2010-08-18,0,0,-26.96639891813686,0
MSS0001,2011-04-11,0,0,-15.472555146616969,0
CMB0912,2010-01-29,0,0,-25.1748923094691,0
OMM0944,2010-10-14,0,0,-1.0498541092994174,0
ALH0402,2011-03-15,0,0,-9.62360368124041,0
CAB0614,2011-02-14,0,0,-7.793309621172739,0
JDC0030,2010-11-12,0,0,-27.055797573047244,0
NJB0243,2010-12-03,0,0,-17.81689955336458,0
FWM0707,2011-03-08,0,0,-4.07077497313287,0
RAR0725,2010-01-26,0,1,-1.941130953117863,0
AAW0353,2010-08-26,0,0,18.623245441280346,1
AJL0462,2010-07-30,0,0,-2.0829632363322617,0
HWM0342,2010-12-30,0,0,-19.48816434827006,0
ALB0892,2010-03-27,0,0,-20.16235343304777,0
NGC0058,2010-12-27,0,0,8.66654513188405,1
CLS0296,2010-11-01,0,0,-0.029480686207648432,0
ONL0276,2011-01-25,0,0,-26.97053678620682,0
VCY0751,2010-04-13,0,0,-8.062784253661334,0
MBR0724,2010-09-13,0,0,-2.3067309677462617,0
AIP0982,2010-10-25,0,0,-23.57160707852472,0
AMD0077,2010-12-16,0,0,-15.277164596273906,0
SNS0129,2010-09-21,0,0,-28.003178798563226,0
AKW0167,2010-02-03,0,0,-27.024365148706806,0
OMS0101,2011-05-06,0,0,-25.689656544909326,0
RSC0089,2011-05-06,0,0,-18.381343888828837,0
JNA0559,2010-01-12,0,0,-3.345686548516369,0
FFC0891,2010-04-13,0,0,-21.07097750496382,0
CWB0065,2010-02-08,0,0,-24.353118386078677,0
ENC0234,2010-03-12,0,0,-10.327481147289518,0
IMP0530,2011-03-07,0,0,-20.88987158352893,0
JOM0750,2010-09-29,0,0,-2.779758386854155,0
JFC0757,2011-03-09,0,0,-16.27657547894455,0
COM0321,2010-03-26,0,0,-3.7921740100131274,0
HTF0641,2011-05-16,0,0,-21.654120549873937,0
WGS0516,2011-01-04,0,0,-19.849755086682308,0
IJM0444,2011-01-10,0,0,-10.275150502283054,0
TUC0632,2011-02-18,0,0,-18.959050883439204,0
DRR0242,2010-03-30,0,0,-28.238745908385113,0
RNL0695,2010-01-15,0,0,-28.03889029743698,0
CSP0197,2011-03-14,0,0,-0.44918807507099245,0
AJR0932,2010-07-27,0,1,-27.858462197468725,0
JNJ0556,2010-07-06,0,0,-22.638504248675645,0
XWD0923,2010-02-25,0,0,6.149886601094295,0
RGG0064,2010-10-06,0,1,-6.6572969877157675,0
NOB0181,2010-03-24,0,0,-19.82206666474383,0
DBS0235,2010-04-08,0,0,-23.588880380077967,0
SHR0334,2010-10-12,0,0,-19.699822862837436,0
RDT0424,2011-04-15,0,0,0.5943566749045885,0
KSP0966,2010-12-13,0,0,-0.3858800300046141,0
ARL0034,2011-03-15,0,0,4.215340045599646,0
JGM0934,2011-05-13,0,0,-9.600818994860674,0
ESH0283,2010-09-02,0,0,-13.928004959258487,0
ELH0960,2010-12-06,0,0,-3.5260224806002043,0
KCF0045,2010-01-27,0,0,-20.582556179761696,0
CNM0800,2010-06-02,0,0,-21.848033927278152,0
VMJ0147,2011-05-03,0,0,-27.072799478216098,0
BAH0875,2011-05-13,0,0,-5.536448664356158,0
ATF0274,2010-01-04,0,0,-21.07350576699332,0
SEJ0677,2010-08-31,0,0,0.737937995882362,0
RDT0424,2011-01-27,0,0,-12.271481022525109,0
CCM0855,2010-08-25,0,0,-5.116632127084699,0
HKF0831,2011-01-18,0,0,-3.2814880105289603,0
AOK0844,2010-01-17,0,0,-5.566380596539602,0
GAF0570,2011-04-01,0,0,-5.685637108492301,0
AMJ0297,2010-08-16,0,0,-0.4596809819545342,0
CFG0959,2010-07-16,0,0,-1.49582182495692,0
HCV0478,2010-06-23,0,0,-7.280531071270161,0
ZCF0590,2010-08-26,0,0,-0.4596809819545342,0
AKR0057,2010-07-28,0,1,-27.136372477854025,0
MCJ0324,2010-03-29,0,0,-5.10884157111434,0
HRB0351,2010-06-10,0,0,-11.104125389085766,0
CRO0027,2010-09-09,0,0,-5.1000128902115875,0
ARD0509,2010-09-21,0,0,-20.929667236146543,0
ASV0946,2010-02-05,0,0,-0.9964347838972571,0
HMW0713,2011-01-12,0,0,-1.49582182495692,0
GCC0945,2010-07-08,0,0,-3.067758533759161,0
BVN0514,2010-04-26,0,0,-22.423873158616516,0
AHC0142,2010-02-10,0,0,-26.819138147590138,0
JAD0609,2010-01-26,0,0,-7.160603332231403,0
TUC0632,2011-02-17,0,0,-18.113740406053807,0
ANP0555,2010-09-16,0,0,-1.7065507236862913,0
NGO0690,2010-05-04,0,0,-6.228069435176849,0
VAA0087,2010-09-10,0,0,-18.728857010132742,0
TLH0648,2011-04-01,0,0,-16.99740887073051,0
AMH0794,2010-12-30,0,0,-10.33932472682352,0
JCC0225,2011-01-28,0,0,-21.48188481560817,0
BBG0325,2010-07-07,0,0,-5.71555605820015,0
SVL0803,2010-12-16,0,0,-1.927763867099884,0
LEM0605,2010-05-03,0,0,-5.005065878322284,0
JGM0934,2011-02-11,0,0,-8.62360653832286,0
HWW0436,2010-06-02,0,0,-6.879392097043706,0
GLR0975,2010-03-08,0,0,-20.4568247182425,0
SXM0895,2010-02-19,0,0,-19.615245437662225,0
TAC0300,2010-04-12,0,0,-0.029480686207648432,0
WAB0143,2010-03-12,0,0,-19.96619813889515,0
ERH0449,2010-10-19,0,0,-0.9603885267399619,0
LPC0492,2010-05-07,0,0,-5.326815279839934,0
CSH0626,2010-11-01,0,0,-6.905944819231763,0
RKF0164,2010-02-11,0,0,-20.77207394429911,0
FFC0891,2010-02-02,0,0,-16.244884062680626,0
KAC0124,2010-08-11,0,0,-17.5476091238271,0
JJB0127,2010-05-24,0,0,-16.98439204469912,0
VAA0087,2010-03-08,0,0,-18.2136387833865,0
SVS0871,2010-06-17,0,0,-7.099418778491895,0
ALD0529,2011-03-10,0,0,-20.74826392332193,0
ZSL0305,2010-06-22,0,0,-0.4596809819545342,0
KPC0073,2010-03-12,0,1,-26.124735726372023,0
KBG0549,2010-11-29,0,0,-20.16752525153879,0
FSB0399,2011-01-04,0,0,-9.679748102383542,0
FRR0832,2010-08-17,0,0,-0.3858800300046141,0
NGF0157,2010-03-04,0,0,-12.729167207080081,0
GCL0016,2011-05-13,0,0,-27.381269538470406,0
CJK0200,2010-08-25,0,0,-0.5306149711103672,0
WLV0566,2010-06-18,0,0,-3.832369813183959,0
NOB0181,2011-01-31,0,0,-19.67546192120153,0
FBA0348,2010-12-21,0,1,-26.393465518043513,0
CJF0802,2011-04-26,0,0,0.31288918914947317,0
HXL0968,2010-07-09,0,1,0.19954351295723427,0
CNE0352,2011-04-12,0,0,-13.254129211170266,0
BMG0917,2010-05-20,0,0,-7.806366070465856,0
SSJ0784,2011-02-17,0,0,-21.436374009158044,0
RZC0746,2010-10-27,0,0,-4.209306148184737,0
IBP0883,2010-08-12,0,0,-18.414762275433645,0
JCW0858,2011-03-16,0,0,-5.549049000036007,0
FGW0853,2010-06-29,0,0,-7.468109386472065,0
CNE0352,2010-03-03,0,0,-13.183657526238221,0
NCO0666,2011-03-03,0,0,-23.934849060955003,0
NAB0903,2010-07-29,0,0,-19.88698136452581,0
OLF0504,2010-05-11,0,0,-4.842742973287841,0
CJM0521,2010-07-15,0,0,-21.68843689264645,0
JJB0127,2011-03-04,0,0,-18.383880519083164,0
HTF0641,2011-03-17,0,0,-19.231750392577737,0
TJD0996,2010-01-14,0,0,-19.81937881389365,0
SVL0803,2010-01-07,0,0,-3.380415018451572,0
TTD1000,2010-05-26,0,0,-17.678067622191634,0
CHG0146,2010-09-10,0,0,-26.986083755831487,0
HSG0818,2010-10-15,0,0,-27.835086511258396,0
MJM0510,2011-03-16,0,0,-20.81061411270298,0
DLS0383,2010-10-19,0,0,-22.582359199967527,0
KAT0489,2010-12-07,0,0,-8.28926653501901,0
NUL0471,2010-09-14,0,0,-0.9431118171253274,0
BWP0202,2011-05-13,0,0,-2.3321967030503856,0
LAM0911,2010-03-31,0,0,14.46860685367642,1
MMG0943,2010-01-13,0,0,-11.297425503305362,0
HCS0003,2011-01-06,0,0,-17.680312577347536,0
ZJE0857,2011-04-15,0,0,-4.561770444319109,0
MHG0244,2010-11-19,0,0,-19.665625487032912,0
CLB0774,2010-04-09,0,0,-24.158087439640553,0
NGC0058,2010-06-28,0,0,1.1719864465758292,0
ZSB0649,2010-03-10,0,0,-20.758145980189283,0
ROB0272,2011-04-11,0,0,-6.504019640594606,0
PNH0761,2010-09-17,0,0,-23.812836251388035,0
BTR0403,2010-06-28,0,0,-20.943435598320548,0
CFM0767,2010-04-14,0,0,-21.22783566025987,0
CCW0524,2011-04-29,0,0,-21.14364623941958,0
JRF0835,2011-05-06,0,0,-0.9964347838972571,0
DEB0782,2011-03-24,0,0,-18.892361859914217,0
KQS0415,2011-03-07,0,0,-6.53758999977174,0
DAR0885,2010-01-24,0,0,-19.298550517021,0
TYB0779,2011-02-02,0,0,-21.0505857399354,0
IBM0671,2010-12-14,0,0,-9.374957435986516,0
HMW0713,2011-01-21,0,0,-1.0498541092994174,0
NLO0131,2011-04-27,0,0,-0.029480686207648432,0
IMG0320,2010-01-12,0,0,-3.4635238999762805,0
CSP0197,2010-10-14,0,0,-0.9904264864073866,0
SCF0608,2010-06-09,0,0,-3.3938779416910165,0
GTD0116,2010-03-09,0,0,-26.846189306687847,0
QCH0110,2010-09-28,0,0,-21.21294958209728,0
NRD0548,2010-08-30,0,0,-2.399593482466571,0
RAS0432,2010-04-15,0,0,-10.183321626205839,0
NWK0215,2010-10-30,0,0,-0.07468183773642068,0
EWH0191,2010-08-19,0,0,-25.71215965921897,0
IWM0816,2010-04-19,0,0,-12.118826803526645,0
JDF0593,2010-09-29,0,0,-7.445082682665657,0
LBH0942,2011-03-11,0,0,-0.9055095045503094,0
HMW0713,2010-03-31,0,0,-0.7064905313396821,0
GCS0518,2011-03-09,0,0,-20.78053111880115,0
HKB0418,2010-03-05,0,0,0.5375234521051198,0
WAB0143,2010-04-29,0,0,-20.02406954728326,0
BJH0811,2010-03-16,0,0,-28.776563619582248,0
BEH0615,2010-01-14,0,0,-5.9127866242080245,0
OKB0439,2010-12-22,0,0,-19.199120426862237,0
PDW0259,2011-03-30,0,0,-19.05707434359772,0
ICH0294,2010-08-12,0,0,-2.863040705438266,0
SAH0599,2010-08-12,0,0,-1.2191903865591485,0
BHC0665,2011-03-17,0,0,-19.725491164909045,0
AKR0057,2010-10-20,1,1,-22.685515753676214,0
CQW0652,2010-06-30,0,1,-16.82423804963878,0
RAM0447,2010-02-07,0,0,-1.6124359585777484,0
TET0621,2010-12-16,0,0,-6.668354235969559,0
BBG0325,2010-09-24,0,0,-5.180136354817478,0
JRF0835,2010-12-20,0,0,-0.9964347838972571,0
CMM0487,2010-12-07,0,0,-6.144235248039308,0
PKB0429,2011-02-16,0,0,-14.331537388472839,0
ARA0252,2011-03-07,0,0,-20.165103264968593,0
RGG0064,2010-04-20,0,1,-8.725543843368428,0
HJA0018,2010-06-16,0,0,-20.4019253447932,0
FDE0117,2011-05-04,0,0,-23.98197299420633,0
ZJE0857,2010-04-26,0,0,-4.5578809189003096,0
KCF0045,2010-11-10,0,0,-22.982355150477815,0
KMB0922,2010-04-21,0,0,-20.034525823483477,0
AJN0607,2010-03-11,0,0,-6.831010282577154,0
NGF0157,2010-04-22,0,0,-8.530137621714402,0
CUD0795,2010-11-09,0,0,-10.614471378454482,0
JMC0925,2010-05-07,0,0,-9.08736793102014,0
CWR0502,2010-09-23,0,0,-6.118729665077012,0
ATE0869,2011-04-11,0,0,-5.5263939897674845,0
WTR0563,2010-11-02,0,0,-28.60011490654722,0
SAH0599,2010-11-17,0,0,-0.029480686207648432,0
CKD0680,2010-11-09,0,0,-21.927700860179357,0
VEB0935,2010-12-01,0,0,-25.269174276809963,0
JPW0741,2011-03-03,0,0,-4.71576946837979,0
EHB0824,2010-08-03,0,1,-0.9964347838972571,0
JGM0934,2010-07-09,0,0,-3.306187978908497,0
LRR0148,2010-03-30,0,0,-25.638623160214024,0
GCL0016,2010-11-16,0,0,-27.124844277413786,0
GHL0460,2010-09-08,0,1,-0.029480686207648432,0
USH0199,2011-03-17,0,0,-20.933503755054858,0
MSS0001,2010-11-12,0,0,-16.082434325459076,0
AGB0643,2010-08-20,0,0,-18.6549801239089,0
SAC0592,2011-04-13,0,0,-0.692388082700063,0
BSA0431,2010-05-17,0,0,-12.77429125457843,0
ANT0430,2010-01-07,0,0,-10.180096101966456,0
SAA0999,2010-03-04,0,0,-14.390968702356076,0
TNM0961,2010-11-03,1,1,-6.920066477721775,0
IMB0481,2010-10-27,0,0,-7.0922116719453925,0
COF0120,2010-04-27,0,0,-28.30480203548916,0
PDW0259,2011-03-15,0,0,-19.852013525797133,0
MNR0829,2010-08-18,0,0,-0.9964347838972571,0
HCS0003,2011-02-21,0,0,-22.15106234768109,0
CAM0681,2011-01-19,0,0,-25.876160992920404,0
GJD0298,2011-03-22,0,0,-3.2683919445329366,0
THD0448,2011-02-08,0,0,-0.9603885267399619,0
JRL0574,2010-12-30,0,0,-1.2191903865591485,0
BTS0011,2011-03-07,0,0,-18.17650637060251,0
ASL0378,2011-01-19,0,0,-22.83837554762306,0
SHW0578,2011-04-05,0,0,-1.2191903865591485,0
HCM0267,2011-01-04,0,0,-8.470406722021607,0
COF0120,2010-06-02,0,0,-27.535691459920145,0
PTH0830,2011-01-06,0,0,-1.0498541092994174,0
TJG0582,2011-02-07,0,0,-0.7224114404158399,0
JMC0925,2010-12-14,0,0,-8.635205620964143,0
JRL0574,2010-12-06,0,0,-1.404150611370028,0
PMC0328,2010-11-30,0,0,-16.85855166387853,0
CEL0561,2010-08-19,0,0,-28.899466707843203,0
SAC0687,2010-02-12,0,0,-26.17583052303553,0
KCS0173,2011-03-15,0,0,-5.039587431613199,0
EIS0041,2011-01-06,0,0,-20.12661630953596,0
HDS0367,2010-11-29,0,0,-17.33608502797881,0
CTR0341,2010-08-27,0,0,-19.536697828468164,0
MJB0588,2011-03-24,0,0,-1.2191903865591485,0
EWH0191,2010-08-20,0,0,-27.55725318017346,0
KJW0416,2011-04-01,0,0,-12.057692320219871,0
CGF0337,2011-02-08,0,0,-19.863901837430035,0
AOK0844,2011-01-19,0,0,-4.995407828934958,0
CQW0652,2010-12-08,0,1,-16.52326109838225,0
BDI0533,2010-08-26,0,0,-20.18539063924709,0
LAP0338,2010-04-13,0,0,-17.138716066996267,0
CGF0337,2011-03-25,0,0,-19.32635882626448,0
EWH0191,2010-03-01,0,0,-25.98603720731876,0
VCY0751,2010-03-19,0,0,-7.59616391356667,0
PBP0002,2010-09-13,0,0,-27.95515845948796,0
MAW0166,2011-04-01,0,0,-25.69293144656922,0
WTR0563,2010-10-14,0,0,-29.033439605454873,0
BHC0665,2011-03-04,0,0,-16.937273340250385,0
KNW0644,2010-03-29,0,0,-22.307233031937358,0
IMB0481,2010-09-20,0,0,-6.904262166693115,0
OYM0026,2010-07-09,0,0,-8.04593114405884,0
RAR0725,2010-07-15,1,1,-3.7549872237656245,0
OLF0504,2011-03-29,0,0,-6.096713544614545,0
DDM0579,2011-04-20,0,0,-1.404150611370028,0
LFS0071,2010-03-25,0,0,-9.462093358418429,0
HCV0478,2010-07-07,0,0,-5.865410748117142,0
MAW0166,2010-10-13,0,0,-25.371311741921886,0
AHD0848,2010-11-11,0,0,-4.584507263407545,0
CRO0027,2011-01-14,0,0,-7.02492333524026,0
KDT0346,2010-08-12,0,0,-19.790885277055622,0
BWP0202,2010-02-11,0,0,-6.070688173344365,0
MIL0255,2011-01-24,0,0,-19.16320966096316,0
MNC0717,2010-08-09,0,0,-4.6739312938088915,0
JER0404,2010-01-19,0,0,-10.55269450512526,0
CSB0080,2010-05-04,0,0,-26.835603845074957,0
PMJ0564,2010-02-10,0,0,-26.955442737599242,0
COM0321,2010-03-12,0,0,-7.111693587769764,0
SBQ0786,2010-12-13,0,0,16.835177521855712,1
ELT0769,2011-02-24,0,0,-21.228307059185113,0
YWW0660,2010-02-10,0,0,-21.29799564144264,0
IKR0401,2010-09-14,0,1,-7.475554424093843,0
EIM0156,2011-04-28,0,0,-21.077500317223667,0
KCO0122,2011-05-14,0,0,11.85570790218128,1
DRR0162,2010-07-01,0,1,-24.931745725442056,0
CGF0337,2010-08-04,0,0,-19.62069140418987,0
JRF0835,2011-01-17,0,0,-0.9964347838972571,0
MSH0040,2010-12-06,0,0,-22.259293028870502,0
ORM0669,2010-03-24,0,0,-0.7220564941244447,0
EMW0772,2010-06-25,0,0,-15.282296734691954,0
AJP0723,2010-12-06,0,0,-0.9964347838972571,0
OCS0865,2011-03-14,0,0,-6.0208262642789805,0
DIW0118,2010-12-29,0,0,-21.04734148854766,0
DAG0558,2010-07-21,0,0,-28.363387558179397,0
KLH0596,2010-05-11,0,1,-0.4596809819545342,0
MBR0724,2011-01-24,0,0,3.3192509359057567,0
HOB0994,2010-01-26,0,0,-9.52812923850729,0
WTR0563,2010-12-08,0,0,-29.873195827031964,0
PTH0552,2010-04-06,0,0,-3.885451648257458,0
JCV0245,2011-05-16,0,0,-18.68261624473871,0
SMH0291,2011-05-08,0,0,-1.6008576746214658,0
SBN0866,2010-05-10,0,0,-4.193420285562297,0
LIM0674,2010-02-16,0,0,-10.043558198498658,0
IRM0931,2011-05-14,0,0,-20.85439006503566,0
MVB0515,2010-02-19,0,0,-23.72906473315868,0
NCH0179,2010-03-30,0,0,-27.901852706502723,0
AAE0190,2010-05-05,0,0,-23.644205048182016,0
CGB0637,2010-02-09,0,0,-15.793256537354637,0
PGC0066,2011-04-18,0,0,-26.921254899028895,0
DFH0188,2010-07-21,0,0,-15.947507178304136,0
NMG0766,2010-08-16,0,0,-21.14364623941958,0
CJP0952,2010-10-19,0,0,-0.3858800300046141,0
JRG0207,2010-02-08,0,1,2.3492597698892723,0
EHR0096,2010-01-06,0,0,-25.134810764605277,0
JLW0053,2011-04-11,0,0,16.74468768750387,1
MAR0955,2010-01-29,0,1,-0.22543925009529175,0
UCH0519,2010-06-10,0,0,-19.830551687494108,0
TIW0299,2010-06-15,0,0,-0.029480686207648432,0
HKF0831,2010-10-06,0,0,-2.3067309677462617,0
MSZ0310,2010-02-03,0,0,-6.146794728541977,0
NMS0280,2011-04-26,0,0,-21.567438235016766,0
SJF0094,2010-03-26,0,0,-0.4833728975173699,0
HGH0595,2010-08-24,0,0,-3.6442671602233077,0
IMP0530,2010-06-08,0,0,-19.830551687494108,0
ICS0956,2010-01-27,0,0,-3.7022810571497757,0
EJW0884,2010-01-05,0,0,-20.88987158352893,0
HTH0007,2011-02-09,0,0,-24.209480026264828,0
SBH0537,2010-05-07,0,0,-26.915474113800315,0
FEB0306,2011-04-18,0,0,-0.692388082700063,0
UCH0519,2011-02-02,0,0,-21.387727140010725,0
SJW0451,2010-02-09,0,0,-0.4596809819545342,0
FPC0954,2010-12-02,0,0,-0.7064905313396821,0
VFM0814,2010-07-27,0,0,-26.21007149160505,0
TSB0437,2011-05-09,0,0,-17.074237342500282,0
PIS0522,2010-08-31,0,0,-21.308679646671635,0
DTT0076,2010-05-11,0,0,-12.513034452872034,0
HRD0635,2010-04-16,0,0,-20.571883323295424,0
DVW0103,2010-09-17,0,0,-1.0523217553580935,0
MSD0939,2011-02-04,0,0,-27.948701740978095,0
KBP0008,2011-03-21,0,0,-22.404246098783688,0
HXL0968,2010-10-05,1,1,-0.07465997635051735,0
MCT0720,2010-07-29,0,0,-0.22543925009529175,0
JXH0493,2010-10-01,0,0,-4.584382875046231,0
LTS0860,2010-03-23,0,0,-4.25823244094488,0
TEM0977,2010-03-29,0,0,-21.583626240172862,0
HVB0037,2010-05-04,0,0,1.9397826783591654,0
CLS0296,2010-10-28,0,0,-0.029480686207648432,0
DOP0562,2010-03-25,0,0,-27.486546770268546,0
SAC0687,2010-11-29,0,0,-25.699113827952146,0
BJH0354,2010-07-07,0,0,-25.31919980596308,0
FKK0055,2010-04-21,0,0,-21.97279713522471,0
DID0650,2010-07-22,0,0,-20.538159584777077,0
MCF0327,2010-01-06,0,0,-5.626371944268158,0
PKB0429,2010-04-28,0,0,-13.552850166488042,0
BJP0134,2011-01-28,0,0,-5.594251405011391,0
CAB0614,2010-10-25,0,0,-6.515865089333829,0
ASB0796,2010-03-18,0,0,-0.3826965412864638,0
DJB0159,2010-03-18,0,0,-17.79721513393247,0
TUC0632,2010-01-25,0,0,-18.6549801239089,0
TNM0961,2010-09-08,0,1,-3.533426611587288,0
GCC0945,2010-05-04,0,0,-1.912432975742263,0
YWW0660,2010-06-23,0,0,-19.39699590906605,0
BMT0528,2011-01-05,0,0,-19.591256246888634,0
CMW0783,2010-05-24,0,0,-19.88698136452581,0
MDM0625,2010-10-28,0,0,-4.955337176402168,0
RNF0765,2010-11-23,0,0,-19.88698136452581,0
CCM0136,2010-09-03,0,0,-2.0829632363322617,0
EHB0420,2010-06-24,0,0,-20.801082593658066,0
BAM0611,2010-12-27,0,0,-8.363368932325898,0
KLM0639,2010-07-14,0,0,-22.102131168685446,0
JPW0741,2010-12-03,0,0,-5.922516625294747,0
SED0886,2010-05-14,0,0,-19.176284260622765,0
OYM0026,2010-09-28,0,0,-6.3968357093027635,0
BDV0168,2010-06-28,0,1,-4.187145814064024,0
TRK0914,2011-02-17,0,0,1.0534444502533233,0
FKK0055,2011-04-01,0,0,-23.720927278564545,0
AIP0982,2010-08-05,0,0,-21.77686866296517,0
ALC0788,2010-12-14,0,0,-1.086651957148888,0
HMM0108,2010-01-13,0,0,-14.351339322035983,0
MVB0515,2011-02-25,0,0,-20.23331772959432,0
HPR0585,2010-05-18,0,0,-1.3361854307088379,0
ASG0048,2010-10-01,0,0,-28.200040296385737,0
AHC0142,2010-01-18,0,0,-25.839697176240747,0
FLM0213,2011-02-17,0,0,4.106019210563659,0
WGR0833,2010-01-15,0,0,1.4481445480051889,0
HBB0056,2010-02-11,0,0,-22.54536867642628,0
AJR0319,2010-10-22,0,0,-5.915132997431783,0
PBP0002,2011-02-10,0,0,-26.73817792528621,0
RDT0424,2010-09-24,0,0,-3.1962203733501156,0
UIR0043,2011-05-16,0,0,-21.183944373513327,0
ZSB0649,2011-02-09,0,0,-19.620651265621632,0
ZSB0649,2010-02-09,0,0,-18.99973306826348,0
AAN0823,2010-03-02,0,0,-0.9964347838972571,0
LNR0656,2010-07-21,0,0,-17.837645431050646,0
TSM0927,2010-09-07,0,0,-21.85502857357517,0
ABH0663,2010-04-23,0,0,-2.0259660493378533,0
CQH0701,2010-04-20,0,0,-4.063710086813899,0
FEB0306,2010-05-27,0,0,-2.334192161864621,0
KBB0189,2010-05-24,0,0,-26.33834625832617,0
JML0909,2010-04-28,0,0,-22.01558496769303,0
LHN0151,2010-07-19,0,0,-1.0974488056076552,0
CRP0456,2010-02-25,0,0,-0.7224114404158399,0
MCF0600,2010-02-02,0,1,-0.029480686207648432,0
AJF0370,2010-08-10,0,0,-19.73194654905103,0
MNC0717,2010-03-04,0,0,-2.850283553535405,0
CJV0286,2011-02-17,0,0,-18.439849444618062,0
ACV0812,2010-11-04,0,0,-28.36559258302725,0
CLF0852,2010-01-21,0,0,-1.89801406241952,0
MHG0244,2010-01-15,0,0,-16.265965496652484,0
BBH0810,2010-09-03,0,0,-27.08152799425045,0
SAC0687,2010-08-03,0,0,-25.917232746783725,0
EMW0772,2011-01-26,0,0,-21.708390651625564,0
CCR0863,2010-06-02,0,0,-5.448978704404226,0
KLM0639,2010-12-08,0,0,-19.231750392577737,0
VCC0396,2010-12-02,0,0,-7.42463151250854,0
AOS0987,2010-01-07,0,0,-3.6624277818548308,0
MAW0166,2010-01-08,0,0,-24.993291731739873,0
RHP0484,2010-07-16,0,0,-7.558859088715735,0
ESA0642,2011-01-11,0,0,-20.91921002472452,0
GNZ0953,2011-03-30,0,0,-1.0498541092994174,0
AQD0820,2010-07-06,0,0,-8.702148644238264,0
SVL0803,2011-02-04,0,0,0.7592802578387818,0
DIC0988,2010-05-11,0,0,4.05503178510628,0
UCH0519,2010-03-03,0,0,-21.14364623941958,0
JLM0364,2010-04-07,0,1,-22.26238255573685,0
HRB0351,2011-03-09,0,0,-14.475304914155572,0
WIF0691,2010-04-08,0,0,-21.82092024943745,0
KJP0371,2010-05-17,0,0,-22.20880600236626,0
CPG0322,2010-11-01,0,0,-4.343350444146381,0
JKF0465,2010-12-01,0,0,-0.9964347838972571,0
CCM0136,2011-03-08,0,0,-2.859977556439503,0
BHC0665,2010-08-20,0,0,-16.498351445226263,0
HRB0351,2010-07-12,0,0,-14.414109674640713,0
CCW0031,2011-01-06,0,0,-25.160420187250452,0
DLH0029,2010-03-09,0,0,0.24057922883594074,0
EDB0714,2010-11-10,1,1,-5.157842739175976,0
NKH0979,2010-08-17,0,0,-19.690687042226045,0
SJC0333,2011-02-23,0,0,-14.0619658528841,0
SJF0094,2010-08-17,0,0,-4.468033285723777,0
RSC0089,2011-05-02,0,0,-16.77128526999411,0
KNB0022,2011-02-28,0,0,-20.56965831052844,0
DGW0752,2010-02-10,0,0,-8.589146398353137,0
TLH0648,2010-01-26,0,0,-18.258900249924295,0
LFS0071,2010-10-19,0,0,-9.966365920725707,0
DRR0162,2010-03-29,0,1,-23.715237778992105,0
HTH0007,2011-01-12,0,0,-23.255321952743316,0
SDO0170,2011-03-22,0,0,-7.171039821857221,0
SOF0808,2011-01-31,0,0,-26.945079842309156,0
EDB0714,2010-08-16,0,1,-2.7359096297396945,0
AHC0142,2011-03-25,0,0,-25.292156786394116,0
OCB0805,2010-09-14,0,0,-0.6170868072063058,0
LBC0356,2010-02-03,0,0,-22.0078279993744,0
ADC0391,2010-08-09,0,0,-6.71171489697258,0
WLV0566,2010-10-18,0,0,-7.568470129187062,0
QNP0216,2010-08-05,0,0,-21.613705007722956,0
JJH0613,2010-06-18,0,0,-3.393355893275725,0
NNA0610,2010-04-16,0,0,-4.060167691461629,0
MIL0255,2010-04-15,0,0,-19.42917571266628,0
HGN0287,2011-04-18,0,0,-16.05236501252739,0
JKF0465,2011-05-13,0,0,-0.7064905313396821,0
FPC0954,2011-02-07,0,0,-0.7369174506420677,0
HOB0994,2010-08-02,0,0,-12.17804072667468,0
KAT0270,2011-02-22,0,0,-20.137326016263614,0
NWT0098,2010-10-06,0,1,-22.223351712495287,0
GHH0288,2010-03-15,0,0,-0.6480125171716509,0
LNS0989,2011-04-11,0,0,4.18555215230549,0
ORG0339,2010-11-22,0,0,-18.76610081770889,0
BLS0678,2010-03-18,0,1,2.31011399294448,0
ARA0252,2010-08-05,0,0,-19.717362510289377,0
BIS0247,2010-07-30,0,0,-12.406386738129186,0
SIJ0661,2010-03-10,0,0,16.45455112693446,1
LHB0967,2010-07-27,0,0,-0.3858800300046141,0
TAC0300,2010-03-30,0,0,-2.2832896928276796,0
NHE0919,2010-04-14,0,0,-24.365344105481995,0
VIA0063,2010-05-10,0,0,-24.36261841565397,0
KNG0672,2010-05-14,0,0,-10.644141428454532,0
AKW0167,2011-04-05,0,0,-27.60596707447644,0
BJH0354,2011-01-25,0,0,-27.573567788425066,0
OLF0504,2010-05-10,0,0,-7.134974812609698,0
SAC0687,2010-07-09,0,0,-27.40572196772075,0
BJH0354,2010-11-04,0,0,-27.906723793695505,0
KJA0152,2010-01-08,0,0,-26.6647141427635,0
AJF0370,2010-07-23,0,0,-18.50497248840975,0
KRV0372,2010-07-19,0,0,-22.051037072682107,0
BNG0237,2011-02-18,0,0,-7.66023972615892,0
TJG0582,2010-05-03,0,0,-0.4596809819545342,0
IIA0092,2010-08-18,0,0,-10.852314861422656,0
JMC0925,2010-02-11,0,0,-5.710037093823871,0
HVB0037,2011-02-24,0,0,0.9968736675367609,0
JIM0095,2010-11-12,0,0,-27.81594712938181,0
QSV0778,2011-03-22,0,0,-18.43011282349198,0
HCM0267,2010-11-03,0,0,-6.6254196378504275,0
JNJ0556,2010-03-16,0,0,-22.784462361857322,0
ATF0274,2010-08-27,0,0,-23.232688654548497,0
BCR0581,2010-02-15,0,0,-2.002929425185016,0
LAM0911,2010-06-09,0,0,13.264046490643068,1
FIR0920,2010-02-22,0,0,-21.116812511117928,0
DRR0242,2010-01-20,0,0,-28.69324222259968,0
KRL0062,2010-04-19,0,0,-27.738524086486905,0
MNC0717,2010-11-11,0,0,-2.664251022285498,0
BEC0505,2010-02-15,0,0,-7.553730070259803,0
MGS0974,2011-01-25,0,0,-20.77156923487769,0
KNW0644,2010-02-01,0,0,-18.6549801239089,0
ASV0946,2010-02-24,0,0,-2.0971852354233533,0
BWP0202,2010-12-22,0,0,-2.1740496092971853,0
CMS0454,2010-04-07,0,0,-0.9603885267399619,0
MFV0897,2011-02-15,0,0,-21.51994785334091,0
CJM0521,2010-04-30,0,0,-18.36354071104654,0
RCC0617,2010-11-29,0,0,-6.521696070812482,0
MBR0724,2010-08-04,0,0,-1.5738480095105842,0
BDB0453,2010-06-18,0,0,-0.029480686207648432,0
CNB0900,2010-06-08,0,0,-18.428991344851966,0
RGG0064,2010-07-29,0,1,-4.952014580765535,0
BLS0678,2010-06-16,0,1,-1.4401821941122535,0
AJD0074,2010-07-27,0,0,-24.05288014272537,0
ALD0529,2010-07-16,0,0,-20.864226899001437,0
ALD0529,2010-08-04,0,0,-19.84594124681803,0
AHC0142,2010-01-15,0,0,-24.83741780032608,0
BTS0011,2010-04-22,0,0,-17.805838711668002,0
IIL0513,2010-09-20,0,0,-20.32902452804808,0
JKM0303,2011-05-13,0,0,-1.6680305294240725,0
MLD0755,2011-04-01,0,0,-5.551203785567282,0
RAS0432,2010-02-23,0,0,-11.867834245645327,0
MOP0763,2010-12-20,0,0,-21.68843689264645,0
NIH0969,2010-11-24,0,0,-4.331719763086312,0
MFV0897,2010-08-09,0,0,-19.830551687494108,0
WIF0691,2010-10-19,0,0,-20.95049741308992,0
CQH0730,2010-01-07,0,0,-6.22783390325219,0
CKB0482,2010-11-29,0,0,-5.993103674922281,0
ADC0391,2010-07-29,0,0,-8.492535265547758,0
DGF0443,2010-05-04,0,0,-16.735627971196436,0
CJM0521,2010-07-07,0,0,-19.591256246888634,0
JJB0700,2011-01-10,0,0,-0.9964347838972571,0
LMF0980,2010-02-25,0,0,-21.781241232395928,0
NNS0059,2010-08-25,0,0,-23.180290685389878,0
TDJ0998,2010-08-05,0,0,-16.90841154351017,0
LUR0896,2010-07-03,0,0,-12.361486415397508,0
ONL0276,2011-03-23,0,0,-25.36954622221299,0
BJH0811,2010-01-06,0,0,-29.015767950727877,0
PIS0522,2010-07-22,0,0,-20.519619400655756,0
HDH0928,2010-03-10,0,0,-3.04900153804374,0
SBH0537,2010-06-23,0,0,-26.20610123631036,0
XRS0633,2010-04-12,0,0,-18.703218254158173,0
DDA0476,2011-02-07,0,0,-5.295135825435409,0
CLB0774,2010-05-04,0,0,-22.63452582143657,0
QCH0110,2010-08-10,0,0,-22.405398223773545,0
NMC0486,2010-12-06,0,0,-6.080675222875584,0
RRA0938,2010-03-16,0,0,-7.9341202278423,0
ASB0796,2010-08-26,0,0,0.34012348316218777,0
CSL0949,2010-02-04,0,0,-0.7064905313396821,0
OHC0973,2010-10-12,0,0,-1.1260412373189865,0
SDB0106,2010-04-23,0,0,-17.11823470974241,0
JZD0888,2010-01-04,0,0,-20.412769216833453,0
RSC0089,2010-01-11,0,0,-19.623688609200258,0
CJG0470,2010-06-14,0,0,-2.5114861009300284,0
JAD0609,2011-04-13,0,0,-8.287586917675071,0
TSM0927,2011-02-18,0,0,-23.687336809788803,0
KVT0028,2010-06-16,0,0,-6.037252716787066,0
MKL0941,2010-01-19,0,0,-1.5410959335227972,0
MKS0204,2010-06-15,0,0,-6.5766676576416785,0
BKW0374,2010-06-01,0,0,-22.099267560183534,0
GCC0945,2010-04-08,0,0,-1.0498541092994174,0
ATP0662,2010-12-28,0,0,-24.94334419882773,0
ARB0834,2010-06-09,0,0,-2.822060863980596,0
PTH0830,2010-06-24,0,0,-0.7064905313396821,0
FUM0015,2010-09-24,0,0,-16.778771039966955,0
EPW0434,2010-06-24,0,0,-10.491133765624454,0
CSJ0340,2010-03-02,0,0,-19.625491027840667,0
QRM0739,2010-03-18,0,0,2.1995324218253245,0
EHB0824,2010-03-10,0,1,-0.3858800300046141,0
QNF0205,2010-03-11,0,0,-6.608063594904024,0
CAN0842,2010-08-30,0,0,-1.1260412373189865,0
AGB0186,2010-05-26,0,0,-18.68565118163633,0
ASL0378,2010-07-29,0,0,-20.76193947618151,0
CTA0020,2011-04-21,0,0,-19.647291142060908,0
CTA0020,2011-01-04,0,0,-21.154945014740406,0
HAV0121,2011-01-12,0,0,-12.824635728523049,0
AKF0709,2010-02-24,0,0,-1.5738480095105842,0
BBG0325,2010-06-02,0,0,-4.9576953696569035,0
VTT0385,2010-12-27,0,0,-22.195328242698793,0
CMM0487,2011-03-18,0,0,-8.309565703058752,0
FRL0511,2010-03-03,0,0,-21.335937955741997,0
FSB0399,2010-10-14,0,0,-11.256535148200555,0
RDM0150,2010-08-09,0,0,-7.228459423913591e-05,0
KJW0416,2010-03-16,0,0,-10.517231446504638,0
WKD0013,2010-12-22,0,0,-19.35406273017668,0
WTF0387,2010-10-15,0,0,-0.27099057885152433,0
CMS0454,2010-04-19,0,0,-2.5114861009300284,0
QJR0688,2010-03-16,0,0,-26.022222347706816,0
MOH0273,2011-04-01,0,0,-18.058806530562265,0
JCR0172,2010-02-10,0,0,-4.82057454260098,0
CLS0296,2011-04-25,0,0,-2.1998743259766798,0
FWM0707,2011-03-31,0,0,-2.1161642202648636,0
AMD0077,2010-03-30,0,0,-14.080945342483801,0
VMJ0147,2010-08-10,0,0,-24.929678980340896,0
JGT0221,2010-06-18,0,1,-20.99219535860209,0
TSB0437,2010-12-09,0,0,-20.844096365091673,0
IRT0491,2010-01-29,0,0,-6.362844735628983,0
MSS0001,2010-06-08,0,0,-15.872895222888133,0
HRL0540,2010-05-26,0,0,-10.490108838427886,0
YDN0198,2011-01-11,0,0,-26.904640072648704,0
BJH0811,2010-01-05,0,0,-27.165834527532184,0
KAT0489,2010-01-06,0,0,-8.583888249757933,0
GCL0016,2011-04-14,0,0,-28.14905195777169,0
JMW0638,2010-01-05,0,0,-20.40186915401432,0
AKC0924,2010-08-06,0,0,-22.04042602032098,0
QNP0216,2011-03-11,0,0,-21.878076517501995,0
CJK0200,2010-03-15,0,0,-1.6044632481466579,0
LNR0656,2010-11-09,0,0,-19.48816434827006,0
CBB0365,2010-06-15,0,0,-20.644415226432443,0
LMF0980,2010-09-29,0,0,-20.64050680283924,0
BSS0369,2010-01-06,0,1,-17.31802998246485,0
JGT0221,2010-01-20,0,1,-19.978537616254016,0
ZDW0859,2010-09-28,0,0,-3.5800797677914034,0
BHC0665,2010-07-30,0,0,-16.429635594652154,0
OMS0101,2011-02-23,0,0,-25.319460121623024,0
HWH0646,2010-12-08,0,0,-20.17509865665727,0
HRL0540,2011-02-11,0,0,-13.733040138487809,0
TBT0461,2011-04-20,0,0,-0.9964347838972571,0
DGN0480,2010-08-12,0,0,-5.270980888130339,0
LNS0989,2010-05-26,0,0,5.276941448764887,0
AJH0175,2011-02-15,0,0,-4.1264232691082725,0
VMJ0147,2010-08-16,0,0,-25.76794114209656,0
TJD0996,2010-08-13,0,0,-18.343041057066102,0
WVB0539,2010-03-16,0,0,-26.53417382441978,0
HJB0742,2010-04-22,0,1,-5.059873450237205,0
GLR0975,2010-05-28,0,0,-20.53104387042322,0
HWM0342,2010-04-05,0,0,-19.49391359838046,0
RVC0232,2010-12-01,0,0,-2.486648132499454,0
KJM0887,2010-03-15,0,0,-21.335937955741997,0
CRK0916,2010-06-08,0,0,-8.132734645598362,0
HGN0287,2010-03-18,0,0,-18.475798741665017,0
AJL0462,2010-04-30,0,0,-1.8188369362990215,0
BSS0463,2011-02-10,0,0,-1.112927565131713,0
HKF0831,2010-06-09,0,0,-0.9964347838972571,0
AJD0074,2010-01-06,0,0,-27.90639518545356,0
TJG0582,2010-04-12,0,0,-3.2683919445329366,0
AJR0319,2010-11-24,0,0,-5.3335194753123005,0
CQH0701,2010-01-21,0,0,-2.0812409259100377,0
JSA0775,2010-06-18,0,0,-20.334431870885965,0
CRO0027,2010-02-05,0,0,-5.005253267790977,0
BCM0653,2010-11-17,0,0,-18.966040526622578,0
GCS0571,2010-02-24,0,0,-0.692388082700063,0
PMC0328,2010-03-02,0,0,-19.4427867203417,0
DTP0379,2010-11-16,0,0,-9.946150008001837,0
KMS0657,2011-02-09,0,0,-17.63690291337332,0
ADF0397,2011-03-07,0,0,-4.4150060548263355,0
LJB0826,2010-12-22,0,0,-0.22543925009529175,0
BAM0611,2010-10-22,0,0,-6.169010067574959,0
TYB0779,2010-08-27,0,0,-21.382955388474898,0
WKD0013,2011-01-11,0,0,-18.02329944733765,0
CJV0286,2010-01-04,0,0,-21.440585778851982,0
SLP0762,2010-07-27,0,0,-19.88698136452581,0
FRR0832,2011-02-25,0,0,-0.7064905313396821,0
JBD0616,2010-08-05,0,0,-6.182092722688026,0
SAH0599,2010-09-14,0,0,-0.4596809819545342,0
YIC0195,2010-10-05,0,0,-1.3488952555618425,0
HAV0121,2010-09-27,0,0,-12.695552456243036,0
AHC0142,2011-02-18,0,0,-27.48298880138202,0
IRT0491,2010-02-05,0,0,-7.277515661428765,0
KJS0618,2010-12-29,0,0,-7.5678073828744346,0
KWE0082,2010-06-25,0,0,-16.277940456971237,0
CSP0197,2010-05-19,0,0,0.06687602575709661,0
AMJ0297,2011-01-06,0,0,-0.029480686207648432,0
DRR0242,2010-10-13,0,0,-29.089785084736377,0
SVL0940,2011-01-10,0,0,-5.159238444484004,0
VCY0751,2011-03-18,0,0,-6.9433971257291205,0
BLL0929,2010-01-12,0,0,-25.536891382643716,0
GKO0078,2011-02-01,0,0,-14.014407671500862,0
TJD0996,2010-02-04,0,0,-18.22544227457786,0
ECF0828,2010-05-04,0,0,-0.9964347838972571,0
SBN0971,2010-01-05,0,0,-3.6173288383779436,0
AIP0982,2010-03-23,0,0,-19.79619461747859,0
SKG0759,2010-08-04,0,0,-20.412769216833453,0
JNJ0556,2010-07-20,0,0,-22.663480084370917,0
DRR0242,2010-11-24,0,0,-28.57324316794802,0
HLM0933,2010-04-16,0,0,-4.289824936057471,0
EGK0893,2011-03-28,0,0,-21.335937955741997,0
ILC0838,2011-04-26,0,0,-1.0831116803301484,0
CRP0456,2010-01-26,0,0,-0.029480686207648432,0
JFC0557,2010-07-06,0,0,2.1133453345473754,0
HGN0287,2010-12-10,0,0,-15.789750928664148,0
ETR0177,2010-07-22,0,0,-26.184165280930415,0
ZSL0305,2011-04-26,0,0,-0.029480686207648432,0
RHL0992,2010-05-17,0,1,-7.837342940082067,0
HMW0713,2010-02-02,0,0,-0.3858800300046141,0
KPP0452,2010-02-08,0,0,-3.2814880105289603,0
LHL0309,2011-02-16,0,0,-5.845897708844518,0
YJV0699,2010-03-22,0,0,-0.7369174506420677,0
BCR0581,2011-01-20,0,0,-4.264906485433357,0
PGO0433,2010-04-15,0,0,-6.843208864811459,0
RMS0266,2011-04-14,0,0,-9.222732935233239,0
CLD0894,2010-12-22,0,0,-21.21294958209728,0
BLB0114,2010-09-28,0,0,-17.32240146734557,0
HPR0585,2011-04-19,0,0,-0.692388082700063,0
SLT0907,2010-08-12,0,0,-14.631135209324725,0
GNS0178,2010-12-20,0,0,-15.518424441244633,0
HWW0436,2011-01-31,0,0,-7.585417765013062,0
AVM0947,2010-08-09,0,0,-5.983667647039397,0
ECL0930,2010-03-22,0,0,-26.782014653922033,0
DBS0235,2011-01-05,0,0,-21.12858256264792,0
BJP0134,2010-07-14,0,0,-5.536191574068084,0
NKH0807,2010-10-14,0,0,-29.588837917418573,0
AJL0462,2010-10-15,0,0,-2.959420495691461,0
BDB0453,2010-12-28,0,0,-0.3858800300046141,0
MJM0510,2010-11-24,0,0,-19.961473945176294,0
LLV0602,2011-01-12,0,0,-3.940273917261379,0
WIF0691,2010-11-22,0,0,-22.462007380350542,0
BBH0810,2010-07-26,0,0,-27.464712446131216,0
DOP0562,2010-05-17,0,0,-28.716185924394722,0
RFP0380,2010-10-13,0,0,-2.9924455385449846,0
AKF0709,2010-11-05,0,0,-0.3858800300046141,0
IKP0472,2010-11-04,0,0,-2.678655105996654,0
SMY0792,2010-12-21,0,0,-1.8277546779688691,0
KRL0062,2011-04-05,0,0,-26.747761839936857,0
HSP0290,2011-03-28,0,0,-0.7224114404158399,0
ONW0083,2010-07-14,0,0,-15.655767235567623,0
DJB0159,2010-08-18,0,0,-18.874157301095238,0
SLT0907,2010-03-12,0,0,-19.849755086682308,0
HJA0018,2010-04-20,0,0,-19.816239855780395,0
PMC0328,2011-02-08,0,0,-19.639298382421543,0
FHS0837,2011-02-03,0,0,-1.0831116803301484,0
CRO0027,2011-05-10,0,0,-4.353561111605018,0
AMM0014,2011-01-21,0,0,-22.226983518180873,0
AAV0450,2011-04-12,0,0,-0.4596809819545342,0
AJP0723,2010-11-04,0,0,-2.5114861009300284,0
HAV0121,2011-04-05,0,0,-8.9708354002438,0
IIL0513,2010-08-07,0,0,-20.485436832390178,0
BHC0665,2010-06-23,0,0,-17.48218353691277,0
ALD0529,2010-05-19,0,0,-20.037017198954686,0
PMC0328,2010-08-26,0,0,-17.827843819719646,0
ALD0544,2010-06-07,0,0,2.449725901488023,0
MOH0273,2010-02-01,0,0,-17.890459447154853,0
WPE0538,2011-04-11,0,0,-1.2774243827337841,0
MAS0025,2010-10-15,0,1,-18.38403991887799,0
JKF0465,2011-03-16,0,0,-0.7224114404158399,0
SBH0537,2010-11-16,0,0,-26.554882435811578,0
LBH0942,2010-08-27,0,0,-2.645677662452954,0
TAP0551,2010-05-11,0,1,-9.515076592265473,0
NKH0979,2010-05-11,0,0,-20.705704697611054,0
OQH0183,2010-10-11,0,0,-17.722415304312676,0
JFC0557,2010-03-29,0,0,-4.438504737190556,0
UJC0737,2010-02-08,0,0,-7.470493727914686,0
JAV0361,2010-10-15,0,0,-23.106917836706202,0
TPH0474,2010-11-15,0,0,-0.3858800300046141,0
JSH0330,2010-01-13,0,0,-18.68565118163633,0
ADC0391,2011-04-07,0,0,-12.117773616768318,0
KAT0270,2010-06-17,0,0,-20.539649191486546,0
FPC0954,2010-02-10,0,0,-0.9964347838972571,0
KVS0425,2010-11-17,0,0,-9.45291468623418,0
IBP0883,2010-10-28,0,0,-19.132940660568806,0
MLP0668,2010-05-05,0,0,-1.4409683508599755,0
ACC0042,2011-01-26,0,0,-20.934708737859182,0
SMY0792,2011-04-05,0,0,-0.14071355130170105,0
QSV0778,2010-06-14,0,0,-20.412769216833453,0
EJW0884,2011-04-21,0,0,-21.30001129515665,0
LBF0214,2010-01-29,0,0,6.599633170492439,0
MDH0580,2010-02-18,0,1,-1.305030233370303,0
IDO0176,2010-12-09,0,0,-3.9729148991659713,0
SEJ0677,2010-02-10,0,0,-4.1909984872131645,0
BTN0061,2010-03-16,0,0,-21.96514220272161,0
CNB0900,2010-05-27,0,0,-19.591256246888634,0
SOB0360,2010-09-13,0,0,-22.735295097567814,0
QPM0727,2010-02-11,0,0,-6.234402703552973,0
BKW0374,2011-01-25,0,0,-22.62191543852873,0
ALD0529,2010-10-14,0,0,-17.571469135015604,0
MIB0904,2011-05-02,0,0,-21.32394317670355,0
ARA0252,2010-02-02,0,0,-17.06234713649826,0
ECL0930,2010-05-04,0,0,-27.909005793842766,0
GKO0078,2010-02-03,0,0,-11.428125079528286,0
KKS0119,2010-07-20,0,0,-23.268089089575255,0
ASS0517,2010-08-24,0,0,-22.01558496769303,0
DDM0579,2010-09-27,0,0,-0.7224114404158399,0
MCT0720,2010-11-02,0,0,-0.7261734935627828,0
BSS0463,2010-11-16,0,0,-0.9603885267399619,0
NCH0179,2011-04-29,0,0,-26.700097727164803,0
ZSL0305,2010-12-02,0,0,-1.2191903865591485,0
TVS0006,2010-08-13,0,0,-25.171480572539963,0
CEL0561,2011-02-17,0,0,-29.29100881508225,0
TQS0212,2010-06-11,0,0,1.2781133342047042,0
YDN0198,2010-02-26,0,0,-27.141640332435145,0
VAA0087,2010-11-22,0,0,-18.83722255676139,0
SRS0231,2011-04-18,0,0,-22.655440964440913,0
IYB0918,2010-08-02,0,0,-22.28794023887349,0
MAH0864,2010-07-01,0,0,-6.081589602842428,0
THR0873,2010-02-19,0,0,-2.0633584777863234,0
TYB0779,2010-12-27,0,0,-19.35631405932122,0
TDG0962,2010-05-13,0,0,-2.696551447708657,0
BDV0168,2010-04-15,0,1,-6.083093036864625,0
SAH0599,2011-04-06,0,0,-0.7224114404158399,0
RRP0568,2011-04-26,0,0,-23.75549412975215,0
LRW0970,2010-02-15,0,0,-0.9964347838972571,0
AAL0706,2010-08-06,0,0,-0.3858800300046141,0
BMM0112,2010-08-27,0,0,-19.830551687494108,0
HDS0367,2010-11-11,0,0,-17.726493527910407,0
ARL0034,2010-04-26,0,0,1.4937737339264459,0
WTR0563,2011-01-06,0,0,-28.404750170124657,0
MIM0712,2011-01-25,0,0,-0.7369174506420677,0
CJM0138,2010-09-07,0,0,-0.029480686207648432,0
ATP0662,2010-10-01,0,0,-23.2866182467086,0
LDG0459,2010-06-25,0,0,-3.8327611235787344,0
SBN0866,2011-01-27,0,0,-5.345319064145656,0
HAC0282,2010-09-02,0,0,-18.024256368379838,0
RZC0746,2010-09-11,0,0,-7.470341251166474,0
PTH0552,2011-05-10,0,0,0.15898167104785443,0
MLM0950,2011-03-21,0,0,-5.043371839357064,0
ASM0575,2010-05-27,0,0,-0.029480686207648432,0
DKB0631,2011-02-23,0,0,-15.050366602902841,0
RRP0568,2010-08-10,0,0,-22.85134821623012,0
HJB0742,2010-09-14,0,1,-5.810534090841202,0
CHM0821,2011-02-18,0,0,0.6546912340430708,0
RCP0785,2011-04-12,0,0,-21.13389431422695,0
FMG0527,2010-05-25,0,1,-21.708390651625564,0
MGS0974,2011-02-09,0,0,-21.959491648655785,0
GTD0898,2010-04-21,0,0,-21.191168826380817,0
HDD0806,2010-07-02,0,0,-6.47922770963703,0
MOH0273,2010-08-25,0,0,-15.39845287594153,0
DGF0443,2010-08-25,0,0,-16.98310126104468,0
GQF0659,2010-07-06,0,0,-20.03213455156117,0
JAJ0849,2010-08-17,0,0,-2.3974178040053857,0
LEM0605,2010-01-20,0,0,-5.272286316208238,0
SJO0209,2010-05-13,0,0,6.21383770055445,0
NSS0876,2010-04-19,0,0,-5.3240922279118195,0
WGS0516,2010-04-23,0,0,-21.68843689264645,0
BCR0581,2010-04-06,0,0,-2.716252151364074,0
RDM0115,2010-05-24,0,0,-27.79022471984922,0
CXC0336,2010-08-26,0,0,-17.950998669880505,0
EHR0096,2010-08-18,0,0,-26.325788629666363,0
IKP0472,2010-09-10,0,0,-3.5451289791018326,0
PTH0552,2010-10-12,0,0,-2.648083514702762,0
IAR0694,2010-11-21,0,0,-25.50147129522361,0
BVC0790,2010-11-02,0,0,-17.950774033237053,0
BRB0355,2010-07-20,0,0,-16.915564165786577,0
LAM0911,2011-03-31,0,0,11.914420560517897,1
ALH0402,2010-10-28,0,0,-7.983859734162365,0
RVC0232,2010-12-16,0,0,0.6849750019548537,0
JLM0364,2010-02-15,0,1,-21.858254101406033,0
ORM0669,2010-06-16,0,0,-1.907930832953184,0
ASL0378,2011-02-24,0,0,-24.211981809717827,0
DBS0235,2010-12-21,0,0,-23.28275321634578,0
FRL0511,2010-02-18,0,0,-19.591256246888634,0
MKG0711,2011-02-03,0,0,-3.067758533759161,0
MIM0712,2010-10-13,0,0,-0.22543925009529175,0
BIS0247,2010-08-27,0,0,-18.401610834117605,0
HIA0414,2010-05-19,0,0,-6.892367717600223,0
TSB0437,2010-10-12,0,0,-19.37143917311994,0
PTH0552,2010-09-29,0,0,-1.9034272180358585,0
JMW0638,2010-08-12,0,0,-20.736071902906247,0
MLP0668,2010-12-27,0,0,-2.0695114288450895,0
FRR0832,2010-10-06,0,0,-3.646875152346979,0
TDJ0998,2010-12-14,0,0,-18.63060113204108,0
HOB0994,2011-05-13,0,0,-10.16805640713119,0
DSM0591,2011-03-04,0,0,-0.4596809819545342,0
KSH0569,2010-05-12,0,0,-6.59630638949227,0
AGB0643,2011-01-05,0,0,-19.520689533223504,0
RIH0777,2010-10-01,0,0,-20.43780331921505,0
MIM0712,2011-01-11,0,0,-0.7064905313396821,0
ASL0378,2010-07-15,0,0,-21.025021440260957,0
AIH0675,2010-10-07,0,0,-23.02691658993183,0
CLH0703,2011-03-18,0,0,-0.9603885267399619,0
AJL0462,2010-01-13,0,0,-2.0829632363322617,0
CHM0821,2010-11-15,0,0,-0.7369174506420677,0
FRL0511,2010-07-22,0,0,-18.958950842231047,0
RNP0211,2011-03-21,0,0,2.964909020329628,0
NGF0157,2010-02-11,0,0,-12.261751621135545,0
HRW0550,2010-11-19,0,0,-21.98024456753501,0
AIP0982,2011-01-06,0,0,-19.445267112138822,0
MVF0594,2011-02-14,0,0,-2.2832896928276796,0
VLB0647,2010-09-27,0,0,-20.758145980189283,0
LAM0911,2010-10-18,0,0,12.723503784905233,1
CCM0467,2011-02-16,0,0,-3.2683919445329366,0
FSB0399,2010-09-24,0,0,-2.3266048670512873,0
SBQ0786,2010-06-18,0,0,14.941463571243276,1
RGH0728,2010-07-16,0,0,-7.597063301277103,0
TPH0474,2010-08-18,0,0,-1.0831116803301484,0
CNB0900,2010-11-17,0,0,-21.335937955741997,0
NWK0215,2010-02-26,0,0,-7.290001860837947e-05,0
DAL0673,2010-09-13,0,0,-10.62351116888101,0
MJM0510,2011-02-28,0,0,-21.445505117084053,0
MDH0580,2011-01-17,1,1,-4.819152635733076,0
GZC0735,2010-12-16,0,0,-6.647484819351121,0
RRP0568,2011-01-25,0,0,-22.894848630862384,0
KDT0346,2011-04-05,0,0,-19.951471454264038,0
PGC0066,2010-05-25,0,0,-26.815259085546245,0
TEM0977,2011-04-20,0,0,-21.325368972784645,0
ARD0509,2010-02-19,0,0,-21.665051110528225,0
HLH0512,2010-07-25,0,0,-20.20681693048175,0
AJH0175,2010-06-25,0,0,-4.449663028719556,0
MLD0755,2011-03-11,0,0,-7.834254350241963,0
AQD0820,2011-03-21,0,0,-3.4721507004456953,0
JKJ0698,2010-12-10,0,0,-1.4904878636043577,0
KPR0497,2010-09-21,0,0,-7.187411167641017,0
AIM0627,2010-03-12,0,0,-7.44870319001916,0
SMH0291,2010-11-16,0,0,-4.960516025929792,0
DGW0752,2010-10-01,0,0,-5.7141945343910265,0
TVS0050,2011-05-04,0,0,-18.92310481792083,0
WPR0368,2010-06-28,0,0,-21.93475750455366,0
EBC0390,2010-10-25,0,0,-21.771718229579392,0
ETR0428,2010-05-13,0,0,-14.651847331723616,0
QPM0727,2011-04-18,0,0,-4.68987552643307,0
SGS0268,2010-06-18,0,0,-8.757976427921449,0
MYD0978,2010-04-14,0,1,-20.19458631874795,0
LRW0970,2010-12-20,0,0,-3.7022810571497757,0
EIP0997,2010-07-02,0,0,-19.03555610380363,0
LLV0602,2010-08-23,0,0,-3.8684676719839217,0
NSS0876,2010-04-29,0,0,-3.77288851534729,0
PGO0433,2010-07-20,0,0,-10.361641955155278,0
AKK0329,2010-05-05,0,0,-18.335298379303254,0
NOB0181,2010-05-02,0,0,-16.805467528549343,0
RZC0746,2010-01-17,0,0,-3.373695339250162,0
MOH0273,2010-03-02,0,0,-18.1147784496859,0
MAW0166,2010-10-22,0,0,-24.710324628671856,0
CJM0138,2011-04-18,0,0,-0.029480686207648432,0
PPF0435,2011-02-23,0,1,-13.475819362632592,0
CPG0322,2010-10-15,0,0,2.9416489723280392,0
XBN0229,2010-04-01,0,0,-23.285976167369313,0
BHC0665,2010-07-02,0,0,-18.93662615467349,0
IBB0359,2010-04-13,0,0,-15.039869027584928,0
SXM0895,2011-02-24,0,0,-21.387727140010725,0
AKR0057,2010-06-07,0,1,-26.150328881630685,0
NKP0236,2011-01-10,0,0,-25.967182619944992,0
ELH0960,2011-04-12,0,0,-3.2814880105289603,0
ASD0577,2011-05-05,0,0,-0.7224114404158399,0
SRH0155,2010-07-09,0,0,-27.22707701933041,0
BDB0453,2011-03-08,0,0,-0.029480686207648432,0
ATP0662,2010-05-13,0,0,-26.694735807139864,0
LAM0911,2010-08-31,0,0,11.3068442437243,1
DEB0782,2010-08-19,0,0,-20.412769216833453,0
RAM0447,2011-04-23,0,0,-1.5817493392859205,0
HTH0007,2010-08-02,0,0,-22.372298797550343,0
LEM0605,2010-01-13,0,0,-6.152553251144127,0
IRM0931,2011-02-24,0,0,-20.438845930253706,0
JCR0770,2011-01-04,0,0,-20.61638892463168,0
KRM0541,2010-02-22,0,0,-21.63095415349278,0
JML0909,2010-11-19,0,0,-19.35631405932122,0
DID0650,2011-01-20,0,0,-19.231750392577737,0
CAB0388,2010-08-09,0,0,-20.990289400161487,0
MTB0620,2010-03-04,0,0,-0.6038647616508115,0
CKB0482,2010-03-02,0,0,-6.531252731530685,0
HAM0985,2010-01-18,0,0,-23.331429775070205,0
RAM0447,2010-01-24,0,0,-1.6008576746214658,0
JDB0169,2010-06-22,0,0,10.90808357747028,1
ZMC0284,2010-01-27,0,0,-16.07017229938174,0
AAV0450,2010-07-21,0,0,-0.4596809819545342,0
NMB0972,2010-08-19,0,0,-2.7105248847627763,0
MOP0763,2011-05-03,0,0,-20.412769216833453,0
FFC0891,2010-05-11,0,0,-18.98707077806364,0
QNF0205,2010-10-04,0,0,-5.562119804378199,0
PBP0002,2010-03-08,0,0,-25.58636959819387,0
RHY0079,2010-01-21,0,0,-14.20854064928767,0
OKC0107,2010-04-22,0,0,-11.971471243906649,0
OKB0439,2011-04-18,0,0,-18.96971060679016,0
LFS0071,2010-03-22,0,0,-4.081447224282215,0
OHC0973,2010-08-18,0,0,-1.0498541092994174,0
CIM0926,2010-04-13,0,0,-24.58574948429748,0
HGN0287,2010-03-25,0,0,-18.47436157379377,0
RVF0201,2011-03-09,0,0,-25.562554863294167,0
AJR0319,2011-04-06,0,0,-4.83941548079099,0
IIA0092,2011-03-18,0,0,-4.451826174455391,0
NRF0137,2011-01-11,0,0,-1.2191903865591485,0
THR0873,2010-11-30,0,0,-1.3791012231943114,0
WAB0143,2010-01-15,0,0,-20.299689461673097,0
ZKS0899,2010-07-29,0,0,-22.334680396601584,0
CQW0652,2010-12-07,0,1,-21.519058777097257,0
CJM0521,2011-01-20,0,0,-20.844096365091673,0
BDI0533,2010-06-07,0,0,-22.427225770828613,0
AKC0924,2010-10-05,0,0,-22.831910867758324,0
ILR0304,2010-06-03,0,0,-2.2832896928276796,0
MLL0598,2011-04-28,0,0,-2.5001154596834567,0
JOL0024,2010-02-17,0,0,-27.225869990435854,0
PKB0429,2010-02-09,0,0,-13.153717188370365,0
HDH0928,2011-01-18,0,0,8.24241665258819,1
NAH0503,2011-04-01,0,0,-7.372180667445605,0
BNR0965,2010-08-13,0,0,-1.765124657373235,0
CMS0454,2011-02-16,0,0,-0.4596809819545342,0
RZC0746,2010-02-21,0,0,-4.063298933284273,0
CCR0863,2010-03-31,0,0,-5.434185432213667,0
RVC0232,2011-05-10,0,0,1.331946463356644,0
OJK0233,2011-01-25,0,0,-9.708720674197025,0
JRG0207,2010-03-09,0,1,2.0552242845542423,0
AMR0318,2010-02-19,0,0,-2.3630950309643595,0
KJJ0293,2010-09-23,0,0,-4.264906485433357,0
NSC0597,2011-03-11,0,0,-0.029480686207648432,0
WPE0538,2011-04-13,0,0,-2.447795188967916,0
EDB0714,2010-01-04,0,1,-2.943409410425147,0
UBF0645,2011-01-03,0,0,-19.231750392577737,0
AIH0675,2010-03-01,0,0,-21.17622027070695,0
DIB0285,2010-06-22,0,1,-11.20112886027016,0
JAJ0849,2011-02-28,0,0,-1.5794869891409462,0
SDB0106,2010-10-07,0,0,-18.075014421182914,0
ESR0693,2010-07-19,0,0,-27.57364101865221,0
AKC0924,2011-03-15,0,0,-22.777781495821955,0
SOF0808,2011-02-08,0,0,-27.652075383219085,0
NAB0801,2010-12-28,0,0,-1.8535111606520331,0
NWK0215,2011-04-01,0,0,1.668093213752627,0
JMW0638,2010-02-17,0,0,-20.22901901619764,0
LAF0991,2010-08-17,0,0,-12.840952859803224,0
FTM0406,2010-10-08,0,1,-5.231938710079817,0
HRB0351,2010-01-22,0,0,-15.730442334098825,0
SBK0161,2010-12-28,0,0,-19.266483656818764,0
GAF0060,2011-02-16,0,0,-3.1454929060537324,0
AJD0074,2010-03-25,0,0,-23.65527574913699,0
LCB0664,2011-03-18,0,0,-28.042811122825583,0
AKR0057,2010-09-17,0,1,-27.833989841859193,0
CSC0217,2010-05-24,0,1,-21.639059169353345,0
GCG0951,2010-08-19,0,0,-1.8608816297116846,0
IJM0776,2010-02-22,0,1,-20.68375592434745,0
NAF0326,2010-12-06,0,0,-7.498264322414002,0
CKB0482,2010-10-18,0,0,-6.124570219579596,0
BTL0722,2010-06-22,0,0,-0.22543925009529175,0
BLL0929,2010-02-23,0,0,-24.88143326648685,0
BJH0811,2011-04-07,0,0,-26.565692718205582,0
BSH0445,2011-03-09,0,0,-11.48063214402896,0
RNL0695,2011-02-08,0,0,-26.79878140486619,0
ABN0239,2011-03-09,0,0,-6.111467823223961,0
FSC0601,2010-10-06,0,1,-4.693168030923516,0
VLB0647,2011-03-04,0,0,-21.28098549114975,0
SSG0250,2010-07-20,0,0,-19.08665498772507,0
QSV0778,2010-04-14,0,0,-19.88698136452581,0
SAB0781,2010-08-27,0,0,-20.311011083962626,0
JMD0520,2010-04-15,0,0,-18.51649631843327,0
FUM0015,2011-04-01,0,0,-19.633623401570844,0
KRM0541,2011-02-28,0,0,-22.996202094020646,0
TJB0302,2010-06-15,0,0,-2.7687114063107856,0
NWK0215,2010-04-07,0,0,0.13189052308280225,0
KJG0910,2010-06-28,0,0,-20.88987158352893,0
AMW0392,2010-12-16,0,0,-26.881216550812496,0
ICH0294,2010-04-13,0,0,-7.020331493972662,0
BYP0070,2010-03-30,0,0,-7.689069960083657,0
CLF0852,2010-01-29,0,0,-6.7139999259356955,0
RZC0746,2010-05-15,0,0,-2.429037710053535,0
CKB0427,2011-05-11,0,0,-11.448710534906468,0
IJW0851,2010-03-10,0,0,-4.410365042411854,0
DZC0228,2011-02-25,0,0,-9.076406821687328,0
PDH0716,2010-11-08,0,0,-3.7486117403769867,0
ESA0642,2011-03-08,0,0,-18.31913188796966,0
BSB0990,2011-02-10,0,0,-11.998181821704293,0
HPM0986,2010-02-18,0,0,-20.924605424477477,0
ALH0402,2010-10-13,0,0,-6.752932069789267,0
BNG0237,2011-02-16,0,0,-10.222973799670854,0
AAL0706,2010-10-29,0,0,-0.3858800300046141,0
RHC0335,2010-02-09,0,0,-18.76610081770889,0
IJR0825,2010-09-15,0,0,-1.0498541092994174,0
KAT0270,2011-03-08,0,0,-20.390801444581598,0
GCC0945,2010-08-06,0,0,-0.9964347838972571,0
JKB0126,2011-04-18,0,0,-20.608312465900894,0
AOK0844,2010-10-21,0,0,-3.9331008340100198,0
IUY0279,2010-11-03,0,0,-10.226492455366838,0
RUM0880,2010-12-06,0,0,-1.4842528234329393,0
FRB0023,2011-03-22,0,0,-19.816239554309277,0
LJB0826,2010-11-23,0,0,-2.3067309677462617,0
TBT0461,2011-02-28,0,0,-1.2018865578410214,0
AJC0840,2011-02-22,0,0,-1.18276095761928,0
HCS0003,2010-12-22,0,0,-20.172081169567946,0
WGR0833,2010-07-28,0,0,-1.0498541092994174,0
KJG0910,2010-07-07,0,0,-21.68843689264645,0
BCR0581,2010-11-24,0,0,-0.692388082700063,0
ILC0838,2011-03-18,0,0,-0.22543925009529175,0
DOL0332,2010-12-30,0,0,-20.314960948058456,0
TVS0050,2010-08-02,0,0,-18.94867804110379,0
FTM0406,2010-02-22,0,1,-8.516245688541744,0
RBB0485,2010-03-31,0,0,-6.427971790793322,0
KAL0395,2010-06-29,0,0,-27.220227133857065,0
WXH0872,2010-08-20,0,0,-3.696800392580826,0
IIW0249,2010-04-19,0,0,-12.449962405373867,0
KJS0618,2010-12-20,0,0,-8.33318045685644,0
NGO0690,2011-04-08,0,0,-8.423196439828075,0
ASG0692,2011-02-23,0,0,-24.385070326229425,0
BDB0453,2010-02-16,0,0,-0.029480686207648432,0
EGK0893,2011-03-30,0,0,-18.660416223945504,0
LFS0071,2010-03-12,0,0,-6.401710599532407,0
EIM0156,2011-02-09,0,0,-21.391641516008576,0
UIR0043,2011-04-15,0,0,-21.558070339453593,0
EWH0191,2011-01-10,0,0,-25.730443417938886,0
JDB0169,2011-03-29,0,0,3.0604342917682743,0
JER0404,2011-01-13,0,0,-7.049491765571588,0
GCS0571,2011-01-03,0,0,6.760363067025423,1
SJO0209,2010-03-22,0,0,-0.0369363083037797,0
AAF0791,2010-04-26,0,0,-10.564591796339187,0
TVS0050,2010-02-17,0,0,-18.80940800631197,0
SLB0049,2010-07-22,0,0,-20.273269749679912,0
CCW0031,2010-07-01,0,0,-25.705820412211324,0
FLM0213,2011-04-27,0,0,4.4918584407793105,0
CFM0767,2011-03-18,0,0,-17.952913844235127,0
YWW0660,2010-05-28,0,0,-17.751109607563876,0
LBH0942,2010-10-06,0,0,-1.4768664849746074,0
IJM0139,2010-08-04,0,0,-0.029480686207648432,0
AAF0791,2010-05-05,0,0,-10.64834270430913,0
MMG0943,2010-10-12,0,0,-2.566157135910885,0
AAW0353,2010-09-10,0,0,-2.2263554662748675,0
KPR0497,2010-06-11,0,0,-6.939812233351063,0
JDF0593,2010-12-30,0,0,-3.7073431016990526,0
HTH0007,2010-06-18,0,0,-22.555597653005066,0
JLW0053,2010-09-21,0,0,13.31426333000627,1
MLP0668,2010-07-22,0,0,2.5623789937733363,0
RAH0440,2010-06-29,0,0,-17.580135483542108,0
AQD0820,2010-09-20,0,0,-6.37141441332551,0
TVS0050,2010-04-20,0,0,-20.841780066165484,0
WGS0516,2010-10-27,0,0,-22.017591307112866,0
SAB0781,2010-02-24,0,0,-22.04127650544831,0
GHL0460,2010-05-06,0,1,-2.2832896928276796,0
CRK0916,2010-09-23,0,0,-10.395650725863106,0
MVB0515,2010-01-11,0,0,-24.137324859656815,0
THD0448,2010-07-01,0,0,-1.4904878636043577,0
RHL0992,2010-03-08,0,1,-5.779058248397064,0
HCL0651,2011-05-12,0,0,-15.643618968280975,0
EJW0884,2011-05-03,0,0,-18.892361859914217,0
PLH0715,2010-07-01,0,0,-2.5114861009300284,0
CKB0482,2010-01-05,0,0,-5.061043423353567,0
SJC0333,2011-04-19,0,0,-18.771830202532897,0
ZKS0899,2010-03-31,0,0,-24.110318504162137,0
ECF0828,2010-06-11,0,0,-0.22543925009529175,0
SLT0907,2010-05-25,0,0,-21.440585778851982,0
MAW0166,2010-12-01,0,0,-26.370091706646917,0
SGS0268,2010-09-30,0,0,-7.666170875752073,0
BCM0653,2011-03-16,0,0,-18.45544914801519,0
SNC0187,2010-07-01,0,0,-11.557222721534458,0
JAD0609,2010-07-23,0,0,-8.849665475683764,0
RGG0064,2010-06-28,0,1,-1.9958048784473021,0
AMJ0297,2010-12-10,0,0,-0.029480686207648432,0
EHB0420,2010-02-15,0,0,-20.17962255686598,0
FSC0601,2011-02-10,1,1,0.9622721361929507,0
EDB0714,2010-07-12,0,1,-2.2432436516539838,0
CAA0612,2010-09-20,0,0,-9.144307168597948,0
CRP0456,2010-01-27,0,0,-0.7369174506420677,0
SCP0130,2010-06-30,0,0,0.8260310044981907,0
KCF0045,2010-06-03,0,0,-20.837414873929447,0
MKL0941,2011-01-20,0,0,-5.743170790554359,0
MBJ0312,2010-10-22,0,0,-5.34911737487198,0
SMB0804,2011-01-17,0,0,-22.093646564827168,0
ILH0958,2010-09-27,0,0,-5.579676517137727,0
JTM0223,2010-01-08,0,1,-21.468327424050926,0
CMM0487,2011-02-14,0,0,-5.7610633486003735,0
IDO0176,2010-03-11,0,0,-7.685316673426655,0
RRA0938,2011-03-08,0,0,-11.201511189172265,0
GJT0386,2011-04-12,0,0,-2.478410969007655,0
ADD0846,2010-11-08,0,0,-1.0498541092994174,0
MKW0441,2011-01-27,0,0,-20.63027055215582,0
KWE0082,2010-08-13,0,0,-13.511461101544,0
PID0426,2010-02-01,0,0,-13.567088132357185,0
SAT0194,2010-09-03,0,0,-0.7064379644893961,0
ECL0930,2010-12-06,0,0,-27.843424196035812,0
MAH0864,2011-01-14,0,0,-4.567194682412719,0
SJO0209,2010-03-03,0,0,5.6267442809925114,0
SBH0537,2010-10-20,0,0,-25.42346057254133,0
CQH0701,2010-06-09,0,0,-1.5794869891409462,0
VLB0647,2010-10-22,0,0,-21.923345095148534,0
CLB0774,2011-01-03,0,0,-22.58011106325796,0
RRC0553,2010-02-25,0,0,-12.20459301014796,0
NCK0421,2011-02-07,0,0,-25.539265141875035,0
BAL0044,2010-11-24,0,0,-20.393778991301247,0
JZD0888,2010-03-16,0,0,-22.017591307112866,0
PDW0259,2010-03-17,0,0,-19.87880846012183,0
GAF0060,2010-11-23,0,0,2.766865713356424,0
JRL0574,2010-08-25,0,0,-2.7687114063107856,0
NRO0768,2010-02-08,0,0,-20.38367483047034,0
CMB0912,2011-02-02,0,0,-24.877009741343954,0
MSD0939,2010-01-22,0,0,-27.499123967611467,0
AOB0019,2011-03-30,0,0,-21.400327290503014,0
RJB0088,2010-12-03,0,0,-18.354757162242095,0
IKP0472,2010-12-12,0,0,-4.354318568244821,0
HAD0246,2010-05-24,0,0,-14.463393164220065,0
DLH0029,2011-01-25,0,0,2.4661865744602665,0
DPM0423,2011-05-13,0,0,-20.431682497848556,0
RHY0079,2010-07-19,0,0,-13.730871082490694,0
SPA0141,2010-12-01,0,0,-28.3861424866069,0
TUC0632,2011-01-14,0,0,-20.314960948058456,0
HOB0994,2010-09-01,0,0,-11.615212708580088,0
GMF0738,2011-03-08,0,0,-6.148666085800528,0
AAF0791,2010-12-13,0,0,-9.947765327765524,0
JKM0303,2010-05-27,0,0,-0.4596809819545342,0
AAS0442,2010-01-20,0,0,-21.83778463048077,0
JSH0330,2011-05-09,0,0,-20.52563808616219,0
HCW0419,2010-08-30,0,0,-22.56681046128574,0
ADC0391,2010-01-22,0,0,-3.9268948922729123,0
NNA0610,2010-03-31,0,0,-5.631380866173686,0
HCC0344,2011-04-07,0,0,-18.335298379303254,0
ASG0692,2010-08-25,0,0,-25.66990351109996,0
TSM0363,2010-09-02,0,0,-22.365177768765193,0
CSB0080,2011-03-18,0,0,-27.706658494947874,0
WGS0516,2011-04-20,0,0,-21.387727140010725,0
BNG0237,2010-12-10,0,0,0.09280403900652345,0
CMB0912,2010-03-09,0,0,-27.68717978781649,0
MKP0861,2011-03-10,0,0,-4.075397145204079,0
HFB0347,2010-05-13,0,0,-17.664576135657626,0
BSA0431,2010-07-07,0,0,-12.476139240697194,0
IBB0696,2011-02-03,0,0,-0.8005859983371693,0
IUY0279,2010-01-29,0,0,-13.00538618207986,0
CHG0146,2011-03-29,0,0,-25.89156131389359,0
MIL0255,2010-01-11,0,0,-20.351944269893124,0
EWH0191,2010-11-22,0,0,-25.02963535998674,0
GNS0178,2010-10-11,0,0,-19.30675217872954,0
BHC0665,2010-12-06,0,0,-17.195113726797445,0
WTF0387,2011-01-13,0,0,-0.6733275657941249,0
JJH0292,2010-01-19,0,0,-1.3361854307088379,0
LJB0826,2010-12-28,0,0,-4.95804957968312,0
JNA0559,2010-10-25,0,0,-11.47622402305899,0
FKB0163,2011-03-01,0,0,-20.09487883510826,0
DRR0162,2010-03-02,0,1,-23.281117785398123,0
HLH0512,2010-12-07,0,0,-22.017591307112866,0
PKB0281,2010-06-22,0,0,-18.611825806434695,0
AKC0924,2010-01-08,0,0,-21.859958618138535,0
MAR0955,2011-01-20,0,1,-1.4904878636043577,0
NAB0903,2010-12-20,0,0,-20.83556669306597,0
RZC0746,2010-03-01,0,0,-3.374281826721699,0
LMF0980,2010-05-07,0,0,-22.022679026577066,0
CCA0046,2010-10-11,0,1,-19.0460866501453,0
HAH0760,2010-09-10,0,0,-21.1410347310524,0
MSO0222,2010-10-05,0,1,-20.52593227452644,0
IKP0472,2010-04-28,0,0,-2.3565862756291835,0
CGF0337,2011-03-07,0,0,-20.553084951153778,0
BSB0990,2010-01-08,0,0,-0.8547910241476302,0
JCC0225,2011-04-05,0,0,-21.299787509621524,0
DLS0383,2010-04-01,0,0,-21.664717957887433,0
DIW0118,2010-06-23,0,0,-24.498745290337297,0
CSP0197,2010-10-12,0,0,-1.4872372245681618,0
IBB0696,2010-07-06,0,0,-2.5010761133888764,0
SSR0278,2010-04-15,0,0,-7.484998698688969,0
CKB0482,2011-03-17,0,0,-7.094996574636639,0
EIS0041,2010-09-03,0,0,-17.940224118086235,0
HJA0018,2011-03-21,0,0,-20.10373781121757,0
AIB0948,2010-03-30,0,0,-4.594314080801155,0
HAH0248,2011-05-02,0,0,-11.586948303025451,0
SXM0895,2011-03-15,0,0,-22.405398223773545,0
MHG0244,2010-10-19,0,0,-18.00333868181292,0
IJW0851,2011-01-27,0,0,-6.441897793134444,0
ZKS0899,2010-07-23,0,0,-21.181641945936803,0
LRW0970,2010-09-09,0,0,-2.0903255814213253,0
JMC0925,2011-05-16,0,0,-9.29022697942139,0
TMA0069,2010-07-13,0,0,-0.5622487441014528,0
OBH0499,2010-07-22,0,0,-3.6665117972340795,0
CLS0296,2010-07-20,0,0,-3.6442671602233077,0
MHG0244,2010-09-07,0,0,-18.569854166753316,0
EMW0772,2011-03-02,0,0,-18.485935818350754,0
RVF0201,2011-02-17,0,0,-27.903484770991213,0
ABH0663,2010-05-27,0,0,-1.6978294786531478,0
NNS0059,2011-04-21,0,0,-25.00003922658425,0
HAM0985,2010-02-25,0,0,-22.79875642490026,0
CBG0398,2010-08-16,0,0,-10.653004430270471,0
MKS0204,2010-05-25,0,0,-7.145716909368161,0
TAC0300,2010-11-16,0,0,-0.029480686207648432,0
DAG0558,2010-07-06,0,0,-29.083675171640152,0
SLT0907,2010-05-27,0,0,-21.68843689264645,0
NAR0981,2010-10-21,0,0,-25.25798268413166,0
KWE0082,2011-04-18,0,0,-10.115971180261681,0
ABC0174,2010-01-12,0,1,1.1594920739222516,0
KJG0910,2010-11-16,0,0,-19.317674080433903,0
TYB0779,2011-03-10,0,0,-16.27657547894455,0
WKD0013,2010-04-07,0,0,-20.86071786399407,0
EMB0531,2010-10-22,0,0,-20.154943938043402,0
WGS0516,2010-11-02,0,0,-20.78053111880115,0
HRL0540,2010-08-09,0,0,-11.082508266281252,0
OCS0865,2011-03-21,0,0,-1.9165851708962691,0
OHC0973,2010-04-20,0,0,-1.589437420292029,0
AES0827,2011-05-13,0,0,-2.782491437155045,0
SDO0170,2010-10-07,0,0,-4.642308769115402,0
PGO0433,2010-11-19,0,0,-11.82590377269048,0
MSD0939,2010-10-22,0,0,-28.414795692131406,0
ELB0847,2010-02-09,0,0,-3.988861446707915,0
WIQ0567,2010-07-11,0,0,-29.17155169250475,0
BWP0202,2010-02-19,0,0,-6.8307361042390085,0
ASV0946,2011-05-06,0,0,-1.765124657373235,0
LDM0587,2010-01-18,0,0,-0.029480686207648432,0
JCR0921,2011-02-14,0,0,-13.015924786729443,0
SMY0792,2011-01-04,0,0,-0.4571874574590993,0
ASG0692,2011-03-10,0,0,-26.124735726372023,0
RZC0746,2010-09-06,0,0,-3.1380849675362015,0
DGF0443,2010-03-23,0,0,-16.592862324104885,0
SJW0451,2011-04-07,0,0,-0.7064905313396821,0
GLR0975,2010-06-08,0,0,-20.468261905892746,0
ERH0449,2011-03-16,0,0,-0.4596809819545342,0
SAK0375,2010-03-23,0,0,-22.55496347040173,0
BTW0005,2010-04-19,0,0,-23.99721434618357,0
SVL0940,2010-03-18,0,0,-4.302669456200761,0
JKB0126,2011-04-26,0,0,-20.037629578389783,0
JCR0289,2011-02-18,0,0,-0.029480686207648432,0
IBB0359,2011-03-07,0,0,-18.195806463143413,0
LLV0602,2011-04-04,0,0,-7.587097868790352,0
IJM0139,2010-04-06,0,0,-1.2191903865591485,0
DFH0188,2010-02-09,0,0,-21.283259783739595,0
CLF0852,2010-05-03,0,0,-5.917473099525182,0
MYD0978,2010-12-02,0,1,-21.155739108144758,0
ZSK0258,2010-02-26,0,0,-18.236816211243195,0
MHA0798,2010-02-10,0,0,-3.5836694051523637,0
SMH0291,2010-01-31,0,0,-1.6008576746214658,0
JPW0741,2010-11-30,0,0,-6.301255213638228,0
NBH0256,2010-08-23,0,0,-19.178416678290887,0
LUR0896,2010-02-18,0,0,-19.94543104014531,0
TUC0632,2010-04-15,0,0,-18.983158103150572,0
BJW0619,2011-03-10,0,0,-5.54609278125622,0
KTG0091,2010-04-27,0,0,-4.315526788465377,0
HAH0760,2011-04-15,0,0,-19.684012092564558,0
CEJ0109,2011-01-19,0,1,-12.053351003246007,0
TOR0193,2010-05-17,0,0,-26.86000965485937,0
PDW0259,2011-02-23,0,0,-18.318469327842536,0
ASB0796,2010-06-28,0,0,-1.7710513306780058,0
TDG0962,2010-04-16,0,0,-2.3153503378231335,0
BEC0505,2010-12-01,0,0,-4.610948038402739,0
ARA0252,2010-05-25,0,0,-17.027394603977996,0
LMF0980,2010-03-10,0,0,-21.848084445588825,0
DMK0257,2010-09-30,0,0,-12.866716544712858,0
IMG0320,2010-04-01,0,0,-5.478707380564742,0
MLD0755,2010-06-07,0,0,-3.0219260740037726,0
FSC0601,2011-03-15,0,1,-0.6313780463043486,0
ONW0083,2010-03-09,0,0,-18.04606056598243,0
IMP0530,2010-07-08,0,0,-20.88987158352893,0
HSP0290,2011-01-31,0,0,-0.029480686207648432,0
NAB0903,2010-12-03,0,0,-21.440585778851982,0
EBC0390,2010-08-25,0,0,-22.48876190341832,0
ALD0529,2010-04-14,0,0,-20.81061411270298,0
ENC0234,2010-01-14,0,0,-9.466540204176113,0
BER0314,2010-02-09,0,0,-4.311363944352252,0
DFR0218,2010-08-06,0,0,-21.499927196970702,0
AJR0319,2010-07-20,0,0,-4.055374600392383,0
CAM0681,2010-05-25,0,0,-27.145620115695465,0
LTS0860,2011-03-15,0,0,-2.6687371068927632,0
FFC0891,2010-07-20,0,0,-19.42373901702922,0
AKH0758,2010-06-21,0,0,-22.300056690424185,0
ZSK0258,2010-03-04,0,0,-20.583684370393826,0
JCR0770,2010-12-30,0,0,-19.830551687494108,0
VCC0396,2010-07-08,0,0,-5.01379659930501,0
MJB0588,2010-02-11,0,0,-0.029480686207648432,0
ATP0662,2010-03-30,0,0,-23.384540682259512,0
MJB0588,2010-07-23,0,0,-1.404150611370028,0
TAC0300,2010-11-29,0,0,-0.029480686207648432,0
KLM0639,2011-02-04,0,0,-19.63215990978074,0
MCF0600,2010-03-16,0,1,-0.7224114404158399,0
DMK0257,2010-02-26,0,0,-14.350678178753697,0
ELH0960,2010-03-26,0,0,-0.9964347838972571,0
FSB0399,2010-10-22,0,0,-6.2910753586378405,0
RBB0485,2010-04-13,0,0,-9.027986633212777,0
BKW0374,2011-04-25,0,0,-21.45964357631192,0
MNR0829,2010-09-23,0,0,-3.067758533759161,0
WJD0576,2010-07-02,0,0,-2.2832896928276796,0
MGS0974,2010-09-24,0,0,-15.02745081016701,0
VMJ0147,2010-05-26,0,0,-25.985022924522923,0
MSD0939,2010-09-17,0,0,-27.489786973483547,0
RGG0064,2010-01-26,0,1,-6.225814023318776,0
CTA0020,2010-10-06,0,0,-19.028667864179397,0
ZCF0590,2010-01-07,0,0,-0.029480686207648432,0
HDD0806,2010-04-09,0,0,-5.423091988707142,0
JGM0934,2010-07-13,0,0,-11.543544546269459,0
ONL0276,2010-05-12,0,0,-27.075295984078707,0
ELH0960,2010-06-21,0,0,-2.2007893148817175,0
SRS0231,2010-11-11,0,0,-20.844665077482432,0
BTL0722,2011-04-11,0,0,-0.7064905313396821,0
JSH0330,2010-10-27,0,0,-18.620434613917723,0
HTF0641,2011-04-08,0,0,-18.48721488163278,0
HAH0248,2010-01-04,0,0,-16.680823621776312,0
ZKS0899,2010-03-12,0,0,-22.747448089810405,0
IEB0153,2010-11-15,0,0,-3.1893512978685976,0
FIR0920,2011-05-04,0,0,-21.52252303429043,0
MLG0475,2011-01-04,0,0,-1.2191903865591485,0
HLH0512,2010-02-04,0,0,-20.291306403365866,0
MAD0496,2010-02-01,0,0,-7.085829116823788,0
CCW0524,2010-02-15,0,0,-20.412769216833453,0
MAR0955,2010-09-17,0,1,-0.7261734935627828,0
ABC0174,2010-09-23,0,1,-2.2231887695829755,0
CRO0027,2011-02-25,0,0,-6.03379490943496,0
KES0729,2010-02-08,0,0,-6.721174877783028,0
AJF0370,2010-03-08,0,0,-17.54482154579398,0
PEV0323,2011-04-01,0,0,-6.506316836435531,0
AAL0706,2011-02-15,0,0,-1.4904878636043577,0
TEM0093,2010-05-05,0,0,-5.857632267935287,0
JKF0465,2010-08-20,0,0,-1.2191903865591485,0
LRW0970,2011-04-18,0,0,-3.988861446707915,0
TEM0093,2010-07-28,0,0,1.7029056706624033,0
MOH0273,2010-06-01,0,0,-17.428380554227147,0
BTR0403,2010-01-27,0,0,-20.549558197036504,0
CSJ0340,2011-05-02,0,0,-20.090730684140794,0
WDV0573,2010-02-01,0,0,-3.295794890624734,0
JAM0382,2010-10-08,0,0,-21.91974015238395,0
SBN0971,2010-12-18,0,0,-3.050140780779998,0
NGF0157,2010-10-12,0,0,-12.62205670585604,0
ZJS0269,2011-01-04,0,0,-23.62987297627842,0
GRM0868,2011-01-17,0,0,-6.125082434046021,0
OYM0026,2011-02-07,0,0,-8.116096896308477,0
NMC0486,2010-06-07,0,0,-6.814469362386603,0
JCC0225,2011-04-27,0,0,-20.947302143233628,0
ALC0788,2010-09-08,0,0,-1.0148061344970074,0
HRB0351,2011-04-01,0,0,-11.229404938229663,0
MDM0976,2011-02-16,0,0,-20.957722200200465,0
BIS0247,2010-10-22,0,0,-15.315104527005701,0
CRK0916,2010-06-16,0,0,-11.575462946309926,0
LBC0356,2010-05-21,0,0,-20.533950923763427,0
FEB0306,2010-02-10,0,0,-1.0899530966848943,0
ORM0669,2010-02-17,0,0,-1.7513079410638284,0
LAP0338,2011-03-19,0,0,-13.362209953640104,0
SAP0867,2010-03-15,0,0,-5.131104878999281,0
IJW0851,2011-05-03,0,0,-5.636480720322993,0
ICH0294,2010-11-17,0,0,-1.3674448211174877,0
HOB0994,2010-04-21,0,0,-10.707078409964538,0
LNS0989,2010-04-23,0,0,1.4947002376204637,0
DRR0242,2010-01-26,0,0,-28.71042375688876,0
JKB0126,2010-04-19,0,0,-19.158850801036692,0
SAK0375,2010-10-21,0,0,-20.81732179438859,0
CBG0398,2011-01-13,0,0,-10.681404948449199,0
RBB0485,2010-11-18,0,0,-7.167737534690218,0
ARD0509,2011-03-08,0,0,-20.38367483047034,0
AAF0791,2010-01-29,0,0,-10.22543246139901,0
SSJ0784,2010-08-22,0,0,-17.69233527645713,0
AIS0405,2010-08-26,0,0,-5.35190030769013,0
SAT0194,2011-03-16,0,0,-1.6687684713480166,0
KNG0672,2010-08-23,0,0,-10.036564771514122,0
RAH0440,2010-12-14,0,0,-21.80480937028915,0
PLH0715,2010-08-31,0,0,-0.9603885267399619,0
BTW0005,2010-07-21,0,0,-21.334032427269563,0
HDH0928,2010-01-13,0,0,-3.1628786903187347,0
SBN0971,2010-05-27,0,0,-0.22543925009529175,0
ESJ0670,2011-02-25,0,0,-21.849186845049417,0
CMB0912,2010-03-25,0,0,-25.934212699718955,0
EPW0434,2011-01-10,0,0,-8.779476067703968,0
CKB0482,2010-07-28,0,0,-7.136791084028118,0
AHC0142,2011-02-03,0,0,-26.857049278009185,0
HLH0512,2011-04-20,0,0,-21.335937955741997,0
BAK0964,2010-03-31,0,0,-0.7261734935627828,0
LHL0309,2010-06-10,0,0,-6.67537505073858,0
GZB0469,2010-01-11,0,0,-0.7369174506420677,0
GDF0704,2011-01-11,0,0,-0.9431118171253274,0
TLH0648,2010-01-18,0,0,-21.476863983655107,0
FPC0954,2010-04-28,0,0,-0.22543925009529175,0
DZC0228,2011-01-31,0,0,-11.463222889266035,0
UAD0771,2011-04-18,0,0,-20.74826392332193,0
LDB0090,2010-02-03,0,0,-27.17955257583162,0
LQP0508,2010-03-11,0,0,-19.396876145609554,0
ASS0517,2010-11-02,0,0,-21.42631668050285,0
BTW0005,2011-03-08,0,0,-23.763018809416508,0
CRK0916,2010-12-06,0,0,-10.011488795317746,0
JAD0609,2011-03-04,0,0,-5.865637612705768,0
MMG0943,2010-05-14,0,0,-9.923958870403226,0
JAD0609,2010-12-14,0,0,-4.993098217009901,0
CPG0322,2010-08-11,0,0,-3.81534681439382,0
SJO0209,2010-06-23,0,0,5.825853522393345,0
JIG0128,2010-10-22,0,0,-17.590073507745046,0
JCW0858,2010-04-26,0,0,-4.4256229656773485,0
ALD0529,2010-04-26,0,0,-21.761266521011407,0
TUC0632,2010-11-09,0,0,-18.273351805251878,0
JLM0364,2010-09-16,0,1,-22.714405022006304,0
SBN0971,2011-05-02,0,0,-0.7261734935627828,0
SLP0762,2010-03-16,0,0,-20.412769216833453,0
IYB0918,2010-03-17,0,0,-21.973119917342615,0
RDT0424,2010-06-02,0,0,-6.2792321592161215,0
HKF0831,2010-07-30,0,0,-0.22543925009529175,0
SLB0049,2011-04-27,0,0,-18.81235043830361,0
QJR0688,2011-05-05,0,0,-25.901702672985152,0
JBD0616,2010-04-09,0,0,-8.221860392532108,0
KJP0371,2010-06-07,0,0,-21.401393207137403,0
EFS0882,2010-04-13,0,0,-21.30001129515665,0
AMJ0297,2011-03-03,0,0,-1.6680305294240725,0
RAB0589,2010-05-07,0,1,-3.7586342007557505,0
BVC0790,2011-04-14,0,0,-17.689379376347688,0
HWM0342,2010-08-18,0,0,-16.775226306357922,0
TLK0993,2011-04-25,0,0,-10.501680491939055,0
MOH0273,2010-04-08,0,0,-16.69836873062775,0
DSM0591,2010-12-06,0,0,-0.029480686207648432,0
CIM0271,2010-02-18,0,0,-25.268990246150565,0
AQD0820,2011-05-11,0,0,-10.714597204262873,0
AJC0840,2011-05-16,0,0,-4.050053880398195,0
AAW0353,2011-04-25,0,0,-1.2774243827337841,0
CJP0952,2010-09-03,0,0,2.5400495369103737,0
MPT0376,2010-06-02,0,0,-4.1877280304955775,0
OLW0689,2010-10-01,0,0,-7.810825013211911,0
ORG0339,2010-07-30,0,0,-21.060266289502806,0
NCE0097,2010-09-21,0,0,-6.38822960718619,0
ASG0048,2010-03-24,0,0,-27.748552287688995,0
PEV0323,2010-01-06,0,0,-7.728818583945667,0
RGG0064,2010-05-21,0,1,-4.256084624538289,0
NNS0059,2011-03-22,0,0,-21.02303965067881,0
RDT0424,2010-03-05,0,0,-9.40107656470525,0
AHD0848,2011-02-16,0,0,-2.0812409259100377,0
IWM0816,2010-04-07,0,0,-6.802155346642621,0
CGF0337,2011-03-09,0,0,-16.690951054729794,0
GBM0603,2010-03-18,0,0,-2.8687989958247044,0
IMG0320,2010-06-03,0,0,-4.095441076464795,0
HCL0651,2011-02-01,0,0,-12.468920273874573,0
HDD0789,2010-10-06,0,0,-24.289457014435243,0
WDD0366,2010-08-03,0,1,-22.63047891971803,0
ORG0339,2010-05-07,0,0,-16.684155071473924,0
RGG0064,2010-07-28,0,1,-3.3762622159350713,0
KTG0091,2010-06-22,0,0,-9.113614000780444,0
WNB0908,2011-03-23,0,0,-20.81061411270298,0
MAD0753,2010-09-30,0,0,-5.600374379057712,0
HWH0646,2010-05-04,0,0,-17.443523880136354,0
GQP0743,2010-10-07,0,0,-2.6898547535053012,0
JKF0465,2010-12-31,0,0,-0.7224114404158399,0
CGB0637,2010-10-11,0,0,-21.998967144776884,0
QCH0110,2010-10-20,0,0,-19.591256246888634,0
HRD0635,2010-01-12,0,0,-18.785341103185488,0
BRB0355,2010-11-12,0,0,-16.39676507580907,0
GCL0016,2010-02-16,0,0,-26.928555748639837,0
MPT0376,2010-09-29,0,0,1.498709429198584,0
DLF0377,2011-01-10,0,0,-4.801161329608817,0
MOH0273,2010-07-28,0,0,-18.116164254855676,0
AHD0848,2011-04-15,0,0,-1.5794869891409462,0
SBN0866,2010-01-13,0,0,-0.5807477915286654,0
LRW0970,2010-12-10,0,0,-2.0903255814213253,0
SBQ0786,2010-08-23,0,0,11.280882568201037,1
SAC0687,2010-08-10,0,0,-26.637823550974076,0
NUL0471,2010-05-04,0,0,-1.3361854307088379,0
AIM0627,2010-07-20,0,0,-3.8341704015571167,0
NIH0969,2010-05-11,0,0,-1.765124657373235,0
BAK0964,2010-10-01,0,0,-2.3067309677462617,0
HRB0351,2011-01-13,0,0,-9.009567687367735,0
CCR0863,2010-05-25,0,0,-4.785488167204107,0
TET0621,2010-02-26,0,0,-7.021451908309814,0
HAD0246,2011-03-23,0,0,-13.249730881148366,0
HRL0540,2010-02-01,0,0,-11.051621411962401,0
EIM0156,2010-02-25,0,0,-19.92390094135817,0
QSV0778,2010-11-09,0,0,-22.300056690424185,0
SER0165,2010-03-10,0,0,-28.520820865104724,0
TEM0093,2010-12-22,0,0,-7.177323463806033,0
MKW0441,2010-12-20,0,0,-19.503549761033923,0
MSZ0310,2011-02-21,0,0,-4.395569714975522,0
KQC0708,2010-07-14,0,0,-0.7064905313396821,0
RUM0880,2011-01-18,0,0,-3.8349640474018543,0
DPS0262,2010-03-05,0,0,-18.160722645281794,0
HDJ0446,2010-02-08,0,0,-0.22543925009529175,0
PNL0301,2010-03-24,0,1,-1.4455235079230988,0
EJW0884,2010-10-27,0,0,-20.75158947995044,0
SBQ0786,2010-01-13,0,0,15.164327919651555,1
MCS0035,2011-03-30,0,0,2.5294525011838687,0
PGO0433,2010-03-12,0,0,-9.638340267490321,0
BNR0965,2010-04-30,0,0,-1.8311822238694049,0
DJB0159,2010-08-04,0,0,-18.45779934475422,0
JLM0364,2010-06-16,0,1,-21.937725423313964,0
JLW0053,2010-08-05,0,0,15.944666329146685,1
JCV0245,2010-04-09,0,0,-16.09623180652295,0
ZMC0284,2011-01-04,0,0,-16.066907091512917,0
DID0650,2010-04-30,0,0,-21.81809370412168,0
PNL0301,2010-01-05,0,1,-2.8653006402831807,0
UAD0771,2010-11-03,0,0,-21.547299398779046,0
JGM0934,2011-02-21,0,0,-8.601892535799152,0
KVS0425,2011-03-22,0,0,-5.8909153471610125,0
FHS0837,2010-10-19,0,0,-0.7064905313396821,0
LPC0492,2011-01-13,0,0,-6.810291403890005,0
ORG0339,2010-09-27,0,0,-17.492867097328826,0
TOR0193,2010-07-19,0,0,-26.645943651388848,0
WTF0387,2010-05-26,0,0,0.9042085447523505,0
NWT0098,2010-07-15,0,1,-18.84483340554209,0
AAF0791,2010-04-01,0,0,-12.006104050490649,0
FSB0399,2010-02-09,0,0,-3.782937540617695,0
AGB0186,2011-01-25,0,0,-18.98224489980771,0
NIH0969,2010-01-08,0,0,-1.8311822238694049,0
WDD0366,2010-06-10,0,1,-10.859552714092956,0
PSF0133,2010-03-01,0,1,-1.2049892285186843,0
AAV0450,2010-10-13,0,0,-1.112927565131713,0
JJM0203,2010-05-04,0,1,-23.78442599590153,0
LAM0911,2010-04-15,0,0,11.373947712212498,1
BRM0995,2011-01-19,0,0,-7.087864611511577,0
NWK0215,2011-05-04,0,0,7.147338334611504,1
DEB0782,2011-02-15,0,0,-21.14364623941958,0
AJR0319,2010-03-18,0,0,-5.9865400234122035,0
UJC0737,2010-04-09,0,0,-6.698896443119452,0
SLT0907,2010-02-18,0,0,-21.14364623941958,0
SDO0170,2010-05-10,0,0,-5.4212614366234675,0
ATF0274,2010-07-02,0,0,-22.582552705831745,0
WDD0366,2010-01-12,0,1,-22.289947959030087,0
GZC0735,2010-09-16,0,0,-0.8627838129988277,0
NCK0295,2010-07-20,0,0,-0.4596809819545342,0
NSC0597,2011-05-06,0,0,-0.7224114404158399,0
GNS0178,2010-05-03,0,0,-16.897199777647074,0
ASS0517,2010-02-11,0,0,-22.01558496769303,0
HBO0413,2010-06-02,0,1,-10.149727978190185,0
JAJ0849,2010-02-09,0,0,-2.22460976006937,0
ILJ0526,2010-04-12,0,0,-21.24861047157981,0
BMS0877,2010-06-18,0,0,-5.11157449070663,0
AJP0723,2010-11-30,0,0,-0.3858800300046141,0
VIA0063,2010-02-22,0,0,-23.789195523306034,0
XHG0902,2010-05-11,0,0,-19.850594406270375,0
EGD0132,2010-09-03,0,1,-0.8762404600487343,0
EFS0882,2011-01-24,0,0,-22.360773409824674,0
KAT0489,2010-05-27,0,0,-7.238954977805861,0
GJD0298,2010-08-25,0,0,-0.7224114404158399,0
MCD0125,2010-03-08,0,0,-14.95571487926918,0
WLV0566,2010-05-25,0,0,-7.095472154455933,0
FRR0832,2011-04-28,0,0,-1.3883418056542496,0
MAH0864,2011-01-17,0,0,-3.80159208233556,0
BRB0355,2010-10-25,0,0,-16.298439334864383,0
NAR0981,2010-08-13,0,0,-26.06244396243926,0
LIM0674,2011-02-18,0,0,-10.937425647827695,0
ORG0339,2010-09-07,0,0,-20.46165048593707,0
MBJ0312,2011-02-18,0,0,-5.924193339194403,0
LIM0674,2010-06-24,0,0,-12.280523830415518,0
NMB0972,2010-09-14,0,0,-1.112927565131713,0
BCR0581,2010-05-18,0,0,-2.271987464182871,0
ACV0812,2010-12-28,0,0,-28.83316295974953,0
JCW0858,2011-03-14,0,0,-4.308741935867715,0
CAM0102,2010-09-07,0,0,-25.657944641159816,0
JAV0361,2010-12-06,0,0,-22.311797195733675,0
LMF0980,2010-02-03,0,0,-21.04874938108844,0
BEH0615,2010-02-17,0,0,-4.348351101495268,0
CLD0894,2010-07-06,0,0,-18.43011282349198,0
MAE0331,2011-05-02,0,0,-20.227163149196144,0
NAF0033,2010-01-28,0,0,4.244709433105072,0
FXF0957,2011-03-23,0,0,-0.7261734935627828,0
LHL0309,2011-01-17,0,0,-4.237415037528649,0
BJP0134,2010-12-21,0,0,0.6378100257312553,0
NMF0780,2010-07-16,0,0,-21.397253974013893,0
YWW0660,2010-09-17,0,0,-20.52563808616219,0
AHD0848,2010-02-12,0,0,-2.3067309677462617,0
CGF0337,2010-08-05,0,0,-16.007843670250736,0
RTO0313,2010-04-30,0,0,-7.203890551775203,0
CBG0490,2011-04-13,0,0,-4.449199907406069,0
AVM0947,2010-11-05,0,0,-7.240404168383861,0
COF0120,2010-05-14,0,0,-27.92224400242651,0
CNM0800,2010-04-07,0,0,-18.53341147747767,0
DZC0228,2010-10-13,0,0,-9.717234180952914,0
OLW0689,2010-12-02,0,0,-3.0962501598934296,0
MKG0711,2010-02-23,0,0,-1.4904878636043577,0
OBH0499,2011-01-03,0,0,-2.9304481784264453,0
SGB0140,2011-01-05,0,0,-1.23947277238085,0
FTM0406,2010-09-10,0,1,-7.662329510707536,0
NGC0058,2010-01-25,0,0,2.0015978667496483,0
MVB0515,2011-02-08,0,0,-18.895880508740333,0
AQD0820,2010-09-16,0,0,-7.705916861631408,0
KBP0008,2010-09-16,0,0,-20.841391161664546,0
ARD0509,2010-06-16,0,0,-17.33376308798654,0
FOB0756,2010-01-07,0,0,-21.654854343668717,0
PEV0323,2010-05-17,0,0,-7.007611776514523,0
IJW0851,2010-06-18,0,0,-6.506169132464606,0
RJM0381,2011-01-03,0,0,-22.456341918292196,0
RGH0728,2010-04-21,0,0,-4.24902728936479,0
EMW0772,2010-01-05,0,0,-19.849755086682308,0
THR0873,2010-02-03,0,0,1.445142353902952,0
MSD0939,2011-03-22,0,0,-28.04535551974277,0
BVC0790,2010-03-20,0,0,-12.894799524606583,0
KNW0644,2011-02-07,0,0,-17.975027969513235,0
DLM0051,2011-03-12,0,0,-11.296971691161843,0
JBD0616,2010-01-14,0,0,-4.76475742538446,0
CAB0388,2010-02-17,0,0,-21.66619024323768,0
RAH0440,2010-12-13,0,0,-21.205013934143267,0
JAJ0849,2010-11-01,0,0,-2.9101241562676705,0
SMW0084,2011-03-31,0,0,-15.771997714388817,0
WPE0538,2010-04-22,0,0,-0.0671376907175727,0
LBF0214,2010-10-25,0,0,1.5258020471187592,0
SNC0187,2010-02-04,0,0,-20.388432529543365,0
KDT0346,2010-05-14,0,0,-20.165144376719923,0
DBS0235,2011-04-27,0,0,-21.838036089664456,0
RDM0150,2010-09-28,0,0,-0.8684932856100431,0
PPF0435,2010-12-21,0,1,-13.006597480595929,0
RHP0484,2010-09-02,0,0,-8.072768062331988,0
GTD0898,2011-03-07,0,0,-20.88987158352893,0
AMW0392,2010-03-27,0,0,-25.41860738277103,0
RGH0728,2010-05-03,0,0,-6.405892220516421,0
EHD0584,2010-08-25,0,1,-3.048863822600765,0
EWH0191,2010-09-20,0,0,-25.22530480663704,0
LJJ0905,2010-10-14,0,0,-18.428991344851966,0
BBS0422,2010-12-17,0,0,-17.921670432865312,0
HBB0056,2011-05-12,0,0,-23.46143286521408,0
DOL0332,2010-08-11,0,0,-17.10146378521665,0
WDO0870,2011-01-31,0,0,-6.4500369823613255,0
EIS0041,2010-02-17,0,0,-17.75801228633918,0
EWH0191,2010-01-18,0,0,-25.149947343458166,0
RGG0064,2010-09-28,0,1,-6.045677160892637,0
CAM0102,2010-08-10,0,0,-25.40820600670679,0
BSH0445,2010-08-10,0,0,-12.258985731359303,0
RRP0568,2010-05-07,0,0,-27.372969032262063,0
SOB0586,2010-02-02,0,0,-0.029480686207648432,0
WJD0576,2011-01-28,0,0,-0.029480686207648432,0
DLF0377,2011-03-03,0,0,-3.0965718435118106,0
AWM0764,2010-09-30,0,0,-22.017591307112866,0
SGS0268,2010-05-27,0,0,-6.219924785666876,0
FRL0511,2010-04-05,0,0,-22.017591307112866,0
SCB0534,2010-07-15,0,0,-22.017591307112866,0
CJF0802,2010-06-10,0,0,-0.10229516568858799,0
ZSK0258,2011-02-09,0,0,-20.288150163553496,0
JKB0126,2010-03-29,0,0,-19.33913645155178,0
AAF0535,2010-04-30,0,1,-21.413586183001485,0
OLF0504,2010-08-06,0,0,-8.31895649849821,0
RKD0604,2010-03-26,0,1,-6.644577129853474,0
FDE0117,2010-06-23,0,0,-26.131694573376876,0
CCM0855,2010-05-06,0,0,-2.9083503285462484,0
BJW0619,2011-05-10,0,0,-7.136853448913598,0
HAH0760,2011-05-03,0,0,-21.654854343668717,0
OCB0805,2011-03-29,0,0,-2.950423919031664,0
ONL0276,2010-08-04,0,0,-26.895177005849632,0
HWM0342,2010-03-29,0,0,-20.11257239652093,0
QRM0739,2011-01-19,0,0,-0.06708936713050662,0
XRS0633,2010-08-02,0,0,-19.816299562247877,0
DAL0673,2011-01-03,0,0,-6.042433469905177,0
HRL0540,2010-01-11,0,0,-8.876375695657885,0
MSZ0310,2010-10-04,0,0,-4.111748510709617,0
JCV0245,2011-04-06,0,0,-19.08696953777178,0
POB0343,2011-02-23,0,0,-16.919645690464336,0
WIF0691,2010-07-13,0,0,-23.574500887101294,0
IJW0851,2010-06-17,0,0,-5.229571147296838,0
LDB0090,2011-04-20,0,0,-28.01371037407091,0
NCO0666,2010-12-03,0,0,-22.42177208529222,0
CKD0680,2010-12-10,0,0,-23.400004030176433,0
EJW0884,2010-01-06,0,0,-19.830551687494108,0
SSH0799,2010-02-10,0,0,-22.930372377376443,0
CGA0629,2010-10-04,0,0,-8.690890289078538,0
CFM0767,2010-10-04,0,0,-19.349015611776167,0
DAL0673,2010-04-20,0,0,-8.865778057723105,0
LRR0148,2010-08-17,0,0,-24.800332769724946,0
TPH0474,2010-11-01,0,0,6.760363067025423,1
DMG0358,2010-11-01,0,0,-21.356854421269873,0
BLL0929,2010-05-28,0,0,-24.890099676272143,0
SOB0586,2010-05-05,0,0,-3.6442671602233077,0
ZMC0284,2011-03-24,0,0,-12.776141375705606,0
SOB0360,2010-09-27,0,0,-21.870165393663797,0
SNC0187,2011-01-03,0,0,-18.27164846058656,0
SAK0375,2010-09-22,0,0,-23.152420731153825,0
CCR0863,2010-06-08,0,0,-6.799798893787852,0
GCG0951,2010-07-21,0,0,-1.2137761885505824,0
WIQ0567,2011-01-27,0,0,-25.141198970882442,0
HGG0240,2010-02-18,0,0,-26.422943431329372,0
ZMC0284,2010-01-18,0,0,-16.38679520146536,0
BRB0355,2010-08-15,0,0,-14.379314015364798,0
WAB0143,2010-05-21,0,0,-20.615047875324876,0
BCR0581,2010-06-08,0,0,-1.9297300539783464,0
FGW0853,2011-05-05,0,0,-5.9345196852223125,0
RHY0079,2011-01-25,0,0,-12.384438197839017,0
PES0085,2011-02-03,0,0,-28.095358321340314,0
HDS0367,2010-03-25,0,0,-17.65463057708382,0
USH0199,2010-02-11,0,0,-20.633788732558855,0
DIC0988,2010-05-19,0,0,4.563481750563483,0
AOK0844,2010-04-22,0,0,-5.167068243528206,0
UFK0208,2011-04-11,0,0,3.7986384546417185,0
GCL0016,2010-06-03,0,0,-24.838426314500907,0
DFH0188,2010-02-11,0,0,-17.331877928778,0
PBP0002,2010-08-19,0,0,-26.753362084463674,0
GHH0288,2010-05-26,0,0,-3.519469840699685,0
LCD0622,2011-02-24,0,0,-4.975520897359843,0
HVF0067,2010-12-17,0,0,-4.762537947102032,0
EBC0390,2010-04-20,0,0,-23.55479090932397,0
IIA0092,2011-04-29,0,0,-5.918108670238098,0
CQH0701,2010-08-31,0,0,-3.6475575116378423,0
HLH0512,2011-03-03,0,0,-21.440585778851982,0
JAV0361,2010-01-11,0,0,-22.18315242763606,0
GNZ0953,2011-01-04,0,0,-2.736408815198729,0
ECR0822,2010-10-15,0,0,-1.0498541092994174,0
ABC0253,2010-12-22,0,0,-19.819961722949188,0
MVB0515,2011-01-26,0,0,-23.474067209350665,0
ELB0847,2011-04-27,0,0,-0.9964347838972571,0
MOP0763,2010-12-17,0,0,-21.741885558658282,0
TEB0251,2010-10-18,0,0,-19.035464467145516,0
KAC0124,2010-06-21,0,0,-18.431755987746556,0
GCC0945,2010-08-24,0,0,-0.7064905313396821,0
JHP0583,2010-07-22,0,0,-3.0321161894888746,0
PLH0862,2010-03-08,0,0,-5.042299833363131,0
CYA0506,2010-04-14,0,0,-18.609996424408678,0
KRM0541,2010-09-13,0,0,-21.618739661326117,0
COF0120,2010-05-19,0,0,-27.491804548305026,0
GCL0016,2011-01-19,0,0,-26.699616560698814,0
QNP0216,2011-03-01,0,0,-20.59697595008049,0
KKW0879,2010-08-19,0,0,-0.8534052466879984,0
AIP0982,2010-08-06,0,0,-21.481987671189586,0
NCE0097,2010-04-15,0,0,-9.892494147147545,0
APG0307,2011-01-13,0,0,-0.029480686207648432,0
JOL0024,2010-07-30,0,0,-27.001407331747032,0
RNL0695,2010-10-28,0,0,-25.976566147545782,0
CJM0138,2010-07-29,0,0,-1.2191903865591485,0
DMK0257,2011-02-14,0,0,-12.24608096936447,0
GTD0898,2010-02-23,0,0,-21.228307059185113,0
BJH0354,2010-11-03,0,0,-25.793691504947674,0
LMF0980,2010-03-15,0,0,-20.914186142323388,0
EMW0772,2010-07-12,0,0,-20.88987158352893,0
ORG0339,2011-03-09,0,0,-22.102131168685446,0
GRM0868,2010-03-18,0,0,-4.877288248160426,0
IBS0836,2010-04-23,0,0,-3.6897710034294278,0
HRB0351,2011-04-15,0,0,-13.853370372595236,0
ALH0402,2010-04-28,0,0,-5.447218463835043,0
RHP0484,2010-11-29,0,0,-10.107535303165719,0
ASG0692,2010-10-06,0,0,-26.75591696151696,0
HDS0367,2010-11-22,0,0,-17.33129829313168,0
IBB0359,2010-05-06,0,0,-19.29157609540175,0
RAH0440,2011-04-18,0,0,-19.477730875640987,0
NAR0981,2010-07-07,0,0,-25.323971580629177,0
CBB0365,2011-02-28,0,0,-21.74798472884163,0
WKD0013,2011-04-08,0,0,-21.622610603031376,0
AAW0353,2010-11-01,0,0,-0.11708572370321235,0
IAT0263,2010-07-09,0,0,-5.5124323821983126,0
GRM0868,2011-05-12,0,0,-4.716670040193662,0
ASG0048,2010-09-01,0,0,-28.645771738256258,0
AHM0410,2011-04-20,0,0,-4.637210002248253,0
VSS0154,2010-07-16,0,1,-26.66215445147077,0
LJT0817,2010-12-06,0,0,-20.16268046630546,0
DPM0423,2011-03-09,0,0,-18.032030574445116,0
BWP0202,2010-05-18,0,0,-5.236419045258344,0
RHO0732,2010-12-27,0,0,-3.5517650385933166,0
HCW0419,2010-12-09,0,0,-24.32454937268062,0
TEB0251,2011-01-06,0,0,-20.367684687600445,0
ZJE0857,2010-03-11,0,0,-4.850571888807622,0
ZCF0590,2010-04-22,0,0,-0.4596809819545342,0
CRP0456,2010-02-09,0,0,-0.029480686207648432,0
MLM0950,2011-03-12,0,0,-4.268575752998572,0
EZH0736,2010-05-06,0,0,-8.764263726053514,0
JKJ0698,2010-12-29,0,0,-2.5114861009300284,0
MLL0598,2010-08-20,0,0,-5.003177987940035,0
IBS0836,2010-10-20,0,0,-4.8664783234412425,0
XLB0710,2010-11-02,0,0,-0.7261734935627828,0
DID0650,2010-05-17,0,0,-21.17713540118484,0
GMF0738,2010-12-03,0,0,-4.190655751994655,0
ALB0892,2010-05-22,0,0,-20.16903610513782,0
MMG0943,2010-10-27,0,0,-9.630611091957576,0
CLF0852,2011-02-14,0,0,-3.7973154701007843,0
CAB0388,2010-01-14,0,0,-23.029975756494764,0
IIA0092,2011-03-11,0,0,3.6138805144705657,0
DDM0579,2010-08-04,0,0,-0.4596809819545342,0
DLH0029,2010-01-07,0,0,2.0329939939618953,0
AMR0400,2010-12-28,0,0,-5.962191257180962,0
DLM0051,2010-11-27,0,0,-11.746568043161801,0
JCV0245,2010-12-06,0,0,-19.9669061629329,0
ASG0692,2010-08-06,0,0,-27.140085396576183,0
FKK0055,2010-03-29,0,0,-22.3515695757103,0
AIS0405,2010-06-14,0,0,-2.70203912431748,0
AVM0947,2010-09-09,0,0,-5.748349263521732,0
MLP0668,2010-05-24,0,0,0.302725664995819,0
CJF0802,2011-05-03,0,0,-0.8888549121357983,0
BLB0114,2010-09-29,0,0,-18.237709923574698,0
KPP0452,2010-07-30,0,0,-0.7224114404158399,0
HSD0457,2010-01-28,0,0,-0.029480686207648432,0
KQS0415,2010-05-03,0,0,-4.4495324320776035,0
SRS0231,2011-01-07,0,0,-21.017036819137502,0
CBG0398,2011-04-29,0,0,-11.857390468371023,0
LUR0896,2010-04-12,0,0,-18.629024012447303,0
SBN0495,2011-03-08,0,0,-7.215841185686713,0
LJB0826,2010-07-15,0,0,-0.9964347838972571,0
CEB0210,2010-06-02,0,0,4.988277769667434,0
MOH0273,2010-04-07,0,0,-18.348461601168765,0
AMV0036,2010-10-18,0,0,3.023045776448839,0
BTL0722,2010-09-01,0,0,-0.22543925009529175,0
VTT0385,2010-01-11,0,0,-22.149327150743716,0
ROB0272,2010-10-29,0,0,-6.80037515917536,0
CCW0524,2011-03-14,0,0,-20.78053111880115,0
JJB0127,2010-03-23,0,0,-20.01498123837746,0
IIW0249,2010-03-26,0,0,-17.21481436922113,0
SJC0333,2011-04-05,0,0,-20.27475510666204,0
SHR0334,2011-04-06,0,0,-19.600212087821774,0
RAG0275,2010-05-25,0,0,-19.870319072254915,0
NLO0131,2010-06-24,0,0,-0.029480686207648432,0
AKH0758,2010-08-16,0,0,-21.14364623941958,0
JRL0574,2010-09-21,0,0,-1.404150611370028,0
TCD0009,2011-02-10,0,0,-25.96739039841532,0
KLH0596,2010-11-04,0,1,-0.029480686207648432,0
GJT0386,2010-02-01,0,0,-1.275144394066615,0
LHB0606,2010-02-15,0,0,-3.9329491712928757,0
NAR0981,2010-07-13,0,0,-25.018608626676155,0
IWM0816,2010-07-28,0,0,-10.983701328438542,0
PTH0830,2011-01-21,0,0,-1.1260412373189865,0
GZB0469,2010-09-20,0,0,-0.3858800300046141,0
LNR0656,2010-11-18,0,0,-18.959050883439204,0
SGB0140,2010-07-29,0,0,-3.207193387541338,0
DBG0261,2010-08-20,0,0,-18.540672179035823,0
XWD0923,2010-03-16,0,0,2.189202981308881,0
FRB0023,2010-04-08,0,0,-20.819365725613693,0
EPW0434,2010-02-04,0,0,-14.58755403502812,0
KWE0082,2010-10-20,0,0,-11.592153452455477,0
HGG0240,2010-09-16,0,0,-27.419521937475565,0
MKL0941,2010-12-13,0,0,-8.22228235459545,0
CAM0681,2011-03-21,0,0,-25.248035039985893,0
EMW0772,2011-04-08,0,0,-17.647548064498892,0
HTF0641,2010-12-22,0,0,-18.389787199061857,0
AIB0948,2011-05-03,0,0,-4.053647589150842,0
OMM0944,2010-01-12,0,0,-1.589437420292029,0
TNM0961,2010-03-01,0,1,-3.784458612651065,0
JPA0667,2010-07-15,0,0,-22.23710409556088,0
VTT0385,2011-02-07,0,0,-22.29656946441935,0
HIA0414,2010-02-22,0,0,-10.171456453555948,0
RHP0484,2010-10-18,0,0,-4.975520897359843,0
NOB0181,2010-07-01,0,0,-21.735996096763643,0
BAK0964,2010-11-04,0,0,-1.0498541092994174,0
HJA0018,2010-02-25,0,0,-20.41283327809333,0
MLL0598,2010-07-16,0,0,2.6600254824196554,0
SOG0411,2010-05-25,0,0,-5.313832577026801,0
CJC0494,2010-07-16,0,0,-4.747142551214438,0
AHD0848,2010-08-04,0,0,-1.5794869891409462,0
PBP0002,2010-03-26,0,0,-27.58956902157388,0
MVB0515,2010-12-08,0,0,-18.300272576205202,0
COM0321,2010-12-01,0,0,-3.4219366967752194,0
KCS0173,2010-08-02,0,0,2.5956692654141307,0
PBP0002,2011-02-14,0,0,-28.277487822005583,0
OLF0504,2011-02-11,0,0,-4.584842059055745,0
KDT0346,2011-02-14,0,0,-16.991924480648322,0
DDA0476,2010-03-03,0,0,-6.572098783550473,0
PAD0773,2011-05-06,0,0,-18.153832960959903,0
PNH0761,2010-03-05,0,0,-20.325725808550146,0
LCC0819,2010-07-13,1,1,-25.111147635424118,0
FIR0920,2010-11-17,0,0,-22.36602743272897,0
HGG0240,2010-08-25,0,0,-27.586162203129106,0
IBM0671,2010-11-12,0,0,-6.324991078712856,0
SSG0250,2010-12-22,0,0,-17.757238624782076,0
KBC0054,2010-11-09,0,0,-20.74093011527077,0
JML0909,2010-11-09,0,0,-19.396876145609554,0
NWT0098,2010-07-28,0,1,-18.453345029843945,0
RRP0568,2010-07-21,0,0,-22.866829295954858,0
RDM0150,2010-08-26,0,0,-2.756178592723586,0
KJP0371,2010-10-06,0,0,-21.288703642404926,0
RVF0201,2010-11-04,0,0,-27.45208758909132,0
ROB0272,2010-09-01,0,0,-5.898630741418515,0
IJW0851,2010-04-26,0,0,-5.31805826279583,0
CXC0336,2011-03-22,0,0,-18.966040526622578,0
PLH0715,2010-11-23,0,0,-2.5114861009300284,0
KWE0082,2010-09-27,0,0,-14.180632847912761,0
AIB0948,2011-04-28,0,0,-4.334194261382663,0
JJB0700,2010-02-17,0,0,-3.2814880105289603,0
KBB0189,2010-03-26,0,0,-27.733641989912257,0
TAC0300,2010-10-26,0,0,9.651290528998857,1
SGG0787,2010-08-30,0,0,-23.880453230062017,0
FWM0707,2011-04-15,0,0,-0.9603885267399619,0
NGF0157,2010-04-08,0,0,-11.857086438895863,0
MPM0220,2010-08-17,0,1,-16.66496000704967,0
JCR0770,2010-10-20,0,0,-20.412769216833453,0
CHG0146,2011-01-27,0,0,-26.940277866229394,0
LRR0148,2010-01-30,0,0,-20.832675432232918,0
IMP0530,2010-08-17,0,0,-20.88987158352893,0
DKB0631,2010-03-04,0,0,-19.601674309558234,0
PES0085,2010-05-03,0,0,-26.587081077084918,0
CQH0730,2011-02-02,0,0,-6.009420528611827,0
BEC0505,2010-12-16,0,0,-5.708287284361859,0
NKH0807,2010-09-24,0,0,-28.44422152171478,0
CLD0894,2010-09-23,0,0,-22.300056690424185,0
DTP0379,2011-02-03,0,0,-9.88381857574143,0
YCE0983,2011-02-04,0,0,-25.939783515030854,0
BKW0374,2010-05-17,0,0,-21.637871854466084,0
CJV0286,2011-03-03,0,0,-18.921741415414317,0
NMC0486,2010-12-29,0,0,-5.381985062743411,0
KRL0062,2010-07-27,0,0,-27.23791360874884,0
KJP0371,2011-01-18,0,0,-22.937446631286093,0
IIW0249,2011-03-04,0,0,-20.398153629440458,0
KJW0416,2010-05-21,0,0,-4.381557737592061,0
HSB0196,2011-02-11,0,0,2.1858745456499946,0
SRS0231,2010-08-30,0,0,-22.373016717989344,0
GCL0016,2011-03-30,0,0,-24.337872832410085,0
CMB0912,2011-02-14,0,0,-23.850165069139848,0
HWW0436,2010-07-07,0,0,-12.750835124268974,0
NHH0185,2010-02-09,0,0,-18.100704643458357,0
BHC0665,2010-02-25,0,0,-17.12597517235008,0
GCR0554,2010-02-16,0,0,-10.69982307076259,0
PNL0301,2010-06-25,1,1,3.3168518596428385,0
AOK0844,2011-01-23,0,0,0.668809857711949,0
BJM0111,2011-03-12,0,0,-12.361486415397508,0
SIJ0661,2010-05-19,0,0,9.779193876705108,1
CCA0046,2010-07-15,0,1,-20.025277844201582,0
DVM0265,2011-02-28,0,0,-3.115916081592559,0
AJN0607,2010-08-26,0,0,-8.091472836162211,0
KBP0008,2011-04-21,0,0,-22.670350572482334,0
RVC0232,2010-06-23,0,0,0.2730078937710232,0
ERH0449,2011-05-05,0,0,-2.5114861009300284,0
FBW0747,2010-01-15,0,0,-6.993239632326663,0
SSJ0784,2011-01-14,0,0,-19.47632240232076,0
DBS0235,2010-09-17,0,0,-21.51530956299723,0
WDD0366,2010-02-25,0,1,-21.829614565500037,0
DRR0242,2010-07-29,0,0,-28.392255745383864,0
VAA0087,2010-04-14,0,0,-18.901366164423848,0
BHC0665,2010-11-03,0,0,-18.19797532079167,0
CLS0296,2010-03-05,0,0,-0.029480686207648432,0
KCS0173,2011-03-07,0,0,-0.28087043895629904,0
SMY0792,2010-05-06,0,0,1.1309856998370833,0
RNF0765,2010-05-18,0,0,-19.591256246888634,0
NOB0181,2010-04-09,0,0,-19.132437485758715,0
HDS0367,2010-04-12,0,0,-18.779255125870577,0
LJJ0905,2011-03-28,0,0,-22.405398223773545,0
HJA0018,2010-01-04,0,0,-20.95402625653287,0
HDL0748,2010-11-02,0,0,-7.068951161090695,0
JDF0593,2010-10-05,0,0,-6.139952889239225,0
RCP0785,2010-12-13,0,0,-22.300056690424185,0
LRR0148,2010-08-02,0,0,-25.448265794977942,0
FTM0406,2010-11-24,0,1,-10.749091075802312,0
MVF0594,2011-01-28,0,0,-2.7687114063107856,0
BBS0422,2011-01-05,0,0,-18.07251855939262,0
ARA0252,2010-12-30,0,0,-17.66492837620183,0
KMB0922,2011-04-06,0,0,-20.979488617120296,0
ARD0509,2010-09-07,0,0,-22.22950757293927,0
ZMC0284,2010-11-03,0,0,-12.776141375705606,0
DCH0843,2010-12-21,0,1,-0.7261734935627828,0
RYB0718,2011-02-16,0,0,-0.7369174506420677,0
MVB0515,2010-07-26,0,0,-18.53652302301157,0
BIS0247,2010-09-23,0,0,-16.18205177066295,0
IRM0931,2010-04-18,0,0,-24.60150135917138,0
NCH0179,2011-03-28,0,0,-26.319687136557718,0
HTF0641,2010-01-08,0,0,-19.384178335364368,0
CBG0398,2011-02-09,0,0,-5.688521484278567,0
EZT0640,2010-03-26,0,0,-19.016420257803816,0
HGH0595,2011-01-13,0,0,-0.029480686207648432,0
SMH0291,2011-03-16,0,0,-3.3476586294807475,0
ECR0822,2011-02-16,0,0,-0.9964347838972571,0
SAP0867,2010-03-16,0,0,-5.345089331254258,0
BVC0790,2011-05-15,0,0,-18.459738495354486,0
HKB0418,2010-11-18,0,0,-3.6984940028246456,0
RKD0604,2010-05-07,0,1,-5.271352608771281,0
IMB0481,2010-09-07,0,0,-7.325879724074866,0
DEB0782,2010-06-02,0,0,-20.291306403365866,0
WBC0315,2011-01-04,0,0,-6.641188596289339,0
CUD0795,2010-06-08,0,0,-11.403673625518309,0
CGF0337,2010-10-18,0,0,-18.547914598649072,0
JCG0316,2010-07-29,0,0,0.09662784248689604,0
VCC0396,2010-02-11,0,0,-2.5474788025753696,0
LAF0991,2010-08-23,0,0,-11.026140266221887,0
WIQ0567,2011-05-03,0,0,-24.98131716011619,0
FBW0747,2010-04-30,0,0,-5.969928462043413,0
PDH0716,2011-01-18,0,0,-1.6919741008143774,0
JIM0095,2010-01-12,0,0,-26.433555909226243,0
SVL0803,2010-04-01,0,0,0.8868692225889845,0
ONL0276,2010-09-07,0,0,-25.65250648618644,0
GNZ0953,2010-02-23,0,0,-1.2591644484622293,0
TET0621,2010-12-13,0,0,-5.03297465261835,0
TQS0212,2011-04-25,0,0,1.1058190539046109,0
CCR0863,2010-01-27,0,0,-6.289331918948392,0
KRL0062,2010-11-19,0,0,-27.265248738420155,0
TDG0962,2010-12-07,0,0,-1.2137761885505824,0
BCB0679,2011-01-17,0,0,1.4871593766783917,0
MBJ0312,2010-11-18,0,0,-0.6281580891541125,0
HAH0760,2010-11-17,0,0,-22.803333884703306,0
BHC0665,2011-04-25,0,0,-18.36026640854527,0
IIL0513,2010-07-28,0,0,-19.509675197450974,0
NGF0157,2010-06-25,0,0,-12.003906672227686,0
RDM0150,2011-05-02,0,0,7.678117821146316,1
HCV0478,2010-01-06,0,0,-6.522554170354397,0
JRS0362,2010-10-07,0,0,-22.666151768090344,0
LAF0991,2010-02-26,0,0,-10.251039075858898,0
HRL0540,2010-08-04,0,0,-10.77701035970631,0
CIM0926,2010-07-15,0,0,-22.90304057855201,0
CLH0703,2010-02-03,0,0,-0.3858800300046141,0
BBH0810,2010-03-10,0,0,-28.18328883679385,0
MGS0974,2011-05-16,0,0,-19.648924223339918,0
TAC0300,2010-04-15,0,0,-1.2191903865591485,0
WIQ0567,2010-09-17,0,0,-29.69460945767048,0
ELT0769,2010-05-04,0,0,-19.591256246888634,0
LQP0508,2010-11-12,0,0,-21.294385743389626,0
ZMC0284,2010-07-07,0,0,-16.97953486198776,0
CKP0721,2010-09-20,0,0,-1.589437420292029,0
VMJ0546,2011-02-10,0,0,-11.46556416160854,0
LCD0622,2010-02-09,0,0,-7.12801718115486,0
KBG0549,2010-02-23,0,0,-21.738167168716814,0
ATP0662,2011-01-17,0,0,-24.905537813655997,0
KCF0045,2011-04-29,0,0,-20.336842348852883,0
CAB0614,2011-03-28,0,0,-6.610679850609358,0
BMM0112,2010-01-26,0,0,-22.300056690424185,0
CRP0456,2011-04-01,0,0,-1.0498541092994174,0
ESJ0670,2010-04-02,0,0,-21.29656661737431,0
ZSB0649,2010-06-22,0,0,-20.22366249539982,0
BJP0134,2010-04-27,0,0,-3.51968675398507,0
CNE0352,2010-02-16,0,0,-11.89161583843702,0
HLH0512,2010-03-31,0,0,-19.591256246888634,0
BRM0995,2010-01-07,0,0,-7.627361519746501,0
RGG0064,2010-06-03,0,1,-6.225814023318776,0
NHH0185,2011-03-29,0,0,-19.87516805646692,0
JDC0030,2011-05-11,0,0,-27.571707208482508,0
MAH0149,2010-01-06,0,0,-27.429127421271346,0
NJB0243,2011-02-08,0,0,-16.626878962711885,0
HKR0628,2010-02-18,0,0,-6.780096816877176,0
EHD0584,2010-03-19,0,1,-3.7951447607146065,0
FFC0891,2010-09-28,0,0,-19.602192429017236,0
LAM0911,2011-05-03,0,0,10.116800695999245,1
CKD0680,2011-01-25,0,0,-21.110719486190533,0
PNH0761,2010-04-30,0,0,-20.969374239540343,0
YCE0983,2010-07-13,0,0,-23.596228176314526,0
RAW0915,2010-11-01,0,0,-21.2143176741597,0
ELB0847,2010-06-28,0,0,-2.664566023925545,0
FMG0527,2010-07-19,0,1,-20.61638892463168,0
RNP0211,2010-06-11,0,0,2.1288420440687332,0
PTH0552,2010-11-01,0,0,-3.0883880319910304,0
PMJ0564,2010-02-25,0,0,-27.5772330667686,0
KMW0545,2010-06-17,0,0,-9.604912790513708,0
JAD0609,2010-11-18,0,0,-5.043809731929628,0
SCP0130,2010-03-26,0,0,0.13766958620635705,0
GCS0518,2011-04-20,0,0,-21.857797544538244,0
GRC0145,2011-01-17,0,0,-27.093301184106622,0
THD0448,2010-05-24,0,0,-0.7369174506420677,0
EJW0884,2010-11-09,0,0,-20.412769216833453,0
GCC0945,2010-05-13,0,0,-1.1260412373189865,0
THD0448,2010-11-16,0,0,-1.7712979978922476,0
CRO0027,2010-11-08,0,0,-9.989424005321894,0
LEM0605,2010-06-22,0,0,-3.694838604028064,0
SRH0155,2011-01-18,0,0,-27.3872007784812,0
HDJ0446,2010-06-28,0,0,-0.22543925009529175,0
RCP0785,2011-02-14,0,0,-20.412769216833453,0
WBC0315,2010-06-07,0,0,-3.2626599391433047,0
TAC0300,2010-01-27,0,0,-0.029480686207648432,0
OSH0655,2010-04-20,0,0,-19.07017449404225,0
HGH0595,2010-06-18,0,0,-0.029480686207648432,0
RFP0380,2010-08-23,0,0,2.018707552379965,0
MSH0040,2010-12-27,0,0,-21.616690634454244,0
CJP0952,2010-02-10,0,0,-4.551470869348577,0
PDH0716,2010-09-16,0,0,-6.358789534040625,0
RAG0275,2010-03-22,0,0,-20.26242173175092,0
MHA0798,2010-05-19,0,0,1.0964612631322552,0
KJM0887,2010-08-24,0,0,-21.68843689264645,0
CTR0697,2010-03-09,0,0,-1.112927565131713,0
CAS0507,2010-06-30,0,0,-20.87209790278405,0
BHC0665,2010-07-01,0,0,-9.391632327173511,0
FKK0055,2011-01-25,0,0,-20.95429802508363,0
FKB0163,2010-07-15,0,0,-21.148301793701535,0
LHB0967,2010-08-09,0,0,-0.9964347838972571,0
FIR0920,2010-05-21,0,0,-21.759564609130507,0
HPH0075,2010-12-14,0,0,-9.833977000636764,0
PLH0715,2011-01-13,0,0,-1.760974043643614,0
IMG0320,2011-01-04,0,0,-4.3845016218310775,0
MJB0588,2010-01-05,0,0,-0.4596809819545342,0
RFP0380,2010-05-04,0,0,-1.4404596344237461,0
WIQ0567,2011-02-02,0,0,-29.631464541541504,0
JPW0741,2010-08-20,0,0,-8.954670717882664,0
FSC0601,2010-03-17,0,1,-8.139779843916699,0
KCO0122,2010-08-30,0,0,-10.330278728723897,0
FUM0015,2010-08-10,0,0,-18.315155378063878,0
KMB0922,2011-05-11,0,0,-23.828581298186805,0
IAR0694,2010-04-19,0,0,-24.74496405943819,0
MHG0733,2010-08-24,0,0,-8.173684330571973,0
VMJ0546,2010-11-05,0,0,-12.595275896179487,0
SBQ0786,2010-05-25,0,0,17.264224135253016,1
CJG0470,2010-04-28,0,0,-2.3067309677462617,0
UAD0771,2011-03-11,0,0,-20.815454099613703,0
EMB0531,2011-04-12,0,0,-21.0505857399354,0
MKP0861,2010-11-19,0,0,-4.9996324256724165,0
DID0650,2011-03-11,0,0,-17.760728960146366,0
BVN0514,2010-02-15,0,0,-20.412769216833453,0
DIW0118,2010-11-04,0,0,-23.35411252389713,0
KMW0545,2011-02-09,0,0,-11.210353033159322,0
RAM0447,2010-11-18,0,0,-3.2683919445329366,0
HDJ0446,2010-10-18,0,0,-0.22543925009529175,0
PEV0323,2010-12-27,0,0,-8.340737531910577,0
JKB0126,2010-03-23,0,0,-18.987909145797175,0
IUY0279,2011-02-01,0,0,-12.27239101402995,0
HOB0994,2010-02-12,0,0,-9.39252116858836,0
CHG0146,2011-05-02,0,0,-24.890099207141702,0
NDM0417,2010-07-27,0,0,-21.90678295925261,0
AIP0394,2010-09-23,0,0,-12.463518934476724,0
BSB0990,2010-09-21,0,0,-4.318597669995825,0
XBN0229,2010-06-15,0,0,-22.552502308122598,0
EGK0893,2011-01-19,0,0,-17.889037225594734,0
AAL0706,2010-12-20,0,0,-0.3858800300046141,0
HAH0248,2010-05-20,0,0,-15.594854009031678,0
DIW0118,2010-04-22,0,0,-21.500965428604673,0
DSM0591,2010-07-08,0,0,-0.029480686207648432,0
HIA0414,2010-08-18,0,0,-5.706204777784478,0
CPG0322,2010-06-07,0,0,-3.9387686169361587,0
CTW0500,2010-10-11,0,0,-6.189005890767817,0
LDG0459,2010-02-18,0,0,-2.775121886143893,0
MAH0864,2010-04-22,0,0,-4.716774093016511,0
TDG0962,2010-02-11,0,0,-2.850283553535405,0
FAW0032,2010-07-27,0,1,-26.38103744690295,0
KSH0569,2010-10-11,0,0,-6.588922688066532,0
NMS0280,2010-08-19,0,0,-20.61882012466583,0
BWH0813,2010-08-16,0,0,-25.817689237522472,0
CTA0020,2011-01-26,0,0,-20.18217960896129,0
LEM0605,2010-06-04,0,0,-5.01764728890555,0
PMJ0564,2010-04-07,0,0,-26.803508694218863,0
SCB0534,2010-12-08,0,0,-21.30001129515665,0
JAM0382,2010-10-28,0,0,-22.498230433364938,0
WLV0566,2010-05-13,0,0,-11.875578959921995,0
CWB0065,2011-04-15,0,0,-26.16125991306353,0
KLM0639,2010-12-09,0,0,-17.925074038960588,0
DDM0579,2010-02-03,0,0,-0.029480686207648432,0
OKB0439,2010-10-26,0,0,-15.244280873852176,0
YCE0983,2010-04-19,0,0,-24.043014137536716,0
IKP0472,2010-06-27,0,0,-2.8017285196281136,0
IBP0883,2010-03-02,0,0,-21.768117896598824,0
AIP0394,2010-06-03,0,0,-12.292507448241622,0
LBF0214,2010-10-29,0,0,1.4464709206722546,0
EHB0420,2011-03-25,0,0,-18.823224846192602,0
GCR0554,2011-03-23,0,0,-12.539596593313263,0
ALB0892,2010-05-06,0,0,-19.591256246888634,0
RGH0728,2010-12-17,0,0,-7.528209957803028,0
KBP0008,2010-10-15,0,0,-23.011407527486085,0
KWE0082,2011-04-04,0,0,-13.67510429746585,0
CSH0626,2010-04-09,0,0,-3.8270305626265326,0
TAP0551,2010-10-11,0,1,-11.033548091412285,0
CGB0637,2010-03-11,0,0,-18.19585740946252,0
GTD0116,2010-11-17,0,0,-25.372668996767402,0
AJC0840,2011-05-09,0,0,-0.3858800300046141,0
MLM0950,2011-01-27,0,0,-4.6891131497361584,0
USH0199,2010-06-16,0,0,-20.612036304414573,0
TDS0984,2010-05-27,0,0,-26.235206488386552,0
CGA0629,2010-04-20,0,0,-6.175299673901918,0
GCS0571,2011-01-19,0,0,-1.6217224891873911,0
QJR0688,2010-10-22,0,0,-27.331765191528802,0
JLM0364,2010-11-29,0,1,-22.359634696636476,0
AMR0318,2010-09-22,0,0,-4.928565433311292,0
SDO0170,2010-07-14,0,0,-4.002548825432996,0
BTN0061,2011-05-03,0,0,-23.972061088726605,0
ILR0304,2010-08-10,0,0,-3.451653225405721,0
CNB0900,2011-04-06,0,0,-21.14364623941958,0
AVM0947,2010-06-08,0,0,-5.7868244191199665,0
TCD0009,2010-12-30,0,0,-26.525168347365025,0
SGB0140,2010-04-13,0,0,-1.9297300539783464,0
HSB0196,2010-04-20,0,0,4.386783883475118,0
GOK0238,2010-09-29,0,0,-26.566042161757423,0
BNR0965,2010-01-28,0,0,-4.6159309137965465,0
KQC0708,2010-12-09,0,0,-1.1703446480004231,0
MFV0897,2010-10-05,0,0,-19.88698136452581,0
KES0729,2010-02-18,0,0,-7.612047350427588,0
TEB0251,2010-07-09,0,0,-20.330925192124027,0
CLB0774,2010-02-10,0,0,-24.55375947078869,0
ALD0529,2010-07-14,0,0,-18.986528697332915,0
DTP0379,2010-03-05,0,0,-9.335141247434535,0
DTT0076,2010-12-21,0,0,-14.209572106222367,0
IYB0918,2011-04-07,0,0,-23.13468731418493,0
TDG0962,2010-06-02,0,0,-1.4904878636043577,0
ETR0177,2010-10-27,0,0,-27.933027529819242,0
AIB0948,2010-04-05,0,0,-7.846407816650299,0
GBM0603,2010-10-13,0,0,-3.4935758366144682,0
SAA0999,2010-09-17,0,0,-12.939917049547375,0
FHS0837,2010-04-20,0,0,-1.760974043643614,0
MLG0475,2011-02-15,0,0,-0.3858800300046141,0
BSH0445,2010-06-24,0,0,-11.21838846853393,0
CAN0842,2010-11-24,0,0,-3.646875152346979,0
KSP0966,2010-09-27,0,0,-0.7064905313396821,0
UFK0208,2010-04-06,0,0,3.959410513022476,0
DAL0673,2010-12-16,0,0,-10.78833336190462,0
IUY0279,2010-11-02,0,0,-11.602307476440274,0
CGB0637,2011-01-25,0,0,-14.600698657167527,0
LAF0991,2010-08-04,0,0,-10.692386910293067,0
MCD0125,2010-03-20,0,0,-12.048554423930796,0
DBW0483,2010-03-25,0,0,-5.415458761967443,0
AAW0353,2010-12-20,0,0,-1.3289183914330351,0
LIM0674,2010-04-28,0,0,-10.201303541073912,0
ARB0881,2010-10-22,0,0,-20.412769216833453,0
CCW0031,2010-09-13,0,0,-27.1951627998194,0
CCW0031,2010-04-06,0,0,-24.8197338613013,0
CTW0500,2010-09-23,0,0,-2.6325401927741723,0
OCS0865,2011-03-30,0,0,-7.448653953923667,0
CWR0502,2011-01-19,0,0,-5.877106449569624,0
AOK0844,2010-10-20,0,0,-3.722970123396067,0
JRS0362,2010-09-24,0,0,-21.477306763624483,0
PBP0002,2010-06-28,0,0,-27.101768960721188,0
JAJ0849,2010-10-24,0,0,-1.6124359585777484,0
KKC0683,2010-01-25,0,0,-7.425498583337571,0
KNG0672,2010-08-17,0,0,-10.704461635467737,0
KBG0549,2011-04-11,0,0,-23.901543296268528,0
NCE0097,2010-12-20,0,0,-2.867332727524513,0
JFC0557,2010-04-21,0,0,-1.7226203331222223,0
CFG0959,2010-03-25,0,0,-1.0831116803301484,0
EGK0893,2010-08-19,0,0,-19.830551687494108,0
HOB0994,2010-05-21,0,0,-10.908543299507869,0
IKP0472,2010-01-17,0,0,-5.040016133659492,0
FRB0023,2010-10-07,0,0,-20.717913828671954,0
PBP0002,2011-04-28,0,0,-28.728206132506216,0
CJC0494,2011-04-15,0,0,-5.824129640231035,0
MHG0244,2010-06-07,0,0,-18.420364681894853,0
SLB0049,2011-02-21,0,0,-21.41176981559238,0
RHY0079,2010-04-05,0,0,-12.629110194434816,0
SLB0049,2010-03-10,0,0,-20.598371647784234,0
TSG0906,2010-03-04,0,0,-19.35631405932122,0
CFM0767,2010-10-14,0,0,-20.310530625383194,0
JAD0609,2010-03-25,0,0,-6.357331007954826,0
JLW0053,2010-12-06,0,0,9.832423485500954,1
JCR0921,2010-01-25,0,0,-9.497812489720559,0
CHM0821,2010-03-04,0,0,-1.9823144290600112,0
VCY0751,2010-12-21,0,0,-3.9051427687937803,0
FRB0023,2010-01-04,0,0,-19.688061807554277,0
NRF0137,2010-07-06,0,0,-0.7224114404158399,0
ILR0304,2010-06-29,0,0,-2.242471115725948,0
SAC0687,2010-08-02,0,0,-26.240799560867003,0
DJB0159,2011-03-10,0,0,-17.45839417464265,0
DSB0731,2010-03-30,0,0,-6.752889886161597,0
TSB0437,2010-10-21,0,0,-19.658678412970062,0
CSL0949,2011-01-04,0,0,-0.7261734935627828,0
MLD0755,2010-03-03,0,0,-6.901829237263769,0
SGM0021,2010-06-22,0,0,-20.217029260030017,0
SIJ0661,2010-06-04,0,0,16.361543949873976,1
CMB0912,2010-07-21,0,0,-25.396625094808314,0
MKL0941,2010-08-23,0,0,-10.044606737674485,0
SDO0170,2010-05-13,0,0,-4.008162595668978,0
ADF0397,2010-05-12,0,0,-6.579192241105716,0
BDB0453,2010-12-01,0,0,-0.029480686207648432,0
LAP0338,2010-09-23,0,0,-19.042436259550755,0
SNC0187,2011-02-14,0,0,-19.961356265044174,0
CCM0855,2010-09-07,0,0,-3.38748817758767,0
WGS0516,2010-04-27,0,0,-21.665379599421726,0
JJH0613,2010-10-04,0,0,-3.1533110244126874,0
TEM0093,2010-05-25,0,0,-7.099340785488948,0
OMM0944,2010-03-02,0,0,-2.5114861009300284,0
WJD0576,2010-04-28,0,0,-1.404150611370028,0
SMH0291,2011-03-09,0,0,-3.911483409813286,0
CSH0626,2010-04-26,0,0,-6.738147977331437,0
SVL0940,2010-02-22,0,0,-2.6384333129165043,0
AAM0658,2010-06-24,0,1,-19.791250938605117,0
FUM0015,2011-03-18,0,0,-15.744078922875019,0
CSC0217,2010-01-20,0,1,-20.19249410650241,0
DJB0159,2010-11-08,0,0,-18.7189114928741,0
RYB0718,2010-11-02,0,0,-0.3858800300046141,0
SSG0250,2011-04-27,0,0,-16.16047981968495,0
RUM0880,2010-09-09,0,0,-0.38024988880852106,0
CKH0144,2011-03-03,0,0,-27.091385348446238,0
ORM0669,2010-06-11,0,0,1.27456185303447,0
WXH0872,2010-04-23,0,0,-4.403743157787403,0
TJD0996,2010-10-22,0,0,-19.744285031698723,0
CHG0146,2010-09-16,0,0,-27.35462509321644,0
JCG0316,2011-04-08,0,0,-5.11693984751264,0
HJB0742,2010-03-31,0,1,-4.3894311089210305,0
EMW0105,2010-09-21,0,0,-26.66130642707799,0
RLG0856,2010-08-12,0,0,-4.412158669187647,0
ORG0339,2010-02-25,0,0,-20.16325966894351,0
JIM0095,2010-09-09,0,0,-27.80790608150801,0
IRM0931,2011-02-05,0,0,-26.359253405339018,0
BLS0678,2010-05-03,0,1,-1.0788985276415133,0
DOP0562,2010-10-12,0,0,-28.83839979285335,0
LQP0508,2010-09-07,0,0,-18.986528697332915,0
DLM0051,2010-11-04,0,0,-15.06480089305171,0
HCW0419,2010-07-23,0,0,-22.30059536977933,0
AKW0167,2010-07-02,0,0,-27.12901030404737,0
WPR0368,2010-05-05,0,0,-22.77566975554339,0
DJB0159,2010-06-18,0,0,-20.863019105511512,0
MDM0625,2010-04-16,0,0,0.38236267994250284,0
DBW0483,2010-03-02,0,0,-6.667079518178525,0
DVW0103,2011-03-21,0,0,-7.96821924227288,0
CAN0842,2010-12-17,0,0,-0.7064905313396821,0
NWK0215,2010-07-07,0,0,3.323416281871914,0
FRR0832,2010-02-15,0,0,-0.9603885267399619,0
KAC0124,2010-09-01,0,0,-16.95127700623368,0
JJM0203,2010-07-27,0,1,-21.742398309459645,0
IBS0836,2011-03-21,0,0,-4.448151086098733,0
KRV0372,2010-06-22,0,0,-22.948561056199082,0
MHA0798,2010-12-03,0,0,1.1026565399757828,0
KJP0371,2011-04-14,0,0,-22.60035255463106,0
LDM0587,2010-06-14,0,0,-0.4596809819545342,0
JKF0465,2011-01-06,0,0,-0.22543925009529175,0
JCR0172,2010-03-24,0,0,-4.811534843706113,0
PBP0002,2010-11-10,0,0,-26.944850171977123,0
ESH0283,2010-12-30,0,0,-14.509004594127987,0
KJS0618,2010-10-26,0,0,-5.635246683074456,0
FGW0853,2010-10-27,0,0,-2.404358557729438,0
HCV0478,2010-06-04,0,0,-6.274892105645449,0
CCH0685,2010-01-06,0,0,-28.164387903397596,0
IIL0513,2010-01-18,0,0,-20.929514709916475,0
CCH0182,2011-04-28,0,0,-16.71498177362946,0
MJB0588,2011-01-31,0,0,-1.2191903865591485,0
KJW0416,2010-12-02,0,0,-10.167341984806626,0
DGW0752,2010-09-24,0,0,-7.977677576346991,0
SGG0787,2010-01-06,0,0,-26.400212601079602,0
LRR0148,2011-02-08,0,0,-27.20436394633782,0
OMS0101,2010-02-02,0,0,-25.4231963361608,0
JZD0888,2010-09-20,0,0,-22.300056690424185,0
BCM0653,2011-03-25,0,0,-19.072235182019085,0
ACV0812,2011-03-08,0,0,-27.454320051426976,0
MOP0763,2010-08-31,0,0,-22.017591307112866,0
SOG0411,2011-02-17,0,0,-6.637624747850737,0
VMJ0546,2010-03-16,0,0,-11.458782253319896,0
JCR0770,2010-05-20,0,0,-21.14364623941958,0
JDB0169,2010-05-27,0,0,2.7301607384630415,0
TJB0302,2011-03-14,0,0,-0.029480686207648432,0
JJM0203,2010-02-17,0,1,-22.68551574609637,0
HWM0342,2010-05-07,0,0,-17.828584814028545,0
PES0085,2010-02-12,0,0,-27.26457273035544,0
RGN0408,2011-02-24,0,0,-4.895856906000063,0
CTR0341,2010-10-23,0,0,-16.491289893080193,0
FRL0511,2010-02-05,0,0,-20.412769216833453,0
RVF0201,2010-05-24,0,0,-26.876907457506604,0
SAK0375,2010-03-01,0,0,-21.976135645919953,0
MIM0712,2010-04-15,0,0,-2.3067309677462617,0
AOB0019,2010-02-19,0,0,-19.748701288434063,0
AWM0764,2011-04-26,0,0,-19.89424875335328,0
ADC0391,2010-02-19,0,0,-9.628512349703215,0
TSG0906,2011-01-07,0,0,-20.910446568390967,0
JMW0638,2010-10-01,0,0,-20.314960948058456,0
CJP0952,2010-03-11,0,0,-2.8360660935867372,0
MAW0166,2011-04-11,0,0,-26.681223328238843,0
SGS0268,2010-04-26,0,0,-3.436979484244034,0
HSB0196,2010-01-16,0,0,4.412396354649445,0
AKH0758,2011-01-18,0,0,-21.335937955741997,0
CCC0393,2010-07-09,0,0,-28.15547123958345,0
HVF0067,2010-07-23,0,0,-2.030829057775577,0
SXM0895,2011-02-11,0,0,-22.017591307112866,0
SHW0578,2011-04-11,0,0,-1.2191903865591485,0
THR0873,2010-02-24,0,0,4.157514024473812,0
JRL0574,2011-05-10,0,0,-0.029480686207648432,0
SCB0534,2011-01-19,0,0,-20.88987158352893,0
MDM0625,2011-02-01,0,0,-5.8308153358511845,0
BIH0745,2010-07-22,0,1,-4.9674877050148325,0
BTL0226,2010-07-28,0,1,-10.961783732266554,0
ARA0252,2010-05-05,0,0,-17.749142477445616,0
QNP0216,2010-01-18,0,0,-20.266289130675545,0
SVS0871,2011-03-21,0,0,-6.781585194552122,0
MTB0620,2010-04-20,0,0,-3.0242104374754035,0
NAR0981,2010-05-25,0,0,-24.838910276987235,0
UCS0227,2011-05-10,0,0,-1.9457404530065787,0
SRH0155,2011-03-07,0,0,-26.520456323908206,0
ARD0509,2011-03-17,0,0,-21.188224947480307,0
TJG0582,2010-03-17,0,0,-0.4596809819545342,0
MBR0724,2010-11-09,0,0,-0.7369174506420677,0
MNC0717,2010-05-24,0,0,-2.0812409259100377,0
AKR0057,2010-08-16,0,1,-24.347611470774268,0
SDB0106,2011-05-09,0,0,-18.014130308631366,0
UFK0208,2011-05-06,0,0,4.279927584111874,0
ABC0253,2010-03-01,0,0,-20.886648820325036,0
LQP0508,2010-01-11,0,0,-16.16163608904469,0
FDE0117,2010-01-28,0,0,-24.84099088886046,0
BDB0453,2010-11-17,0,0,-3.3484308996003165,0
RRA0938,2010-12-01,0,0,-3.601635890661669,0
HGH0595,2010-10-20,0,0,-0.4596809819545342,0
YWW0660,2010-03-08,0,0,-18.151683102751917,0
MJS0890,2010-07-16,0,0,-20.280640603416487,0
KCS0173,2011-02-10,0,0,-3.5479808813236104,0
NKP0236,2010-07-26,0,0,-28.707003122926267,0
OLW0689,2010-09-28,0,0,-6.386125904725077,0
BNR0965,2011-05-03,0,0,1.3855227019022323,0
DCC0160,2011-04-01,0,0,-16.831566256238602,0
AMJ0297,2010-02-17,0,0,-0.4596809819545342,0
IBP0883,2010-11-15,0,0,-17.481811612813317,0
MIB0904,2010-06-04,0,0,-21.42631668050285,0
JXH0493,2011-02-14,0,0,-7.0826725524382255,0
NAR0981,2010-04-30,0,0,-24.946395944995402,0
NRO0768,2010-08-27,0,0,-20.1411338579544,0
JIG0128,2010-09-30,0,0,-17.372597652102854,0
SVL0803,2010-06-10,0,0,-2.6432156450423463,0
ORM0669,2010-04-27,0,0,1.7002245975982078,0
MAD0753,2010-04-13,0,0,-3.511579790245605,0
DIC0988,2011-05-16,0,0,0.8628814087592218,0
IUY0279,2010-04-06,0,0,-10.42698106801231,0
HFB0347,2010-11-26,0,0,-16.255579532650927,0
SCP0130,2010-07-23,0,0,-0.02195543732796068,0
CTA0020,2010-02-10,0,0,-20.568753611478087,0
OJK0233,2010-01-13,0,0,-10.29801784953952,0
FRL0511,2010-09-01,0,0,-22.300056690424185,0
HLH0512,2010-10-19,0,0,-22.017591307112866,0
RAH0440,2011-04-12,0,0,-18.778958613830127,0
BIH0745,2010-03-18,0,1,-4.418331789869171,0
IBB0696,2010-05-14,0,0,-5.261986315202421,0
MAH0864,2011-04-06,0,0,-3.695745682012216,0
MKS0204,2010-12-29,0,0,-4.757764008900381,0
MYD0978,2010-03-02,0,1,-21.043633040053464,0
OQH0183,2010-10-26,0,0,-20.190514372731286,0
KNB0022,2010-04-07,0,0,-20.506403975204194,0
BMS0877,2010-03-23,0,0,-3.233895784949709,0
ALD0529,2011-03-23,0,0,-21.773625613065406,0
KAT0489,2010-11-09,0,0,-7.469513736506315,0
FRL0511,2010-03-02,0,0,-21.14364623941958,0
RDT0424,2011-02-01,0,0,-7.087522804596119,0
AAF0791,2010-02-12,0,0,-9.314972399733847,0
AMR0318,2011-03-01,0,0,-0.38249111032007477,0
ASL0378,2010-10-04,0,0,-22.999870407671438,0
TBT0461,2011-01-26,0,0,-0.7224114404158399,0
HRB0351,2010-11-23,0,0,-14.783572928118247,0
IKR0401,2010-04-06,0,1,-7.136077244494572,0
HAC0282,2010-04-01,0,0,-19.55480123240477,0
CCR0863,2010-07-28,0,0,-5.788224356973956,0
HKF0831,2011-04-27,0,0,-0.22543925009529175,0
KBG0549,2011-03-10,0,0,-23.92964210278285,0
VAA0087,2010-05-11,0,0,-17.929452219279597,0
LEM0605,2011-02-01,0,0,-5.834473101413096,0
JMH0543,2010-06-10,0,0,-23.380937624352782,0
FWM0707,2010-10-06,0,0,-0.7064905313396821,0
JCC0225,2010-08-03,0,0,-21.740948518191885,0
VMJ0546,2010-02-11,0,0,-9.831181542869786,0
SMW0084,2010-02-18,0,0,-16.55711138204549,0
THR0873,2010-07-06,0,0,5.33599033315204,0
GRM0868,2010-01-07,0,0,-1.2749189644035823,0
FSB0399,2011-03-29,0,0,-6.272438395524432,0
DBB0384,2010-08-25,0,0,-21.343289379262842,0
RHY0079,2011-04-08,0,0,-13.673868033836925,0
FUM0015,2011-04-27,0,0,-20.13500468308041,0
GJT0386,2011-02-10,0,0,2.5370972105952205,0
CUD0795,2010-05-20,0,0,-12.102841784416341,0
WPR0368,2010-10-19,0,0,-22.21393217169782,0
BRB0355,2010-04-05,0,0,-7.434257873026468,0
GBM0603,2010-08-20,0,0,-5.752435267141095,0
KRV0372,2010-09-13,0,0,-20.969136351612974,0
MDM0625,2010-05-11,0,0,2.8559974328300086,0
RAS0432,2010-03-12,0,0,-12.094223159854778,0
NDM0417,2010-01-27,0,0,-22.27513373776003,0
LJJ0905,2010-01-15,0,0,-19.591256246888634,0
SBH0537,2011-01-11,0,0,-26.01380057022982,0
EMS0317,2011-04-05,0,0,-4.328797816710676,0
RJB0088,2011-04-05,0,0,-18.442335210460897,0
SNS0129,2010-07-07,0,0,-27.580291300996805,0
EWH0191,2010-08-25,0,0,-24.54633446171215,0
AMM0014,2010-08-24,0,0,-18.846132276660796,0
ANP0555,2010-07-30,0,0,-2.5095748208115083,0
NMC0486,2010-04-20,0,0,-5.153891466542291,0
SRH0155,2011-03-31,0,0,-28.407875459278557,0
RKF0164,2010-08-19,0,0,-22.097527809862072,0
YDN0198,2011-02-08,0,0,-27.979468807962917,0
WKD0013,2010-09-09,0,0,-20.325560690673115,0
CKB0427,2010-09-24,0,0,-9.845235629584522,0
IYB0918,2011-01-18,0,0,-21.319952200032162,0
IBB0359,2011-03-21,0,0,-16.444971354867675,0
MTB0620,2010-04-26,0,0,-1.9446704066310758,0
FRB0023,2010-11-17,0,0,-19.814729582891346,0
NRO0768,2010-04-23,0,0,-20.92589032730268,0
AAV0450,2011-05-13,0,0,-0.22543925009529175,0
DBB0384,2010-11-12,0,0,-21.162245591838996,0
DDM0579,2010-01-21,0,0,-1.2191903865591485,0
NMF0780,2010-11-02,0,0,-20.75615900526475,0
KNG0672,2010-08-03,0,0,-10.22579892203305,0
RSC0089,2010-09-18,0,0,-1.298966053853519,0
RVF0201,2010-07-26,0,0,-27.48203733122864,0
RHO0732,2010-04-09,0,0,-3.8038703360541604,0
MTB0620,2010-05-05,0,0,-4.861650395435731,0
JJH0292,2011-03-09,0,0,-1.23947277238085,0
HAH0760,2010-11-15,0,0,-20.2315064782656,0
AMR0318,2011-03-25,0,0,-6.715694280269076,0
CBG0490,2010-06-29,0,0,-5.597970232011221,0
BJM0111,2011-02-04,0,0,-21.584101170557346,0
WGR0833,2010-11-17,0,0,-1.912432975742263,0
HLM0933,2010-06-21,0,0,-4.895277892524405,0
AIM0627,2010-08-18,0,0,-3.740435095385692,0
BSS0463,2010-08-09,0,0,-2.200838563720936,0
HLH0512,2010-07-09,0,0,-20.88987158352893,0
JKF0465,2010-07-21,0,0,-0.7224114404158399,0
HAV0121,2011-03-01,0,0,-12.59928738076303,0
QCH0110,2010-05-28,0,0,-21.23402994938772,0
LNR0656,2010-09-30,0,0,-19.520689533223504,0
PDH0716,2010-03-16,0,0,-6.282341018484544,0
CHM0821,2011-03-24,0,0,-0.9431118171253274,0
QNP0216,2010-08-23,0,0,-21.611420565971798,0
DJS0682,2010-02-26,0,0,-7.940809325653049,0
ASG0048,2010-04-30,0,0,-27.94351712844616,0
JMD0520,2010-08-30,0,0,-21.463193378648725,0
HVF0067,2010-07-01,0,0,-4.006832728648078,0
KBP0008,2010-11-29,0,0,-24.103608373023803,0
OYM0026,2010-03-16,0,0,-5.992409911112418,0
TJD0996,2010-09-20,0,0,-20.99356364617472,0
TSG0906,2011-03-09,0,0,-21.231502060315393,0
PNH0761,2010-02-10,0,0,-19.185467034307862,0
EZH0736,2010-12-16,0,0,-9.871890694253011,0
IBM0671,2010-05-14,0,0,-10.39802564059903,0
JCR0172,2010-02-03,0,0,-5.241782330692786,0
AHG0634,2010-01-20,0,0,-18.0705505123816,0
NHH0185,2010-01-07,0,0,-19.779436132976343,0
FIR0920,2011-03-07,0,0,-23.537366911181834,0
SDB0106,2011-04-13,0,0,-16.071681695509824,0
BJH0354,2011-02-04,0,0,-23.934027544645232,0
NDM0417,2011-01-20,0,0,-24.26265335775622,0
OMS0101,2011-01-17,0,0,-25.71070196340122,0
ASS0517,2010-12-28,0,0,-20.291306403365866,0
GQF0659,2010-07-07,0,0,-18.64108384857093,0
SJW0451,2011-05-16,0,0,-0.4596809819545342,0
BJM0111,2010-11-16,0,0,-25.037166101460116,0
GCL0016,2010-04-09,0,0,-28.22824353968815,0
RDM0150,2010-08-23,0,0,-2.0183808319958416,0
GCL0016,2011-01-04,0,0,-26.196915124640896,0
LRW0970,2011-02-02,0,0,-0.22543925009529175,0
LBH0942,2011-04-03,0,0,-2.8087201479098667,0
MVF0594,2010-12-14,0,0,-2.242471115725948,0
QPM0727,2010-11-15,0,0,-6.8716151087605795,0
RJB0088,2010-08-05,0,0,-18.279282582391374,0
DOL0332,2010-11-24,0,0,-16.45895947798647,0
CCM0136,2010-12-13,0,0,-4.140448646637992,0
KRL0062,2011-04-06,0,0,-27.94784525442651,0
JJH0613,2010-10-28,0,0,-3.5348655788423002,0
AHD0848,2011-02-15,0,0,-1.0498541092994174,0
BRS0734,2010-03-18,0,0,-5.421121321515557,0
HGH0595,2011-01-05,0,0,-2.2832896928276796,0
DZC0228,2011-03-11,0,0,-12.95764841742539,0
CSP0197,2011-04-25,0,0,-0.8416745938704935,0
JBD0616,2011-02-04,0,0,-0.7483068345941319,0
IIL0513,2010-04-30,0,0,-21.636468219810354,0
RCP0785,2011-03-31,0,0,-22.405398223773545,0
GNS0178,2010-01-06,0,0,-16.502732494792667,0
JMC0925,2010-11-24,0,0,-6.989060206931981,0
FSB0399,2011-01-06,0,0,-7.236293207304584,0
BBS0039,2010-01-19,0,1,-21.314190049307513,0
AIP0394,2011-01-24,0,0,-2.6230189929204926,0
NHH0185,2010-05-25,0,0,-18.538422101466153,0
FRL0511,2011-04-13,0,0,-20.291306403365866,0
MGS0974,2011-02-02,0,0,-21.527111862752463,0
AJR0319,2011-01-08,0,0,-5.8140870139960725,0
PLH0862,2010-02-10,0,0,-5.11368921296355,0
GRM0868,2011-02-09,0,0,-5.07980544836812,0
PRM0740,2010-03-23,0,0,-6.675057661915616,0
JKF0465,2010-05-05,0,0,-2.2832896928276796,0
ZSB0649,2010-02-25,0,0,-19.6414900488096,0
DCH0843,2010-02-18,0,1,-0.7064905313396821,0
IIA0092,2010-02-18,0,0,-5.284809074877444,0
ABN0239,2010-09-16,0,0,-6.305787475574903,0
MKL0941,2010-02-16,0,0,-8.04215865641504,0
WLV0566,2010-09-02,0,0,-1.794775478289239,0
DLH0029,2010-08-23,0,0,2.9237256149781388,0
BAL0044,2010-06-21,0,0,-17.525929400581617,0
NJB0243,2010-06-30,0,0,-17.77123828782419,0
RDT0424,2010-04-12,0,0,-7.40792370293309,0
HSP0290,2010-10-28,0,0,-2.7687114063107856,0
BMC0547,2010-11-11,0,0,-11.500610998371485,0
NBH0256,2011-03-08,0,0,-19.77840157687399,0
NWT0098,2010-11-04,0,1,-22.493651009376663,0
SDO0170,2010-11-22,0,0,-3.0870351104869087,0
MMG0943,2010-03-05,0,0,-8.624180123867063,0
PMC0328,2010-11-02,0,0,-16.632374990392464,0
YWW0660,2010-12-07,0,0,-18.24780115305464,0
FAW0032,2011-02-15,0,1,-26.080590397675905,0
CAN0842,2010-04-14,0,0,-1.4904878636043577,0
PRM0740,2010-03-26,0,0,-5.679672023099329,0
JLW0053,2010-01-08,0,0,13.214521136891676,1
SSJ0784,2010-10-07,0,0,-19.073586392519587,0
DHM0937,2010-03-29,0,0,-27.818422773042926,0
JSA0775,2010-03-15,0,0,-21.21294958209728,0
VMJ0546,2011-05-09,0,0,-11.982294680065252,0
VSA0230,2010-09-28,0,0,3.1619709122221593,0
RHC0335,2010-07-22,0,0,-19.863901837430035,0
BJM0111,2011-02-19,0,0,-10.29624096866064,0
HOB0994,2011-03-15,0,0,-13.874360265582823,0
KBS0874,2010-04-26,0,0,-3.363731798908475,0
QOS0878,2010-03-14,0,0,-3.7006365138889805,0
BAM0611,2011-03-07,0,0,-4.482984505741911,0
KMW0545,2010-04-22,0,0,-9.457616944770848,0
CHM0821,2010-05-19,0,0,-2.204111213484225,0
RRA0938,2010-11-09,0,0,-0.6211797037454971,0
EJW0884,2010-05-25,0,0,-21.228307059185113,0
JCR0921,2010-09-24,0,0,-9.435615430430971,0
JKM0303,2010-05-19,0,0,-0.7224114404158399,0
BHC0665,2011-02-07,0,0,1.7378614900554794,0
BJP0134,2010-12-29,0,0,-5.683182159890521,0
EJW0884,2011-01-07,0,0,-14.631135209324725,0
AKF0709,2010-09-20,0,0,-1.7691841221461573,0
WJD0576,2010-04-13,0,0,-1.6680305294240725,0
NMS0280,2010-07-07,0,0,-20.76908495987425,0
ESJ0670,2011-05-01,0,0,-19.852722750297403,0
NMS0280,2010-03-18,0,0,-18.85727134676972,0
PMV0850,2011-01-10,0,0,-2.3749361851023423,0
EMB0531,2010-03-30,0,0,-18.439849444618062,0
CHM0821,2010-12-02,0,0,-5.141204798908802,0
YCE0983,2010-10-28,0,0,-24.211263117201952,0
TEM0977,2011-01-21,0,0,-21.035894504978614,0
IBB0696,2011-02-22,0,0,-5.636462961062307,0
NHH0185,2010-03-23,0,0,-18.710923720489063,0
LBC0356,2011-01-11,0,0,-20.79019131037421,0
GJT0386,2010-01-15,0,0,-1.8484991689767867,0
LHB0967,2010-10-25,0,0,-1.2591644484622293,0
JRF0835,2010-03-23,0,0,-2.7105248847627763,0
IBM0671,2010-01-29,0,0,-10.124431598220553,0
PTH0552,2010-01-21,0,0,-3.5923271409868676,0
AJP0723,2010-03-01,0,0,-0.3858800300046141,0
YJF0532,2010-05-10,0,0,-20.81061411270298,0
CRP0456,2010-10-20,0,0,-0.3858800300046141,0
EDB0714,2010-09-14,0,1,-2.9319717115829462,0
HCC0344,2010-11-05,0,0,-20.15199174792815,0
NMC0486,2010-01-05,0,0,-6.700770447847503,0
GKO0078,2011-05-03,0,0,-9.560622410643532,0
FRR0832,2011-02-16,0,0,-2.3067309677462617,0
BMM0112,2011-03-24,0,0,-19.658678412970062,0
VAA0087,2010-05-07,0,0,-19.1217012839262,0
FMG0527,2010-07-13,0,1,-21.14364623941958,0
WPE0538,2011-04-21,0,0,-1.6371363335197202,0
HDD0806,2010-03-09,0,0,-8.985475805054762,0
NJC0705,2010-01-05,0,0,-0.22543925009529175,0
BTN0061,2010-06-03,0,0,-20.825906943599193,0
IBS0836,2011-04-14,0,0,-4.222574519310228,0
VFM0814,2010-03-15,0,0,-19.4803152419596,0
MDM0976,2011-02-01,0,0,-20.720355383920833,0
JMH0543,2010-02-12,0,0,-23.507616469659297,0
DLS0383,2010-08-06,0,0,-22.51379257891017,0
OBH0499,2010-03-16,0,0,-4.043518465154307,0
WSR0241,2010-12-07,0,0,-28.982482163304553,0
BJH0811,2010-07-21,0,0,-27.29077107279204,0
AKK0329,2011-04-04,0,0,-19.863901837430035,0
CAB0614,2010-07-06,0,0,-3.9859366060769617,0
DAG0558,2010-02-19,0,0,-28.30566807058119,0
HIA0414,2010-12-29,0,0,-7.7217851408324805,0
CEL0561,2010-07-28,0,0,-28.257272199618342,0
EZT0640,2011-05-03,0,0,-20.540799782675663,0
SDO0170,2010-07-12,0,0,-6.83124778221088,0
UBF0645,2010-07-14,0,0,-19.231750392577737,0
KRV0372,2010-08-04,0,0,-23.503549632897034,0
AKF0709,2010-03-16,0,0,-2.1161642202648636,0
AAL0706,2010-09-01,0,0,-0.7064905313396821,0
DBB0384,2010-05-21,0,0,-20.744157459575945,0
BMC0547,2011-03-11,0,0,-11.820285291397454,0
RDM0115,2011-04-15,0,0,-27.479665257080796,0
CSB0080,2010-02-09,0,0,-28.65114800733909,0
CSH0626,2010-02-25,0,0,-7.581925009700171,0
HVB0037,2010-10-09,0,0,0.8451474101212852,0
MFV0897,2010-06-11,0,0,-20.291306403365866,0
VCC0396,2011-02-17,0,0,-2.5398002422243735,0
FUM0015,2011-03-31,0,0,-21.36359306767997,0
TEM0977,2011-04-29,0,0,-21.706241416479088,0
NBC0412,2011-02-09,0,0,0.13165042776051905,0
RAS0432,2011-02-03,0,0,-11.686587973619453,0
HPR0585,2010-09-02,0,0,-1.23947277238085,0
FSB0399,2010-12-03,0,0,-5.895438991916308,0
MYD0978,2010-12-18,1,1,-13.052855767216329,0
OJK0233,2011-05-12,0,0,-10.687702362732011,0
UIR0043,2011-05-02,0,0,-20.268597731803197,0
YEV0793,2010-06-14,0,0,-21.178961021056466,0
MHH0180,2010-10-11,0,0,-18.03774060414878,0
OKC0107,2011-02-25,0,0,-12.473491013513467,0
FRL0511,2010-07-28,0,0,-21.14364623941958,0
DVW0103,2011-04-05,0,0,-9.13082868828485,0
GMF0738,2010-08-10,0,0,-5.286226514748591,0
EHB0420,2010-07-07,0,0,-19.225662517389082,0
HVB0037,2010-11-02,0,0,2.7129329649549163,0
QJR0688,2010-03-19,0,0,-26.754820677394378,0
SJO0209,2010-05-05,0,0,3.0783488971845827,0
BAJ0654,2010-09-29,0,0,-19.860012671659547,0
KBG0549,2010-02-16,0,0,-20.630142192665176,0
JCV0245,2011-01-10,0,0,-20.355294551719112,0
ONW0083,2010-11-15,0,0,-18.353132599763512,0
FDE0117,2010-04-09,0,0,-27.139185380738695,0
GNS0178,2010-11-22,0,0,-14.123900121741258,0
TVS0006,2010-04-14,0,0,-25.49251437421981,0
KKW0879,2011-03-22,0,0,1.2075702920739104,0
ECR0822,2010-10-12,0,0,-0.22543925009529175,0
DMK0257,2010-04-12,0,0,-18.565396024676033,0
KAT0489,2010-10-22,0,0,-5.897364384400703,0
BCR0581,2010-08-11,0,0,-2.775121886143893,0
LBF0214,2010-05-17,0,0,1.1247907811916775,0
JIM0095,2010-11-30,0,0,-26.482126019501266,0
SMY0792,2010-08-02,0,0,-2.1779401237976117,0
BAH0875,2011-04-15,0,0,-9.410565515564372,0
TSM0363,2010-03-29,0,0,-21.284513224285206,0
RIH0777,2010-04-20,0,0,-21.68843689264645,0
MKG0711,2010-05-10,0,0,-0.22543925009529175,0
DEB0782,2011-03-18,0,0,-21.857797544538244,0
VLB0647,2011-01-13,0,0,-19.360737182322055,0
GTD0898,2010-06-04,0,0,-21.440585778851982,0
CCH0182,2011-03-04,0,0,-18.335298379303254,0
MIC0726,2010-11-19,0,0,-5.8409160078807645,0
PAD0773,2011-04-01,0,0,-18.530257363314036,0
LBH0942,2010-08-24,0,0,-0.7991973723584351,0
CSP0197,2010-05-04,0,0,-1.1372054808346093,0
JIM0095,2010-09-30,0,0,-27.76438339986214,0
DAG0558,2010-04-12,0,0,-29.016351046373302,0
MJM0510,2011-05-10,0,0,-19.906610349897846,0
ABC0253,2010-03-29,0,0,-19.004343372783524,0
HCL0113,2010-01-13,0,0,-13.209136864842776,0
ESJ0670,2010-02-27,0,0,-18.171357023454448,0
ABC0174,2010-07-29,0,1,-2.434046987473266,0
JCR0289,2010-10-05,0,0,-1.951465366480079,0
RHO0732,2010-04-14,0,0,0.8513317510279421,0
NCH0179,2011-01-18,0,0,-27.572607096909223,0
HCW0419,2010-09-10,0,0,-20.31559283810509,0
CKD0680,2010-03-22,0,0,-21.88682837188844,0
RZC0746,2010-10-29,0,0,-6.74653546579907,0
KJJ0293,2010-05-12,0,0,-1.6217224891873911,0
SCF0608,2010-11-04,0,0,-7.952215911317694,0
KRM0541,2010-07-01,0,0,-21.963223637369765,0
ECR0822,2010-10-01,0,0,-2.782491437155045,0
EPW0434,2010-08-12,0,0,-13.773478857764644,0
SVS0871,2010-08-19,0,0,-4.582792867520652,0
OYM0026,2010-10-18,0,0,-8.03698402370253,0
GCS0571,2010-12-30,0,0,-0.44672184137164095,0
CIG0052,2011-03-30,0,0,-26.899968230057766,0
SJW0451,2010-01-05,0,0,-0.029480686207648432,0
DVM0265,2010-08-13,0,0,-8.046786461044462,0
JGM0934,2011-03-08,0,0,-6.398186729107579,0
KSP0966,2010-10-25,0,0,-3.067758533759161,0
SER0165,2010-11-22,0,0,-28.465266283201686,0
SSS0345,2010-09-01,0,0,-18.54561715012403,0
PMV0850,2010-05-26,0,0,-1.8830778099365943,0
ZFM0468,2010-04-29,0,0,-0.4596809819545342,0
TDJ0998,2010-05-20,0,0,-16.91072595542255,0
SGM0021,2010-02-19,0,0,-25.115886443860177,0
CHM0821,2010-06-18,0,0,-3.9476537200888515,0
BJP0134,2010-03-04,0,0,-4.774597932687357,0
FHS0837,2011-05-06,0,0,-0.9964347838972571,0
PDH0716,2011-01-12,0,0,-4.535969856458564,0
CCA0046,2010-07-16,0,1,-15.970157162270084,0
JOL0024,2011-01-27,0,0,-26.154361637899683,0
ASM0575,2010-11-24,0,0,-0.029480686207648432,0
PPF0435,2010-10-13,0,1,-11.051330210296555,0
SJC0333,2011-02-25,0,0,-17.304479688763536,0
NDM0417,2011-01-27,0,0,-25.195704128519424,0
PEV0323,2010-06-28,0,0,-6.987505590239493,0
ABH0663,2010-09-13,0,0,-2.139178778996211,0
SJC0333,2010-03-12,0,0,-20.327182860717812,0
NKH0979,2010-03-11,0,0,-20.65601543125456,0
SRH0155,2010-02-10,0,0,-26.668880229829256,0
CIM0271,2010-09-24,0,0,-22.388696766385692,0
AIP0394,2010-11-03,0,0,-8.80825492561894,0
ZKS0899,2010-01-15,0,0,-22.458613554898307,0
KRV0372,2010-09-22,0,0,-21.17986127739414,0
MLD0755,2010-10-20,0,0,-5.223250191046304,0
EHB0420,2010-09-28,0,0,-17.415399961203207,0
DLS0383,2011-04-15,0,0,-21.833164289428396,0
XAA0104,2010-08-12,0,0,-22.536428322025017,0
TJG0582,2010-12-06,0,0,-0.029480686207648432,0
ETR0428,2011-01-17,0,0,-12.903523578985642,0
OLF0504,2010-06-23,0,0,-5.625475579004501,0
KJP0371,2011-04-13,0,0,-22.802469368457537,0
MSG0839,2010-08-02,0,0,-0.7261734935627828,0
JMH0543,2010-02-18,0,0,-22.54834758141692,0
FSC0601,2010-12-16,0,1,-5.1000283899047645,0
MAH0149,2010-11-22,0,0,-27.63758369451034,0
CCA0046,2010-08-10,0,1,-18.505739489762277,0
JLW0053,2010-09-01,0,0,17.859187730056647,1
AKF0709,2011-03-04,0,0,-0.9964347838972571,0
LJT0817,2010-12-30,0,0,-13.633948114242571,0
KSH0569,2010-05-27,0,0,-0.043138178377148506,0
EHB0420,2011-03-13,0,0,-17.859143814034155,0
JCW0858,2010-09-09,0,0,-2.603722291016993,0
PTH0830,2010-03-29,0,0,-2.7105248847627763,0
VFM0814,2010-09-22,0,0,-28.179070720719096,0
LCC0819,2010-01-29,0,1,-26.996379714042405,0
CQW0652,2010-08-10,0,1,-18.814784416399334,0
PMV0850,2010-04-14,0,0,1.1944560734143579,0
SJC0333,2010-11-29,0,0,-17.925074038960588,0
KBL0260,2010-12-13,0,0,-19.388187786026833,0
ESJ0670,2010-08-08,0,0,-20.65946368996117,0
HRB0351,2010-11-20,0,0,-15.919364206061573,0
RIH0777,2010-02-03,0,0,-19.830551687494108,0
ENC0234,2010-09-03,0,0,-9.343100918734422,0
SMH0291,2010-01-19,0,0,-2.775121886143893,0
ATE0869,2010-04-26,0,0,-5.568083701723481,0
MLP0668,2010-10-21,0,0,-3.2952490866476865,0
KDS0349,2011-01-31,0,0,9.823014600417196,1
JJH0292,2010-11-16,0,0,-0.029480686207648432,0
SOB0586,2010-10-22,0,0,-0.7224114404158399,0
KMW0545,2010-11-23,0,0,-9.68090089318639,0
ESH0135,2010-10-13,0,0,-0.4596809819545342,0
GRC0145,2010-06-01,0,0,-25.69397486350431,0
LBF0214,2010-01-04,0,0,1.4031527671500044,0
AAL0706,2010-02-05,0,0,-2.5114861009300284,0
IUB0565,2010-07-27,0,1,-6.792235748790404,0
ICS0956,2010-04-12,0,0,-0.22543925009529175,0
MIB0904,2010-07-19,0,0,-21.654854343668717,0
GTD0898,2011-05-03,0,0,-21.04380616475771,0
QNF0205,2010-09-23,0,0,-6.219549986316338,0
XAA0104,2010-06-17,0,0,-22.943926505597688,0
BEH0615,2011-04-13,0,0,-5.92108756338007,0
FMG0527,2010-05-11,0,1,-18.892361859914217,0
LJT0817,2010-12-03,0,0,-16.141982630581424,0
CLS0296,2010-01-18,0,0,-0.029480686207648432,0
CCR0863,2010-12-10,0,0,-5.026878994311346,0
MNR0829,2011-01-06,0,0,-1.2591644484622293,0
MBG0438,2010-08-31,0,0,-11.284423834212362,0
VMJ0546,2010-06-30,0,0,-9.809919471171725,0
AGB0186,2010-04-30,0,0,-20.961849345083465,0
OLW0689,2011-05-03,0,0,-5.168201344840554,0
THD0448,2010-03-31,0,0,-1.1703446480004231,0
IBB0696,2010-12-08,0,0,-1.2891139898082429,0
VLB0647,2010-12-28,0,0,-22.367352863390806,0
KJM0887,2010-09-14,0,0,-21.5965350351687,0
LOF0311,2010-05-07,0,0,-3.7021613011092995,0
CMS0454,2011-01-12,0,0,-0.029480686207648432,0
CEJ0109,2010-03-02,0,1,-11.858992348654283,0
MJM0510,2011-01-20,0,0,-19.35631405932122,0
ETR0428,2010-07-14,0,0,-13.088754380140244,0
AMW0392,2010-10-21,0,0,-24.89552394236955,0
KAT0270,2010-03-19,0,0,-19.852013525797133,0
DJS0682,2011-05-05,0,0,-4.679632130942764,0
DSM0591,2010-08-17,0,0,-0.4596809819545342,0
KQS0415,2010-06-21,0,0,-6.9668416699598765,0
PGO0433,2010-05-11,0,0,-13.335017478670807,0
RTO0313,2010-12-15,0,0,-5.647927570661295,0
CCM0136,2010-09-20,0,0,-2.0829632363322617,0
HPR0585,2011-04-05,0,0,-1.951465366480079,0
RRA0938,2010-02-24,0,0,-7.1797356546421724,0
IJM0139,2010-09-23,0,0,-0.7224114404158399,0
FHS0837,2010-05-24,0,0,-1.4904878636043577,0
TET0621,2010-09-20,0,0,-4.838499929890531,0
CLD0894,2011-03-22,0,0,-19.86069107040339,0
KJA0152,2010-11-01,0,0,-27.504611900505324,0
ASL0378,2010-07-23,0,0,-21.19771753473583,0
LBC0356,2011-04-29,0,0,-21.16249936277768,0
BVC0790,2010-05-03,0,0,-18.437980393662656,0
BDI0533,2010-12-15,0,0,-21.69764489141744,0
PGO0433,2011-04-19,0,0,-11.327691647908978,0
PLH0862,2010-10-07,0,0,-4.411301134324617,0
TSM0363,2010-05-04,0,0,-22.69467305341459,0
SVL0940,2010-08-04,0,0,-3.9152061882537055,0
ESJ0670,2011-03-09,0,0,-21.455780320377812,0
CJM0138,2010-07-14,0,0,-1.404150611370028,0
AVM0947,2010-07-02,0,0,-7.912050778011007,0
IEB0153,2010-01-04,0,0,-0.45424653940142434,0
DBW0483,2011-02-01,0,0,-7.402411393429929,0
KCF0045,2010-05-19,0,0,-20.36741379692478,0
NBH0256,2010-05-10,0,0,-19.22523182799796,0
TIW0299,2011-02-04,0,0,-3.6442671602233077,0
YJV0699,2010-05-18,0,0,-0.3858800300046141,0
EHD0584,2010-01-14,0,1,-2.8464598970383577,0
MSD0939,2010-05-12,0,0,-29.72040403641722,0
IIA0092,2011-02-16,0,0,-8.033155067435018,0
THR0873,2010-02-18,0,0,-4.175633296664159,0
JLW0053,2011-03-03,0,0,13.200692965187727,1
JBM0350,2011-01-10,0,0,-25.22159402668308,0
CPG0322,2010-01-20,0,0,-3.166193430569251,0
KLH0596,2010-06-03,0,1,-0.7224114404158399,0
TEM0977,2011-04-28,0,0,-20.260963393772272,0
TTD1000,2010-03-01,0,0,-20.05584045597243,0
NDM0417,2010-08-25,0,0,-26.178316337254614,0
JRS0362,2010-10-11,0,0,-21.414221361028808,0
HPH0075,2010-09-15,0,0,-9.225135404562707,0
KDT0346,2010-12-03,0,0,-21.485831250286196,0
JJH0613,2011-03-03,0,0,-3.2330807419334633,0
JCR0172,2010-11-17,0,0,-3.3930255379140135,0
JAM0382,2010-07-09,0,0,-23.531001699654325,0
TBT0461,2010-10-27,0,0,-2.3067309677462617,0
CSJ0340,2011-02-24,0,0,-18.43765195017761,0
HCV0478,2010-07-14,0,0,-5.902552289809364,0
DSM0591,2010-05-26,0,0,-0.029480686207648432,0
HCM0267,2010-05-13,0,0,-9.462382247925802,0
LOF0311,2011-01-26,0,0,-5.754478885178514,0
CBB0365,2010-01-18,0,0,-22.129722582121985,0
ABH0663,2010-03-11,0,0,-1.5754120326479324,0
ECL0930,2010-02-17,0,0,-28.25746704915855,0
GAF0060,2010-05-17,0,0,-3.1323281256112523,0
BNG0237,2010-09-16,0,0,-0.4033526983077991,0
MIL0255,2011-02-24,0,0,-20.35459986951048,0
CCW0524,2011-03-04,0,0,-18.958950842231047,0
CQH0730,2010-02-10,0,0,-8.789518775284478,0
RBB0485,2010-09-10,0,0,-6.882193131884378,0
CTA0020,2010-09-28,0,0,-20.274417255074923,0
KVS0425,2011-04-15,0,0,-6.986885620172416,0
CLF0852,2011-01-28,0,0,-5.284118339687325,0
POB0343,2010-04-07,0,0,-18.76610081770889,0
MAE0331,2010-04-08,0,0,-20.16325966894351,0
KRG0158,2011-02-09,0,0,-26.228685739413095,0
TTD1000,2011-03-08,0,0,-18.333006619244202,0
DIC0988,2010-03-29,0,0,5.297675594680982,0
LNR0656,2010-12-17,0,0,-20.77578447992687,0
DGN0480,2010-03-10,0,0,-6.757720144717382,0
MSG0839,2010-03-23,0,0,-0.22543925009529175,0
JIG0128,2010-02-23,0,0,-16.57014336991608,0
UBF0645,2011-04-15,0,0,-19.729011919923437,0
JER0404,2010-09-09,0,0,-3.6431009235077454,0
SSH0799,2011-01-11,0,0,-22.60351235051496,0
QNP0216,2011-02-11,0,0,-23.509112077828036,0
GTD0898,2010-04-08,0,0,-21.14364623941958,0
DGN0480,2010-04-30,0,0,-6.241877933297246,0
BWP0202,2010-09-07,0,0,-4.321837683244212,0
JZD0888,2011-03-09,0,0,-21.14364623941958,0
PMJ0564,2010-02-24,0,0,-27.09772019782224,0
KSP0966,2010-03-04,0,0,-0.22543925009529175,0
LAP0338,2010-01-08,0,0,-20.83576542345122,0
WLV0566,2010-10-27,0,0,-6.291704375028644,0
POB0343,2011-01-04,0,0,-19.10909443955518,0
DLH0029,2011-04-21,0,0,2.6922695679746766,0
JJH0613,2010-12-29,0,0,-5.185597144854,0
VCY0751,2010-01-15,0,0,-7.86385443852339,0
ALC0788,2010-10-06,0,0,3.62031023157067,0
CRD0624,2010-02-04,0,0,-6.998357785202074,0
NMC0486,2010-01-13,0,0,-6.4592113966792795,0
LJT0817,2010-05-25,0,0,-19.07251924660693,0
JGM0934,2010-07-30,0,0,-8.877210196131045,0
SBN0971,2011-04-22,0,0,-2.0903255814213253,0
SRH0155,2010-02-19,0,0,-26.32201289986517,0
JJB0127,2011-03-22,0,0,-20.297210451372052,0
CLS0296,2011-02-14,0,0,-3.451653225405721,0
IAR0694,2010-11-03,0,0,-26.71142327087341,0
DHM0937,2010-12-14,0,0,-27.028221308905472,0
SAK0375,2011-05-06,0,0,-21.92610079781923,0
CSJ0340,2010-01-18,0,0,-20.01711666449239,0
EPW0434,2010-04-14,0,0,-13.61590049144354,0
ASS0517,2010-11-23,0,0,-22.405398223773545,0
PES0085,2010-11-05,0,0,-27.62120549536303,0
KCB0815,2010-03-01,0,0,-9.794299656640646,0
UBF0645,2011-01-07,0,0,-20.034807572132195,0
BBS0422,2010-02-15,0,0,-14.166230602852124,0
KMW0545,2010-10-29,0,0,-10.685796074597647,0
OCB0805,2010-03-25,0,0,-0.09315049073416048,0
ECL0930,2010-07-30,0,0,-28.352878113370252,0
JML0909,2010-09-08,0,0,-21.654854343668717,0
BIS0247,2011-02-01,0,0,-17.567989972007354,0
CKH0144,2011-01-31,0,0,-26.663770549404944,0
KBL0260,2010-06-29,0,0,-18.59859996730313,0
HDH0928,2011-02-07,0,0,1.756817122104735,0
YCE0983,2010-11-29,0,0,-24.500618315627207,0
HMM0108,2010-03-18,0,0,-11.721656522349917,0
MKS0204,2010-12-21,0,0,-7.084215004852354,0
PKB0281,2010-11-16,0,0,-20.85914214413185,0
DMK0257,2010-11-24,0,0,-13.969739824701833,0
ELT0769,2010-11-03,0,0,-21.335937955741997,0
LDM0587,2010-04-27,0,0,-1.2191903865591485,0
QNP0216,2010-09-24,0,0,-20.03727163019687,0
ARD0509,2010-02-03,0,0,-19.910621012367073,0
HCV0478,2011-03-18,0,0,-7.5955549281515005,0
MPT0376,2010-08-04,0,0,3.240236828997695,0
JXH0493,2011-02-15,0,0,-6.0911825097384735,0
USH0199,2011-05-06,0,0,-19.003396740094104,0
BVC0790,2010-04-13,0,0,-16.33849386651741,0
CNB0900,2011-01-19,0,0,-21.741885558658282,0
SXM0895,2010-07-01,0,0,-20.88987158352893,0
RSC0089,2010-10-12,0,0,-18.52994954890778,0
CLB0774,2010-07-26,0,0,-22.864145267496724,0
BAK0964,2010-05-11,0,0,-1.3883418056542496,0
CNE0352,2010-10-14,0,0,-13.597255218020223,0
RIH0777,2010-12-03,0,0,-21.228307059185113,0
ZSK0258,2011-04-29,0,0,-19.270522498198034,0
MAE0331,2010-04-06,0,0,-21.826604272889995,0
ZSB0649,2010-06-02,0,0,-21.322352132011588,0
KMB0922,2011-04-25,0,0,-20.055012070203247,0
IRT0491,2010-04-28,0,0,-5.824129640231035,0
NSS0876,2010-05-28,0,0,-7.563056554970785,0
NRD0548,2010-03-24,0,0,1.6968323630594568,0
BTR0403,2010-12-02,0,0,-26.450943051708123,0
CXC0336,2010-08-06,0,0,-18.91250981320991,0
WVB0539,2010-12-22,0,0,-25.578959319361616,0
BSH0445,2010-12-01,0,0,-13.300226321435275,0
CRK0916,2010-05-28,0,0,-9.336197859851836,0
HTF0641,2011-02-10,0,0,-19.520689533223504,0
MKS0204,2011-03-23,0,0,-3.465294938334523,0
BTS0011,2010-09-17,0,0,-19.87298429937823,0
ORM0669,2010-06-30,0,0,-3.938892925106984,0
DGF0443,2010-11-09,0,0,-16.93197997515267,0
FPC0954,2010-01-05,0,0,-0.9964347838972571,0
HIA0414,2011-01-10,0,0,-8.98082749877301,0
KBS0874,2010-06-09,0,0,-6.407385536879929,0
EHR0096,2011-01-26,0,0,-25.389957201610514,0
OCB0805,2010-11-22,0,0,-1.2495069316379386,0
GQF0659,2010-07-23,0,0,-19.127038241262767,0
MKG0711,2010-06-10,0,0,-1.2591644484622293,0
TEM0093,2010-12-09,0,0,-6.71487581949782,0
RYB0718,2010-02-12,0,0,-3.384029984063204,0
DPM0423,2010-04-27,0,0,-21.229084092399148,0
SAH0599,2010-09-02,0,0,-0.4596809819545342,0
AAF0535,2010-05-25,0,1,-19.212130360879428,0
AKC0924,2010-05-24,0,0,-21.744463876055534,0
SMY0792,2010-10-28,0,0,-1.3998017351368617,0
CCM0855,2010-10-15,0,0,-4.430708146590405,0
ARD0509,2011-02-14,0,0,-21.509982484633042,0
SBH0537,2010-06-01,0,0,-28.027270210317283,0
AJC0840,2010-09-08,0,0,1.5596716799145725,0
CCH0685,2011-01-05,0,0,-26.019937620705946,0
MKS0204,2010-10-15,0,0,-0.896823220865258,0
VSA0230,2010-04-15,0,0,-3.791101461615085,0
HCV0478,2010-11-01,0,0,-6.526536000274746,0
DRR0242,2011-03-31,0,0,-27.270784903959225,0
CIM0926,2010-01-25,0,0,-23.596163410592,0
GQF0659,2010-12-30,0,0,-20.758145980189283,0
DIC0988,2010-07-26,0,0,4.931978269305546,0
HVF0067,2011-03-24,0,0,-1.4594798611647093,0
CJG0470,2011-01-07,0,0,-0.22543925009529175,0
JJB0127,2011-02-07,0,0,-18.088157477141635,0
CIG0052,2010-01-08,0,0,-27.24144289722676,0
AAF0791,2010-05-03,0,0,-10.620971946746295,0
NLO0131,2010-02-16,0,0,-0.4596809819545342,0
PKB0281,2011-04-20,0,0,-18.445314390097565,0
JXH0493,2010-01-20,0,0,-9.597853510225491,0
QCH0110,2010-09-01,0,0,-21.498202546886546,0
LBF0214,2010-06-29,0,0,-4.489021645625144,0
GCS0518,2010-11-08,0,0,-20.412769216833453,0
NRF0137,2010-04-23,0,0,-0.4596809819545342,0
KRM0541,2010-02-23,0,0,-21.100836491286714,0
LMF0980,2010-12-16,0,0,-20.736491184935744,0
CCM0467,2010-09-13,0,0,-0.22543925009529175,0
AES0827,2011-04-15,0,0,-2.3067309677462617,0
AAN0823,2011-01-06,0,0,-3.5260224806002043,0
ZSL0305,2010-08-31,0,0,-0.029480686207648432,0
JJB0700,2010-05-24,0,0,-0.22543925009529175,0
BTW0005,2010-05-06,0,0,-22.102316676648684,0
BHC0665,2010-02-18,0,0,-17.336967089898508,0
WPE0538,2010-08-17,0,0,1.092192134975221,0
ARA0252,2011-01-28,0,0,-20.75402112122697,0
ALB0892,2010-08-25,0,0,-20.412769216833453,0
DGN0480,2010-11-24,0,0,-3.6678145938019497,0
JJB0127,2010-03-29,0,0,-19.122100586732927,0
PTH0830,2010-08-24,0,0,-0.3858800300046141,0
MNS0224,2011-04-29,0,0,-21.671118581214387,0
RHC0335,2010-03-18,0,0,-19.51098621581616,0
SJW0451,2011-05-03,0,0,-0.3858800300046141,0
CLH0703,2011-05-10,0,0,-0.7064905313396821,0
HRW0550,2010-10-07,0,0,-21.568228613050223,0
BMC0547,2010-12-08,0,0,-11.172573798967164,0
ICH0294,2011-01-10,0,0,-0.03682381303121929,0
AMJ0297,2011-04-26,0,0,-2.2832896928276796,0
MOS0047,2010-05-24,0,1,-15.67058059945498,0
KBC0054,2010-05-24,0,0,-23.758950982991905,0
OLW0689,2010-02-16,0,0,0.3783061000968928,0
LBH0942,2011-03-02,0,0,-0.6634475830185238,0
ETR0428,2010-04-12,0,0,-10.809969314153363,0
FOB0756,2010-11-16,0,0,-20.029271294088403,0
CEL0561,2010-05-10,0,0,-28.104339748283564,0
RCC0617,2010-02-10,0,0,-5.450757521546279,0
DZC0228,2010-01-26,0,0,-11.668810466735863,0
AKC0924,2010-01-12,0,0,-23.232384053462283,0
XBN0229,2010-03-11,0,0,-21.426015897842603,0
RNL0695,2011-02-22,0,0,-27.819990330682117,0
CAB0388,2011-04-08,0,0,-22.955053635440777,0
IIW0249,2011-05-09,0,0,-19.692275453518846,0
BTL0722,2010-12-09,0,0,-1.112927565131713,0
OLW0689,2010-03-10,0,0,-6.84459286002982,0
QNP0216,2010-08-30,0,0,-21.52022492148285,0
DIB0285,2010-08-16,1,1,-14.695924718926108,0
JKJ0698,2011-05-08,0,0,-1.5804157195908601,0
LJT0817,2010-06-21,0,0,-19.87163148398963,0
AAM0658,2010-09-27,0,1,-19.520689533223504,0
WSR0241,2010-10-13,0,0,-28.338640938866206,0
EGK0893,2010-02-22,0,0,-18.958950842231047,0
HRL0540,2010-02-12,0,0,-9.043573464069254,0
FTM0406,2010-07-30,0,1,-5.851890225111333,0
VFM0814,2010-10-26,0,0,-27.864056179849968,0
HPH0075,2010-07-27,0,0,-7.439062409401004,0
MVF0594,2010-09-23,0,0,-1.554566390976447,0
AIB0948,2010-10-12,0,0,-5.035879172556292,0
EHR0096,2010-11-23,0,0,-25.050588233124245,0
BMC0547,2011-01-07,0,0,-10.325922645631408,0
CCC0393,2010-02-11,0,0,-28.1153763554006,0
AIM0627,2010-06-02,0,0,-6.910152745501591,0
KES0729,2010-05-06,0,0,-5.87473007142205,0
CKH0144,2010-05-26,0,0,-24.88457164297313,0
GNZ0953,2010-05-21,0,0,-1.740870124750586,0
AKR0057,2010-11-01,1,1,-20.95950674696553,0
LUR0896,2010-03-04,0,0,-20.779912095430745,0
DJB0159,2010-02-05,0,0,-19.58730141763499,0
HLM0933,2010-02-19,0,0,-9.363594387758894,0
PGC0066,2010-03-26,0,0,-26.849974204718706,0
IAT0263,2010-01-07,0,0,-2.0885303070574537,0
ASG0692,2010-02-22,0,0,-25.085103783964655,0
ANT0430,2010-02-09,0,0,-10.80692103278102,0
BKW0374,2010-02-04,0,0,-22.910631696779774,0
HMW0713,2011-01-20,0,0,-1.1703446480004231,0
SAA0999,2010-11-09,0,0,-12.858781492957178,0
HWM0342,2011-03-31,0,0,-17.976197512767044,0
LAP0338,2010-12-07,0,0,-14.657266711293346,0
NKP0236,2010-06-17,0,0,-23.534053656544643,0
IYB0918,2010-05-27,0,0,-23.672415802815635,0
RYB0718,2011-04-21,0,0,-0.3858800300046141,0
WLV0566,2011-01-03,0,0,-4.877073954405091,0
WBC0315,2011-04-14,0,0,-3.3591744801902905,0
DOP0562,2010-06-11,0,0,-29.839587008943568,0
ENL0100,2011-01-14,0,0,-19.997408658176255,0
CLH0703,2010-08-12,0,0,-0.22543925009529175,0
SES0477,2010-07-22,0,0,-8.017071917893645,0
HKR0628,2011-04-21,0,0,-7.5993687136140124,0
LPC0492,2010-04-27,0,0,-5.85077710877772,0
VAA0087,2011-03-18,0,0,-19.2402540615808,0
AJR0932,2010-04-30,0,1,-29.154457353855946,0
SSG0250,2010-04-15,0,0,-12.139165516623166,0
FKK0055,2011-04-21,0,0,-23.52191452003592,0
VFM0814,2010-04-22,0,0,-27.810937219338257,0
WRM0963,2010-03-18,0,0,-1.112927565131713,0
CRK0916,2010-01-15,0,0,-9.442430758548767,0
QPM0727,2010-01-29,0,0,-6.558720706161353,0
WGR0833,2010-01-25,0,0,-1.4904878636043577,0
FSB0399,2010-04-26,0,0,-1.0225289041819678,0
LDM0587,2010-05-13,0,0,-0.029480686207648432,0
BDB0453,2011-02-28,0,0,-1.404150611370028,0
NAH0503,2010-09-15,0,0,-5.397227534373883,0
IWM0816,2010-01-14,0,0,-7.580567889541044,0
JCV0245,2010-03-01,0,0,-19.150946019619482,0
HWW0436,2010-09-07,0,0,-5.046444062774981,0
HCW0419,2010-09-24,0,0,-22.656230528423976,0
KAL0395,2010-11-17,0,0,-27.039861797180606,0
MAS0025,2010-01-29,0,1,-17.02034535097357,0
GTD0116,2011-05-02,0,0,-25.4272209765287,0
IMG0320,2011-01-21,0,0,-4.720622936952168,0
SJO0209,2011-02-24,0,0,1.0773397251845154,0
PKB0429,2010-03-08,0,0,-11.71745311524478,0
RAB0589,2010-04-09,0,1,-2.0829632363322617,0
NSC0597,2010-12-08,0,0,-0.029480686207648432,0
AJP0723,2010-04-26,0,0,-0.22543925009529175,0
HLH0512,2010-02-13,0,0,-21.53019876122619,0
CIG0052,2011-05-03,0,0,-25.747100527689554,0
JMW0638,2010-03-24,0,0,-18.7876564750876,0
GZC0735,2010-11-19,0,0,-8.529682272908644,0
PIS0522,2010-10-11,0,0,-20.815454099613703,0
NRF0137,2010-02-24,0,0,-0.4596809819545342,0
NCO0666,2011-03-02,0,0,-22.320502051289623,0
IIW0249,2010-12-11,0,0,-18.334646479971298,0
SXM0895,2010-09-24,0,0,-22.017591307112866,0
ELB0847,2011-04-12,0,0,-0.9964347838972571,0
DRR0162,2010-05-04,0,1,-27.479285543835317,0
GHH0288,2010-05-24,0,0,-2.535881372187191,0
ABM0845,2010-12-29,0,0,-1.2137761885505824,0
HPH0075,2010-08-14,0,0,-7.803608397839184,0
PLH0715,2011-02-10,0,0,-1.760974043643614,0
WDD0366,2010-07-06,0,1,-22.23491517197283,0
FHO0630,2010-10-28,0,0,-7.35936377273697,0
DLF0377,2011-01-03,0,0,-0.5969838120461191,0
BTR0403,2011-03-17,0,0,-20.21155879418518,0
HRL0540,2010-04-01,0,0,-13.197405142929256,0
SOG0411,2010-07-23,0,0,-6.136220747151356,0
TRK0914,2010-09-23,0,0,0.979857620337043,0
DGN0480,2010-04-07,0,0,-6.623888674104478,0
EWH0191,2010-10-05,0,0,-26.630429562729546,0
NJC0705,2010-05-04,0,0,-0.3858800300046141,0
JCW0858,2010-01-28,0,0,-3.687133777114809,0
BJM0111,2010-02-16,0,0,-20.966649066846912,0
AKW0167,2010-03-31,0,0,-27.17378132548231,0
BBG0325,2010-01-19,0,0,-5.840648059775958,0
SBN0866,2011-01-18,0,0,-5.202600723956607,0
RAS0432,2010-07-01,0,0,-12.475451499016117,0
MOH0273,2011-02-10,0,0,-18.422827797493937,0
SES0477,2010-08-20,0,0,-7.45983163337371,0
RHP0484,2010-05-18,0,0,-10.705440253169854,0
EIS0041,2010-04-29,0,0,-14.3542585672011,0
TEB0251,2010-03-25,0,0,-14.034282691164776,0
CGF0337,2010-06-02,0,0,-21.24993989130121,0
QPM0727,2010-01-26,0,0,-8.648737761061966,0
ORB0473,2011-04-27,0,0,-0.22543925009529175,0
VCY0751,2010-09-22,0,0,-9.82113052178272,0
WNB0908,2010-11-19,0,0,-19.900377560808693,0
MLD0755,2010-10-29,0,0,-5.840627506288797,0
GCR0554,2011-04-06,0,0,-7.404763098848548,0
KBG0549,2010-01-29,0,0,-21.40128942687852,0
DMM0623,2011-02-07,0,0,-6.318894852551239,0
AMJ0297,2010-05-18,0,0,-0.4596809819545342,0
VEB0935,2010-05-10,0,0,-25.49785839883259,0
HAV0121,2011-02-18,0,0,-10.829454084437089,0
TLM0797,2011-05-02,0,0,0.34012348316218777,0
LJT0817,2011-02-21,0,0,-19.289487105278226,0
OKB0439,2011-02-15,0,0,-18.344267189999414,0
MCT0720,2010-08-12,0,0,-0.9964347838972571,0
SGB0140,2010-08-10,0,0,-1.833257527821047,0
BWP0202,2011-04-04,0,0,0.17383280537148948,0
TUC0632,2011-05-02,0,0,-19.636245418974,0
JRH0455,2010-01-11,0,0,-2.5114861009300284,0
MYD0978,2010-08-24,0,1,-21.046047747761236,0
IJW0851,2011-01-25,0,0,-3.9528720052549033,0
CJC0494,2011-04-25,0,0,-7.394922671503309,0
MAD0753,2010-08-16,0,0,-7.6768265039612515,0
IJR0825,2010-11-30,0,0,-3.5260224806002043,0
SOB0360,2010-08-19,0,0,-20.907227617258513,0
RDT0424,2011-02-10,0,0,-5.502856941875507,0
JOM0750,2010-03-04,0,0,-6.1304122783919865,0
JKB0126,2011-04-25,0,0,-18.6092304857508,0
MKW0441,2010-11-01,0,0,-19.21289253113912,0
HCC0344,2010-12-22,0,0,-17.680263632025003,0
QNP0216,2010-06-30,0,0,-20.558159800025237,0
SOF0808,2010-03-15,0,0,-27.5396136951,0
BTN0061,2010-01-20,0,0,-23.045819952290003,0
MAH0864,2011-05-04,0,0,-5.902789590226462,0
RDT0424,2010-02-01,0,0,-9.622959137066573,0
RHP0484,2011-01-05,0,0,-8.158565648349622,0
IHK0841,2010-03-26,0,0,-1.0498541092994174,0
NAR0981,2011-02-15,0,0,-24.2311945564461,0
PKB0281,2011-01-05,0,0,-18.91029431922584,0
HPM0986,2010-10-15,0,0,-20.022641794591436,0
CMM0487,2010-09-17,0,0,-4.610392276754396,0
RCP0785,2010-12-15,0,0,-22.037078016311398,0
PBP0002,2010-12-01,0,0,-26.962988221038017,0
ATE0869,2010-02-21,0,0,-3.944004280256763,0
SRS0231,2010-03-24,0,0,-20.412170688063952,0
MAH0864,2011-04-04,0,0,-4.425845410343072,0
PBP0002,2010-05-27,0,0,-27.507956164584584,0
ASS0517,2010-04-16,0,0,-20.154943938043402,0
LFS0071,2010-04-08,0,0,2.6768922353962807,0
IBP0883,2010-10-18,0,0,-14.587861830330553,0
VLB0647,2011-04-11,0,0,-20.88413070604406,0
IRM0931,2010-11-13,0,0,-21.35003565510408,0
NWT0098,2011-01-12,0,1,-18.759885353332038,0
RHL0992,2010-03-25,0,1,-13.479811945234701,0
AJP0723,2010-12-21,0,0,-3.9971648671184994,0
DEB0782,2010-12-15,0,0,-19.88698136452581,0
CAN0842,2011-01-06,0,0,-1.0498541092994174,0
RDM0115,2010-07-20,0,0,-27.405878618617976,0
KNB0022,2011-03-08,0,0,-20.297533322523577,0
IBS0836,2010-05-30,0,0,-2.74913339831744,0
CAN0842,2010-11-18,0,0,-0.9964347838972571,0
CMM0487,2011-04-07,0,0,-5.142673980698532,0
AAW0353,2011-01-12,0,0,18.623245441280346,1
SXM0895,2011-01-06,0,0,-22.017591307112866,0
HWW0436,2011-03-01,0,0,-12.634421195603181,0
ASG0692,2011-01-12,0,0,-26.97611786753771,0
SHR0334,2010-08-12,0,0,-20.998304312089658,0
EZH0736,2010-06-29,0,0,-6.505525402202466,0
SCP0130,2010-06-03,0,0,-1.9459331762924421,0
FBW0747,2010-06-02,0,0,-5.8276902231992835,0
KQC0708,2011-04-14,0,0,-0.3858800300046141,0
RKF0164,2010-05-19,0,0,-20.275166550567974,0
AJR0319,2010-06-15,0,0,-5.762391138145972,0
LBH0942,2011-03-31,0,0,-3.868428553778358,0
JJH0613,2010-01-21,0,0,-4.466485430681928,0
DAR0885,2010-01-27,0,0,-19.525574158234804,0
SRH0155,2011-05-06,0,0,-27.31179700610926,0
KQS0415,2011-05-13,0,0,-7.412498380218153,0
CRK0916,2010-01-12,0,0,-6.245869755670128,0
LTS0860,2010-11-17,0,0,-4.878173429042249,0
FQA0854,2010-09-27,0,0,-4.024696013478206,0
OYM0026,2011-02-03,0,0,-8.009857691645948,0
KQC0708,2010-01-28,0,0,-3.9649591664182253,0
LRW0970,2011-03-18,0,0,-3.067758533759161,0
JAV0361,2010-03-04,0,0,-21.318175619489466,0
HMW0713,2010-04-12,0,0,-3.067758533759161,0
JBM0350,2010-09-01,0,0,-26.44830153815974,0
NMS0280,2010-05-28,0,0,-19.162926296757064,0
UIR0043,2010-11-29,0,0,-18.77221282890889,0
AAE0190,2010-03-29,0,0,-25.36514055155112,0
JMK0099,2010-10-05,0,0,-11.659556860580778,0
LOF0311,2010-06-03,0,0,-2.800384711535685,0
CSP0197,2010-04-22,0,0,-0.5013121514061822,0
MSG0839,2010-10-12,0,0,-1.2591644484622293,0
PEV0323,2010-12-07,0,0,-5.734006903177715,0
SGM0021,2010-01-29,0,0,-24.150444026063838,0
CEJ0109,2010-06-21,0,1,-6.948886437770511,0
MSD0939,2011-03-21,0,0,-27.844570039521386,0
CAB0388,2010-02-26,0,0,-20.95021430694692,0
JPW0741,2010-08-06,0,0,-6.174081875234151,0
BHW0458,2010-10-13,0,0,-0.22543925009529175,0
SDO0170,2010-03-05,0,0,-5.36384885814914,0
HCW0419,2010-03-29,0,0,-22.33492184190993,0
GRM0868,2010-07-23,0,0,-4.193710440072778,0
BIH0745,2010-05-25,0,1,-8.397821785383599,0
AMV0036,2010-12-29,0,0,5.915224873656371,0
AMW0392,2010-03-29,0,0,-26.80664240195813,0
CJP0952,2011-03-15,0,0,-2.0971852354233533,0
KCO0122,2011-04-15,0,0,-7.540193810866185,0
AJR0932,2010-08-24,0,1,-28.57547798769133,0
TLM0797,2010-09-29,0,0,0.11524884181721973,0
BBG0325,2010-07-12,0,0,-5.199397721217451,0
RBB0485,2011-04-12,0,0,-7.260813659810196,0
GNZ0953,2010-06-03,0,0,-1.2137761885505824,0
ERH0449,2010-11-05,0,0,-0.7224114404158399,0
OJK0233,2010-02-03,0,0,-11.198037851742129,0
AMH0464,2010-07-07,0,0,-3.6442671602233077,0
ZSB0649,2010-07-28,0,0,-21.24993989130121,0
CEB0210,2011-03-23,0,0,6.637550515346788,0
TEM0093,2010-08-06,0,0,-5.794206494176933,0
RAS0432,2010-03-18,0,0,-12.026219529284276,0
PGC0066,2010-12-28,0,0,-28.064065579085195,0
AIS0405,2011-03-07,0,0,-9.289444147254812,0
ACC0042,2010-12-28,0,0,-21.76946480003869,0
DDA0476,2010-02-11,0,0,-8.633739594945268,0
MAH0864,2010-05-05,0,0,-4.148144716739807,0
BTN0061,2011-04-21,0,0,-23.444247409697823,0
DCH0843,2010-01-18,0,1,-0.7261734935627828,0
RHY0079,2010-02-19,0,0,-12.121716028314268,0
HKF0831,2010-09-14,0,0,-2.822060863980596,0
FKK0055,2010-04-23,0,0,-20.362887587599744,0
NGF0157,2011-02-11,0,0,-6.024846557020965,0
BTL0722,2011-03-03,0,0,-3.384029984063204,0
CMM0487,2010-05-21,0,0,-7.371087543494923,0
JTS0389,2011-04-19,0,0,-20.56429814568253,0
DCC0160,2010-09-29,0,0,-18.659669158298243,0
AIH0675,2010-08-25,0,0,-22.328692180329767,0
VAA0087,2010-01-11,0,0,-18.64580360370087,0
RRP0568,2010-04-15,0,0,-27.04875600818059,0
FTM0406,2010-11-02,0,1,-3.8945211969099773,0
SCF0608,2010-08-09,0,0,-8.464499171275065,0
CCM0467,2011-01-06,0,0,-0.4596809819545342,0
ACC0042,2010-03-12,0,0,-21.663832518724234,0
CJM0521,2011-01-04,0,0,-20.412769216833453,0
CLD0894,2010-12-29,0,0,-20.50567734961237,0
EJW0884,2010-10-11,0,0,-20.832923945629204,0
MDM0976,2011-01-12,0,0,-21.27206939488542,0
GTD0116,2010-07-15,0,0,-26.228996731280745,0
AMJ0297,2010-08-03,0,0,-0.029480686207648432,0
HSG0818,2010-04-26,0,0,-29.000250897287856,0
ESH0135,2010-01-14,0,0,-1.2191903865591485,0
BMC0547,2010-03-08,0,0,-11.252457534124915,0
PNL0301,2010-04-19,0,1,-4.218681644753701,0
LAF0991,2011-04-21,0,0,-10.241845348939592,0
DMM0623,2010-05-20,0,0,-8.308000136917371,0
IKP0472,2011-01-14,0,0,-2.3565862756291835,0
MNS0224,2010-01-06,0,0,-20.531258651120424,0
CAS0507,2011-04-19,0,0,-20.322081696970372,0
CCW0031,2010-07-08,0,0,-26.157378710908688,0
CQH0701,2010-11-09,0,0,-1.760675276225129,0
KLH0596,2011-02-23,0,1,-0.7224114404158399,0
MMB0488,2010-12-08,0,0,-7.8940612268171435,0
WPE0538,2010-07-09,0,0,-1.6371363335197202,0
MSD0939,2010-06-11,0,0,-29.33820554605495,0
AGB0643,2010-01-27,0,0,-19.600212087821774,0
MJB0588,2011-05-02,0,0,-5.602730693064359,0
NGO0690,2010-02-03,0,0,-12.065320567583512,0
DJB0159,2011-04-29,0,0,-18.97048649459407,0
HIW0536,2010-03-12,0,0,16.872363203048508,1
DOL0332,2010-08-10,0,0,-18.10882442076513,0
BXJ0010,2010-12-29,0,0,-19.816788370752647,0
PMJ0564,2011-02-18,0,0,-26.327361660198903,0
CIM0271,2010-01-18,0,0,-23.833480388531598,0
AMW0392,2010-05-23,0,0,-26.29122383466074,0
NMG0766,2010-10-13,0,0,-18.660416223945504,0
KJW0416,2011-05-13,0,0,-9.468996282845296,0
MAH0864,2010-12-07,0,0,-5.03365269302401,0
KVS0425,2011-03-25,0,0,-7.516665141055341,0
TJG0582,2010-07-15,0,0,-0.029480686207648432,0
CMM0487,2010-04-01,0,0,-6.800785637993954,0
NKP0236,2010-10-29,0,0,-29.29100881508225,0
HOB0994,2010-11-04,0,0,-11.26201884831164,0
MAR0955,2010-04-26,0,1,-1.1260412373189865,0
ZDW0859,2010-03-19,0,0,-4.608835999040934,0
XBN0229,2010-06-14,0,0,-21.43505360291215,0
WDD0366,2010-08-25,0,1,-20.32741833544003,0
SXM0895,2010-04-27,0,0,-22.177337964509547,0
MHG0733,2010-02-02,0,0,-5.601034227194532,0
BJH0811,2011-02-22,0,0,-28.292918412913423,0
DCH0843,2010-08-13,0,1,-1.0498541092994174,0
NCK0421,2010-04-15,0,0,-27.596576894052646,0
CCH0685,2010-06-16,0,0,-24.807993829183943,0
AMW0392,2011-01-03,0,0,-27.226028845151177,0
GTD0898,2010-09-29,0,0,-22.405398223773545,0
LAP0338,2010-12-21,0,0,-18.03342094603181,0
RUM0880,2010-10-26,0,0,-2.0539380136797263,0
OCS0865,2010-06-04,0,0,-6.229630399171583,0
EMW0772,2010-02-10,0,0,-21.228307059185113,0
NNA0610,2010-12-08,0,0,-4.252629263097788,0
ASS0206,2011-01-17,0,0,4.146462810740559,0
VSA0230,2010-09-23,0,0,-1.5269664726541805,0
ELT0769,2010-05-25,0,0,-21.228307059185113,0
LUR0896,2010-10-22,0,0,-22.46493080095979,0
NHE0919,2011-03-21,0,0,-24.20384560341597,0
JMC0925,2011-02-08,0,0,-11.147539812341506,0
BRB0355,2010-01-22,0,0,-14.253598471540386,0
TRK0914,2010-10-26,0,0,-1.7171517738722741,0
PKB0281,2010-08-18,0,0,-20.557677177827713,0
CFW0264,2010-02-22,0,0,-6.0045155577206515,0
SAP0867,2010-02-18,0,0,-5.3545916307657535,0
KSP0357,2010-07-14,0,0,-22.598183661113467,0
HSB0196,2010-12-03,0,0,2.344325200200501,0
BAJ0654,2011-01-25,0,0,-15.674998393113697,0
DPM0423,2010-09-07,0,0,-18.050736612921582,0
ADF0397,2010-12-17,0,0,-11.425404547252356,0
MAS0025,2010-04-08,0,1,-20.42201337778829,0
RRP0568,2010-06-25,0,0,-25.05212901344305,0
NMS0280,2010-10-26,0,0,-19.162926296757064,0
RLB0719,2010-01-14,0,0,-1.4904878636043577,0
BSA0431,2010-09-07,0,0,-15.958622604165612,0
BCR0581,2011-04-05,0,0,-3.3241051289066945,0
ANT0430,2010-05-03,0,0,-9.486514615403166,0
CEL0561,2010-11-15,0,0,-28.64646377557426,0
HXL0968,2010-09-03,1,1,-7.9599594517173955,0
RAS0432,2010-07-28,0,0,-10.431588376919876,0
WDV0573,2010-01-06,0,0,-2.942137322746703,0
MHG0733,2010-07-16,0,0,-6.010024584228972,0
SJW0451,2010-10-21,0,0,-1.4904878636043577,0
HAD0246,2011-03-22,0,0,-16.53567665232663,0
CLH0703,2010-07-13,0,0,-0.22543925009529175,0
FHS0837,2010-03-31,0,0,-0.7369174506420677,0
RCP0785,2010-01-29,0,0,-22.037078016311398,0
JMB0308,2010-01-22,0,1,-3.368523667409704,0
HAH0248,2010-04-19,0,0,-18.601219081443105,0
BRB0355,2010-09-15,0,0,-14.518953978592776,0
YJV0699,2011-02-23,0,0,-0.22543925009529175,0
NGF0157,2010-07-07,0,0,-10.801251734046787,0
PMC0328,2011-01-28,0,0,-15.290292137357028,0
GCC0744,2010-08-12,0,0,-3.9760273568998628,0
KWC0004,2010-03-23,0,0,-22.339498595220448,0
NJB0243,2011-02-21,0,0,-16.598417311453773,0
AGB0643,2010-03-16,0,0,-19.94516764556556,0
ASS0517,2010-01-11,0,0,-19.88698136452581,0
JIG0128,2010-10-05,0,0,-17.77671831024918,0
NAH0503,2010-09-21,0,0,-6.104676025311392,0
MSZ0310,2010-10-29,0,0,-5.006934055106285,0
HPR0585,2010-01-06,0,0,-0.4596809819545342,0
KMW0545,2011-04-14,0,0,-11.453227236294879,0
SBD0913,2010-12-21,0,0,-0.7621298931957199,0
NSC0597,2010-09-13,0,0,-2.2832896928276796,0
MLG0475,2010-04-15,0,0,-0.029480686207648432,0
AAN0823,2011-02-24,0,0,-0.22543925009529175,0
NSC0597,2010-09-16,0,0,-0.029480686207648432,0
JMK0099,2011-02-22,0,0,-4.99701382937792,0
KRM0541,2010-03-19,0,0,-20.913726557620066,0
JCR0921,2010-11-02,0,0,-11.34306744112223,0
CFW0264,2010-01-18,0,0,-13.597391750088832,0
BVC0790,2010-09-16,0,0,-16.027289220153875,0
WDV0573,2011-03-22,0,0,-2.5833587386124464,0
AHM0410,2010-11-09,0,0,-5.313029425306695,0
LCB0664,2010-09-22,0,0,-27.737129985943284,0
ZSK0258,2011-03-03,0,0,-19.43504955322703,0
CJC0494,2010-08-11,0,0,-4.946556430131068,0
ADC0391,2010-09-30,0,0,-10.287377003047254,0
LAF0991,2011-01-25,0,0,-12.559589899011144,0
SBN0866,2010-02-18,0,0,-4.121658085748209,0
AGB0186,2010-12-29,0,0,-18.74504006831944,0
ORG0339,2010-09-23,0,0,-21.237359152609542,0
TEB0251,2010-01-14,0,0,-19.41879682213846,0
CCL0068,2010-06-11,0,1,-27.23494042891309,0
ELH0960,2010-03-24,0,0,-3.0463533321355953,0
BMT0528,2010-03-10,0,0,-24.058861945707008,0
MAD0753,2010-05-11,0,0,-5.510184776063284,0
BHC0665,2011-03-22,0,0,-19.698782415784876,0
PID0426,2011-05-14,0,0,6.697036966628957,0
JBM0350,2010-02-24,0,0,-24.87906509756067,0
MLP0668,2010-11-19,0,0,0.04914701214352135,0
KBB0189,2011-02-16,0,0,-26.903295323586008,0
IUY0279,2011-01-25,0,0,-13.909526891686824,0
BAM0636,2010-09-02,0,0,-16.96936905347536,0
SJW0451,2011-04-08,0,0,-1.2191903865591485,0
CBG0490,2010-01-12,0,0,-4.058411025878513,0
HBB0056,2010-06-17,0,0,-23.46188455635331,0
DEB0782,2010-05-25,0,0,-20.291306403365866,0
JCR0770,2011-03-18,0,0,-19.818109441574506,0
TEB0251,2010-07-01,0,0,-16.19049750851991,0
KAT0489,2010-02-24,0,0,-7.26769255109059,0
DFR0218,2010-03-30,0,0,-22.007709332887316,0
DAG0558,2010-02-18,0,0,-28.35145994315394,0
DBB0384,2011-02-10,0,0,-20.445338523310056,0
HKF0831,2010-06-30,0,0,-2.5114861009300284,0
RZC0746,2010-09-18,0,0,-7.379169253169152,0
VMJ0546,2010-01-20,0,0,-11.56284477661643,0
CSP0197,2011-04-27,0,0,-0.7779987242237212,0
CBG0398,2010-02-15,0,0,-5.163000455718702,0
GCS0571,2011-02-16,0,0,-1.3361854307088379,0
JCR0770,2010-06-07,0,0,-21.14364623941958,0
BJH0811,2010-02-22,0,0,-28.341696142479577,0
RLB0719,2010-08-03,0,0,-0.22543925009529175,0
CAS0507,2010-02-08,0,0,-20.761737323905777,0
THR0873,2010-05-18,0,0,-2.749660969638967,0
DBS0235,2011-03-04,0,0,-23.614789604875796,0
TSM0927,2010-10-26,0,0,-20.56187478913955,0
GCL0016,2010-05-22,0,0,-28.46517992113263,0
AHC0142,2010-02-12,0,0,-27.94066750053173,0
OLB0749,2010-02-25,0,0,-6.115659236970828,0
AMH0794,2010-02-26,0,0,-7.772530998290222,0
KKS0119,2010-02-23,0,0,-25.234497318065678,0
CAA0612,2011-05-06,0,0,-8.632552512289749,0
JMC0925,2010-10-25,0,0,-10.70807060724644,0
HLH0512,2010-07-29,0,0,-21.741885558658282,0
EIS0041,2011-01-31,0,0,-19.965698798520407,0
HDL0748,2011-04-12,0,0,-6.957289838549059,0
MCT0720,2010-01-13,0,0,-0.7064905313396821,0
NOB0181,2010-12-19,0,0,-18.677931417838067,0
MMG0943,2010-10-13,0,0,-6.349113308546293,0
CSH0626,2011-05-12,0,0,-8.96145359338027,0
ALD0529,2010-01-25,0,0,-21.42631668050285,0
LOM0086,2010-06-15,0,0,-13.262819743045725,0
ONW0083,2010-09-21,0,0,-18.21038126274243,0
CIM0926,2010-06-08,0,0,-22.468528760952722,0
HOB0994,2010-09-16,0,0,-12.635224822589521,0
ANP0555,2010-12-01,0,0,-0.761447583695599,0
ENC0234,2010-02-12,0,0,-11.516390760229342,0
ESH0135,2010-09-14,0,0,-0.029480686207648432,0
VMJ0546,2011-02-09,0,0,-10.258757001661479,0
NGC0058,2010-07-20,0,0,-0.03157065119580693,0
CKH0144,2010-08-09,0,0,-26.544601463427625,0
HCL0113,2011-05-12,0,0,-12.199146235956619,0
VMJ0147,2010-01-15,0,0,-26.51048901618219,0
KPP0452,2010-03-02,0,0,-0.4596809819545342,0
CJG0470,2010-08-27,0,0,-3.2683919445329366,0
ATP0662,2010-05-20,0,0,-24.154211190876254,0
LUR0896,2010-09-13,0,0,-22.46493080095979,0
JJB0127,2010-01-20,0,0,-18.073309068589538,0
SSJ0784,2010-07-19,0,0,-22.01558496769303,0
KDS0349,2010-08-05,0,0,14.714133516782908,1
WPE0538,2010-07-23,0,0,1.092192134975221,0
AAE0190,2011-04-14,0,0,-25.86586700194391,0
DVW0103,2010-08-20,0,0,-7.734766798439182,0
AMJ0297,2010-07-09,0,0,-0.4596809819545342,0
ERH0449,2010-12-29,0,0,-0.7224114404158399,0
KKW0879,2010-08-24,0,0,-2.1368572435359283,0
AGB0186,2010-08-25,0,0,-18.49097289133192,0
OKC0107,2010-05-14,0,0,-10.051136253271693,0
MHG0733,2010-04-22,0,0,-5.656820374405129,0
RSM0277,2010-02-23,0,0,-12.571259036173615,0
GCG0951,2011-05-04,0,0,-2.620260068908692,0
MNS0224,2011-03-24,0,0,-21.76672190795898,0
ENC0234,2010-10-12,0,0,-11.865588865822701,0
CSJ0340,2010-02-18,0,0,-20.047990670827176,0
AJH0175,2011-03-23,0,0,-2.592859820014496,0
KSP0966,2010-09-16,0,0,-4.659253734042522,0
HRW0550,2011-05-04,0,0,-22.93880330806155,0
RHP0484,2011-03-24,0,0,-7.615220896779533,0
VLB0647,2010-10-08,0,0,-18.694746798444044,0
KLM0639,2010-08-17,0,0,-21.856710998064614,0
SDO0170,2011-01-25,0,0,-3.9131976811042932,0
DDM0579,2010-06-15,0,0,-0.7224114404158399,0
CMS0454,2010-07-20,0,0,-0.029480686207648432,0
EIP0997,2011-03-18,0,0,-19.1129326087937,0
HFB0347,2010-09-22,0,0,-19.309619787597853,0
MFV0897,2010-07-12,0,0,-21.5965350351687,0
CSJ0340,2010-10-18,0,0,-19.863901837430035,0
FKK0055,2010-01-04,0,0,-21.050637718607277,0
TVS0006,2010-11-04,0,0,-25.619959420110604,0
CLF0852,2010-01-12,0,0,-6.746391093333727,0
IBM0671,2010-09-27,0,0,-12.069994352782714,0
WSR0241,2010-02-10,0,0,-28.494255957642395,0
SVL0803,2010-08-13,0,0,-3.487769786065428,0
KLH0596,2010-10-13,0,1,-0.7224114404158399,0
SJC0333,2010-07-07,0,0,-19.382456679921688,0
DID0650,2010-02-17,0,0,-19.799735220584466,0
DVM0265,2010-05-11,0,0,-8.74980324103376,0
NMF0780,2010-08-12,0,0,-19.37143917311994,0
MKL0941,2010-10-15,0,0,-6.671487259097489,0
KKS0119,2010-04-06,0,0,-24.45267797221038,0
IBS0836,2011-03-03,0,0,-4.4702140600950315,0
KQS0415,2010-12-15,0,0,-6.677942687348491,0
MSZ0310,2010-09-24,0,0,-4.9778522067435915,0
SHR0334,2011-01-04,0,0,-20.75195664555372,0
HCC0344,2011-03-02,0,0,-21.234355752590545,0
LBF0214,2011-01-18,0,0,-3.525388099222937,0
NIH0969,2011-05-03,0,0,-1.5794869891409462,0
HDL0748,2010-10-12,0,0,-7.049392895372989,0
MAW0166,2010-08-04,0,0,-25.229651731339004,0
RDT0424,2010-06-15,0,0,-6.829309205147297,0
CKB0482,2010-08-11,0,0,-5.930898863153061,0
KKS0119,2010-09-27,0,0,-24.33117403888275,0
GRM0868,2011-01-24,0,0,-4.111927273270339,0
BAM0636,2010-02-22,0,0,-22.10468315905939,0
KWE0082,2010-07-22,0,0,-12.323137207781997,0
BNG0237,2011-01-14,0,0,-11.432044265514037,0
FOB0756,2011-03-24,0,0,-22.510869130936044,0
JMW0638,2011-04-06,0,0,-20.731225115902703,0
JBD0616,2011-02-24,0,0,-3.151473310879851,0
AIP0394,2010-11-22,0,0,-11.242113958921891,0
JOL0024,2011-03-28,0,0,-27.372693653276542,0
TCD0009,2010-06-10,0,0,-27.27925291335532,0
NRD0548,2010-11-15,0,0,-0.5107618775899709,0
YWW0660,2010-07-12,0,0,-20.58698539760087,0
NCK0295,2011-04-19,0,0,-4.433607716730194,0
VEB0935,2010-10-07,0,0,-27.684010787669422,0
CTR0341,2010-04-05,0,0,-20.262461855464267,0
AAF0535,2010-05-19,0,1,-20.856285764860104,0
SOG0411,2011-02-09,0,0,-3.1883215687306574,0
CTR0697,2010-07-16,0,0,-1.2137761885505824,0
BAJ0654,2010-11-12,0,0,-21.905647108059725,0
BTN0061,2010-09-14,0,0,-23.585205276463398,0
JRH0455,2010-02-10,0,0,-1.404150611370028,0
VCY0751,2010-12-16,0,0,-4.504975620429491,0
AJD0074,2010-03-22,0,0,-28.158626743518425,0
ABM0845,2010-08-06,0,0,-1.5794869891409462,0
MYD0978,2010-02-15,0,1,-20.706625340115238,0
SGB0140,2011-02-04,0,0,-1.833257527821047,0
JHP0583,2011-03-04,0,0,-1.8585041613254134,0
GQP0743,2010-10-25,0,0,-6.400760543507431,0
RIH0777,2011-03-21,0,0,-20.832923945629204,0
CCW0031,2010-12-20,0,0,-25.148673109913943,0
MGS0974,2010-06-07,0,0,-21.948689709317932,0
DMK0257,2010-06-10,0,0,-18.33270955054138,0
WNB0908,2010-03-15,0,0,-19.396876145609554,0
ETR0428,2010-03-18,0,0,-12.6396901724288,0
KBL0260,2010-03-30,0,0,-18.040534470053103,0
EIS0041,2010-01-29,0,0,-16.646014000484456,0
CJP0952,2010-10-12,0,0,-1.765124657373235,0
LMF0980,2010-05-10,0,0,-21.069133174083163,0
BAK0964,2010-06-01,0,0,-0.9964347838972571,0
HDL0748,2010-09-23,0,0,-6.126888028071448,0
BVC0790,2011-02-21,0,0,-17.04442066517379,0
BSA0431,2011-04-25,0,0,-9.553092677191557,0
ARD0509,2010-09-23,0,0,-22.334825011156454,0
BHC0665,2010-10-22,0,0,-19.452908743057492,0
AJN0607,2010-02-19,0,0,-6.401494785838281,0
HRL0540,2011-03-04,0,0,-13.654846302653254,0
MCS0035,2010-08-19,0,0,3.442456431953815,0
TET0621,2011-04-08,0,0,-7.380318582146515,0
KAL0395,2010-12-29,0,0,-27.102523963583394,0
SIJ0661,2010-11-23,0,0,14.956647485801795,1
DEB0782,2011-05-09,0,0,-19.591256246888634,0
GQF0659,2011-02-16,0,0,-20.758145980189283,0
OJK0233,2010-08-16,0,0,-7.99168842206268,0
CXC0336,2010-10-11,0,0,-20.91585556127029,0
JRG0207,2010-03-03,0,1,4.803171659898339,0
NAR0981,2010-08-09,0,0,-26.938225849315245,0
TEM0977,2010-08-25,0,0,-21.445155919858394,0
ROB0272,2010-11-10,0,0,-4.823241620283625,0
MGS0974,2011-01-11,0,0,-19.841204773571235,0
EIP0997,2011-04-15,0,0,-19.68340444138812,0
SSJ0784,2010-10-23,0,0,-18.67382474719261,0
KKC0683,2010-08-06,0,0,-3.4488131653839673,0
CBG0398,2010-02-04,0,0,-5.345539812681523,0
BJW0619,2011-04-28,0,0,-5.2818080764058095,0
AOS0987,2010-12-30,0,0,-3.7778559531799374,0
HPH0075,2010-06-10,0,0,-9.263849151686486,0
GTD0898,2010-07-09,0,0,-19.88698136452581,0
NAF0033,2010-12-10,0,0,3.985083398352913,0
EHR0096,2010-12-20,0,0,-24.519958690170824,0
HAH0248,2010-03-12,0,0,-16.351489389750213,0
SAH0599,2011-02-21,0,0,6.760363067025423,1
RAH0440,2010-01-21,0,0,-17.756610994256448,0
CCM0467,2011-03-07,0,0,-0.22543925009529175,0
KRL0501,2010-04-19,0,1,-7.147499188480424,0
ROB0272,2010-08-12,0,0,-9.777341874969125,0
QPM0727,2010-09-27,0,0,-5.344027923190652,0
FTM0406,2010-06-07,0,1,-6.285045474349658,0
CSL0949,2010-07-07,0,0,-1.1260412373189865,0
TJB0302,2010-07-14,0,0,-0.029480686207648432,0
MBG0438,2010-04-16,0,0,8.333176922425992,1
SOG0411,2011-02-22,0,0,-5.289166970795463,0
GTD0219,2010-05-12,0,1,-14.988373744224646,0
FFC0891,2010-02-05,0,0,-18.78962273525542,0
IJR0825,2011-02-23,0,0,-1.589437420292029,0
MMG0943,2010-09-27,0,0,-7.933393476763058,0
NIH0969,2010-03-19,0,0,-0.3858800300046141,0
NNA0610,2010-07-13,0,0,-7.08213026032729,0
FDE0117,2011-03-22,0,0,-25.619507574887166,0
XLB0710,2010-10-07,0,0,-0.9964347838972571,0
TBT0461,2010-07-26,0,0,-4.023998701954838,0
TJD0996,2010-10-19,0,0,-18.980886939187712,0
RSM0277,2010-02-01,0,0,-6.070254831383181,0
CJM0138,2011-03-28,0,0,-0.029480686207648432,0
CJM0138,2010-07-26,0,0,-1.2018865578410214,0
IEB0153,2010-08-24,0,0,-1.0974488056076552,0
CJG0470,2010-10-18,0,0,-0.4596809819545342,0
UBF0645,2011-03-10,0,0,-19.810820757696206,0
UCS0227,2010-10-04,0,0,-1.602412608622899,0
GHH0288,2010-09-14,0,0,-6.427849878039524,0
LRR0148,2010-03-01,0,0,-21.337535329824163,0
DBS0235,2011-01-11,0,0,-21.59265183086643,0
JMC0925,2010-12-02,0,0,-10.627392869017513,0
JCR0770,2010-09-10,0,0,-18.892361859914217,0
OCB0805,2010-10-07,0,0,-4.267171489620523,0
OJK0233,2010-10-04,0,0,-9.831007923556058,0
NMB0972,2010-12-08,0,0,-1.0498541092994174,0
SNS0129,2010-02-24,0,0,-27.104249864284384,0
HDS0367,2011-03-29,0,0,-17.35473987029127,0
LRR0148,2010-05-28,0,0,-24.574813064347154,0
WJD0576,2010-08-04,0,0,-2.2832896928276796,0
HCS0003,2010-12-15,0,0,-22.121362816768965,0
XBN0229,2010-07-06,0,0,-23.590293552806543,0
LDD0560,2010-02-03,0,0,-26.32932185649588,0
MSO0222,2010-07-09,0,1,-22.362854120752786,0
HDJ0446,2011-01-13,0,0,-0.029480686207648432,0
OYM0026,2010-08-09,0,0,-4.941795637660448,0
MOH0273,2010-11-08,0,0,-18.247922684321452,0
GHL0460,2010-05-24,0,1,5.1538075130462175,0
AMH0794,2011-03-08,0,0,-11.047486246485391,0
QRM0739,2010-08-10,0,0,-2.63059823498088,0
BCB0679,2010-07-29,0,0,0.9501112343251634,0
DLM0051,2011-01-09,0,0,-16.26220935424965,0
WAB0143,2010-11-22,0,0,-21.657969221694316,0
CAM0102,2010-02-18,0,0,-25.280132491457834,0
KQC0708,2010-01-22,0,0,-1.4904878636043577,0
MSH0040,2010-09-20,0,0,-22.080125683400638,0
USH0199,2010-11-19,0,0,-21.88359996440522,0
BDB0453,2010-02-05,0,0,-3.2814880105289603,0
KJS0618,2010-12-17,0,0,-5.055442846254778,0
NMS0280,2011-04-07,0,0,-15.202709340518936,0
ATF0274,2010-08-20,0,0,-21.382216338775947,0
RYB0718,2010-10-08,0,0,-0.7369174506420677,0
JCR0289,2011-04-25,0,0,-0.4596809819545342,0
NAF0326,2010-09-17,0,0,-3.0569114535944664,0
NNA0610,2010-04-01,0,0,-1.6471750472065878,0
PMC0328,2010-02-15,0,0,-19.930152981847186,0
RZC0746,2010-07-23,0,0,-7.845023877799349,0
LJR0523,2010-06-28,0,1,-18.892361859914217,0
GNS0178,2011-02-23,0,0,-16.11226997486699,0
BMC0547,2010-03-12,0,0,-5.956996063245697,0
AAV0450,2011-03-14,0,0,-0.029480686207648432,0
JRL0574,2011-05-06,0,0,-1.2191903865591485,0
RNP0211,2010-07-26,0,0,0.4995423058138613,0
NOB0181,2010-12-02,0,0,-19.105991916365497,0
SKG0759,2010-04-15,0,0,-20.78053111880115,0
KKC0683,2010-09-01,0,0,-10.851159962546149,0
ASL0378,2011-03-18,0,0,-23.233280414131173,0
TET0621,2010-01-15,0,0,-7.11473402923707,0
OQH0183,2010-09-21,0,0,-19.69328658777306,0
DLH0029,2010-12-14,0,0,-0.10790617727855079,0
ARD0509,2011-03-09,0,0,-19.162926296757064,0
BTN0061,2011-04-19,0,0,-23.239055157796315,0
SAP0867,2010-06-10,0,0,-4.85025740442893,0
SXM0895,2011-04-13,0,0,-22.037078016311398,0
RAR0725,2010-08-06,1,1,-1.937766391175046,0
MVB0515,2011-05-09,0,0,-19.28460858429196,0
USH0199,2010-06-25,0,0,-23.553028606546945,0
GNZ0953,2010-04-09,0,0,-1.2137761885505824,0
NWT0098,2010-04-01,0,1,-21.502656768264956,0
LBC0356,2011-03-04,0,0,-22.106475330873877,0
KRL0501,2010-10-25,0,1,-3.023803706540548,0
UJC0737,2010-11-16,0,0,-9.112936505563198,0
SVL0940,2010-05-24,0,0,-8.642226530264907,0
GKO0078,2011-02-22,0,0,-10.803359706039146,0
TSB0437,2010-11-19,0,0,-15.865276567081537,0
YJF0532,2010-04-30,0,0,-22.149408989659264,0
LBF0214,2010-01-18,0,0,1.8384812770600547,0
DBW0483,2011-05-04,0,0,-8.002975769535738,0
NWT0098,2010-11-08,0,1,-21.34722155570921,0
IAR0694,2010-08-24,0,0,-26.556966892085597,0
WDV0573,2011-03-11,0,0,-1.5922265419379755,0
TAP0551,2010-09-15,0,1,-12.21613217846334,0
VAA0087,2010-08-24,0,0,-18.93244176638109,0
GZC0735,2010-10-15,0,0,-5.8843567949601265,0
BJM0111,2010-05-13,0,0,-22.232396590050485,0
ELB0847,2010-08-20,0,0,-1.4904878636043577,0
AOB0019,2011-01-04,0,0,-20.96322171374743,0
RDT0424,2011-03-24,0,0,-7.463639812523411,0
IDO0176,2010-08-09,0,0,-5.975092699930542,0
NHH0185,2010-04-08,0,0,-17.12646179056901,0
MAE0331,2010-10-13,0,0,-18.64108384857093,0
LNS0989,2010-07-21,0,0,2.1706501709105623,0
MLP0668,2010-03-01,0,0,3.4647192152866637,0
NRO0768,2011-02-16,0,0,-20.1411338579544,0
TDJ0998,2010-03-11,0,0,-17.07497944353088,0
CBB0365,2011-04-11,0,0,-21.89116621602875,0
JLW0053,2010-12-16,0,0,14.047534409458308,1
CCM0855,2010-12-10,0,0,-3.8585248079367602,0
KAC0124,2010-01-11,0,0,-18.191178157530203,0
RHP0484,2010-01-13,0,0,-8.392677579553606,0
UIR0043,2011-05-05,0,0,-20.624528375267005,0
AKK0329,2010-11-23,0,0,-19.035118521021786,0
MIL0255,2010-11-01,0,0,-18.372860591468907,0
CRP0456,2010-01-22,0,0,-0.3858800300046141,0
CCR0863,2010-01-28,0,0,-7.039265519540322,0
LNR0656,2010-03-10,0,0,-18.957229297662707,0
MFV0897,2011-04-13,0,0,-19.849755086682308,0
ARD0509,2011-01-19,0,0,-20.934313054350014,0
CGB0637,2011-02-24,0,0,-19.5894226312123,0
NLO0131,2010-04-20,0,0,-1.2191903865591485,0
IJM0139,2010-08-12,0,0,-0.4596809819545342,0
SER0165,2010-07-29,0,0,-26.94392174786799,0
FMG0527,2010-10-28,0,1,-21.741885558658282,0
UAD0771,2010-09-01,0,0,-19.148760113975413,0
RGN0408,2010-05-21,0,0,0.5190158843982999,0
GNZ0953,2010-08-10,0,0,-1.765124657373235,0
SSS0345,2010-04-20,0,0,-18.57645739368104,0
MDH0686,2011-04-01,0,0,-7.9730145428173955,0
OMS0101,2010-03-04,0,0,-25.62315389665912,0
COF0120,2010-11-13,0,0,-13.706790003484684,0
RHP0484,2011-01-20,0,0,-8.597351033809332,0
KPC0073,2010-01-21,0,1,-25.998441718897197,0
JCR0172,2011-03-11,0,0,-0.5353999938394054,0
ECR0822,2010-06-09,0,0,-0.22543925009529175,0
RTO0313,2010-02-12,0,0,-4.497050647561423,0
BAL0044,2011-03-16,0,0,-21.74006874317581,0
BIS0247,2011-02-14,0,0,-18.312870893838294,0
BTS0011,2010-12-14,0,0,-17.928426321265192,0
MJS0890,2010-06-17,0,0,-22.017591307112866,0
KVT0028,2010-08-04,0,0,-5.608532546131869,0
DJB0159,2011-01-14,0,0,-17.97229837533405,0
DOL0332,2010-07-23,0,0,-18.71965958088083,0
WVB0539,2010-10-27,0,0,-27.39185452243055,0
SAK0375,2010-11-16,0,0,-21.82220636730017,0
KJW0416,2010-05-10,0,0,-4.827050401929341,0
OYM0026,2010-07-23,0,0,-6.0206151188893955,0
BEC0505,2010-09-21,0,0,-6.1814972377598,0
HDH0928,2011-03-14,0,0,0.9220628103896615,0
OYM0026,2010-05-05,0,0,-6.591323689676869,0
YJV0699,2010-03-18,0,0,-0.7261734935627828,0
RRA0938,2010-01-12,0,0,-9.448606475903944,0
QSV0778,2010-03-23,0,0,-21.14364623941958,0
HVF0067,2011-01-26,0,0,-2.035395927237005,0
XWD0923,2010-03-17,0,0,2.9025528141077075,0
MSH0040,2010-10-06,0,0,-20.921114064036146,0
RDM0150,2011-01-19,0,0,-1.6569239389557424,0
ASM0575,2010-11-18,0,0,-0.692388082700063,0
VCY0751,2010-01-14,0,0,-4.455607403608269,0
MVF0594,2010-03-03,0,0,-1.404150611370028,0
BTL0722,2010-04-08,0,0,-2.782491437155045,0
HAD0246,2010-12-17,0,0,-16.30173971438944,0
MMB0488,2010-06-10,0,0,-8.857224506304874,0
GJT0386,2010-09-23,0,0,-5.946686137888605,0
SGM0021,2011-04-19,0,0,-23.86864303559389,0
ZMC0284,2010-03-26,0,0,-18.956565951109496,0
TMA0069,2010-03-10,0,0,-3.649732926715842,0
NMS0280,2011-02-22,0,0,-19.910621012367073,0
LHL0309,2010-09-02,0,0,-4.334960987481509,0
ATF0274,2010-06-22,0,0,-20.77383910448225,0
SAH0599,2010-07-09,0,0,-0.4596809819545342,0
IJR0825,2011-03-30,0,0,-0.3858800300046141,0
TOR0193,2010-01-12,0,0,-26.015860030051954,0
IBB0696,2010-03-02,0,0,-2.230120686502005,0
HCL0651,2010-05-06,0,0,-14.526252822877382,0
CQH0730,2010-03-25,0,0,-4.750880812367313,0
ADD0846,2010-08-17,0,0,-1.2591644484622293,0
ORM0669,2010-07-21,0,0,-1.203869726902667,0
KSH0569,2011-04-13,0,0,-7.061744741858888,0
CQH0730,2010-11-11,0,0,-5.058344604778085,0
ALH0402,2011-02-22,0,0,-5.1784216205253415,0
HKI0171,2011-01-20,0,0,-3.924654088543207,0
TET0621,2011-01-18,0,0,-4.786125804030007,0
FFC0891,2010-04-20,0,0,-18.912601518890824,0
KSP0966,2010-11-23,0,0,-4.550165440899264,0
IUB0565,2010-02-17,0,1,1.666337457919667,0
IMP0530,2011-01-14,0,0,-21.14364623941958,0
SCP0130,2010-10-21,0,0,1.6551499714310012,0
AMM0014,2011-01-31,0,0,-19.830138834012246,0
FKK0055,2010-01-05,0,0,-22.838874974779856,0
CNE0352,2010-04-01,0,0,-12.737626549728589,0
IIL0513,2010-10-25,0,0,-18.394595586046194,0
ALC0788,2010-12-03,0,0,-2.735631007515508,0
SVS0871,2011-03-09,0,0,-4.187441617544778,0
NMG0766,2010-01-07,0,0,-21.14364623941958,0
RNF0765,2010-03-29,0,0,-21.14364623941958,0
KSP0357,2010-02-01,0,0,-21.84598567974956,0
DDM0579,2010-08-24,0,0,-1.2191903865591485,0
MHH0180,2010-11-04,0,0,-19.553357386477046,0
IBB0696,2010-02-11,0,0,-4.530587242008096,0
DRR0162,2010-04-26,0,1,-22.302040032071318,0
CCW0031,2010-02-26,0,0,-27.115653591390583,0
IEB0153,2011-02-02,0,0,-1.2188246030128767,0
MAH0149,2010-04-07,0,0,-27.258120687234054,0
YJV0699,2011-04-29,0,0,-1.0498541092994174,0
BAK0964,2010-10-13,0,0,-0.22543925009529175,0
JCV0245,2011-01-21,0,0,-17.718229744751852,0
JOM0750,2010-11-02,0,0,-3.822634697037415,0
NJC0705,2011-02-17,0,0,-3.3025203270774455,0
ARB0881,2010-05-20,0,0,-21.30001129515665,0
CCW0524,2010-08-30,0,0,-19.89424875335328,0
HKI0171,2010-05-05,0,0,-2.522074130126498,0
EHR0096,2010-12-08,0,0,-25.128426884708347,0
CCC0393,2010-06-07,0,0,-28.296939860310204,0
DCH0843,2010-10-22,0,1,-0.7064905313396821,0
SVS0871,2011-05-09,0,0,-6.929563848677844,0
CMM0487,2010-03-19,0,0,-6.131100569901264,0
SGB0140,2010-11-29,0,0,-2.775121886143893,0
HFB0347,2010-10-13,0,0,-18.310918872798766,0
KDS0349,2010-12-28,0,0,10.82136388273966,1
CCW0524,2010-01-27,0,0,-21.335937955741997,0
FOB0756,2010-06-13,0,0,-18.81747725877483,0
CRO0027,2010-01-11,0,0,-6.826397153564244,0
LRR0148,2011-01-27,0,0,-23.616005130828626,0
OSH0655,2010-12-27,0,0,-18.67698098915639,0
EMW0772,2010-07-16,0,0,-21.373474884161737,0
MBR0724,2010-07-01,0,0,-3.3025203270774455,0
POB0343,2010-11-16,0,0,-19.69328658777306,0
JMH0543,2010-11-16,0,0,-24.52284003983823,0
WIQ0567,2010-03-13,0,0,-26.417069083156207,0
JCR0289,2010-07-14,0,0,-1.2018865578410214,0
GCL0016,2011-04-06,0,0,-28.165508769893904,0
CCC0393,2011-04-07,0,0,-26.134412960310556,0
IKP0472,2010-12-24,0,0,-3.4927377189226263,0
MKP0861,2010-07-23,0,0,-7.4401248389310695,0
ILJ0526,2011-02-20,0,0,-18.900354119735653,0
XHW0498,2010-08-04,0,1,-6.076483867562956,0
IIL0513,2010-05-15,0,0,-21.3253286336502,0
ILR0304,2010-06-09,0,0,-1.2018865578410214,0
SBH0537,2010-03-18,0,0,-24.624243539931854,0
NRD0548,2010-04-29,0,0,-3.985372101717303,0
THR0873,2010-07-22,0,0,-1.7019473852481042,0
GZC0735,2010-03-10,0,0,-4.91853574288325,0
DLF0377,2010-10-11,0,0,-2.2600568050370384,0
CLF0852,2010-11-11,0,0,-6.776072067368091,0
PMV0850,2010-08-27,0,0,-1.2137761885505824,0
JKB0126,2011-02-08,0,0,-20.81606946422619,0
CTR0341,2010-02-26,0,0,-19.08256864538123,0
CPG0322,2010-11-03,0,0,0.9127860435486355,0
SJO0209,2010-09-14,0,0,3.375723222456031,0
NHH0185,2010-02-24,0,0,-20.268924083672232,0
MES0407,2010-01-14,0,0,-12.058422087445933,0
HLH0512,2010-06-22,0,0,-20.88987158352893,0
PNH0761,2011-01-26,0,0,-20.929526473101873,0
RTO0313,2011-05-05,0,0,-4.203642077154427,0
CSL0949,2010-05-20,0,0,-1.1260412373189865,0
NUL0471,2010-10-06,0,0,-1.3361854307088379,0
ARD0509,2011-02-03,0,0,-21.509982484633042,0
BSA0431,2010-04-19,0,0,-12.262712014820522,0
EGD0132,2010-04-14,0,1,-3.2165879483995923,0
MDM0976,2010-06-02,0,0,-20.971321860776015,0
MGS0974,2010-02-04,0,0,-20.532928981318832,0
CJM0521,2010-05-13,0,0,-20.75158947995044,0
RHO0732,2010-07-01,0,0,-1.3987313238989145,0
HDD0806,2010-07-12,0,0,-0.9384103422298722,0
ALD0544,2010-08-17,0,0,-0.5352700378787176,0
JKM0303,2010-02-24,0,0,-0.029480686207648432,0
MHG0733,2010-05-11,0,0,-5.158349550880757,0
BLB0114,2010-09-23,0,0,-11.569709198509713,0
CWR0502,2011-03-02,0,0,-6.542178853888458,0
YJF0532,2011-02-08,0,0,-19.961473945176294,0
EFS0882,2010-10-13,0,0,-18.958950842231047,0
JFC0757,2010-10-19,0,0,-18.892361859914217,0
IAR0694,2011-02-25,0,0,-27.29575446254853,0
AAF0535,2010-03-23,0,1,-20.22147818929193,0
MNS0224,2010-06-07,0,0,-20.306425056244166,0
RFP0380,2011-03-25,0,0,1.469689871498531,0
RAW0915,2010-08-23,0,0,-20.618344853556778,0
EZT0640,2011-03-18,0,0,-18.74894593390445,0
CRP0456,2010-07-14,0,0,-0.029480686207648432,0
HPR0585,2011-05-06,0,0,-1.3361854307088379,0
AHC0142,2011-03-01,0,0,-27.56515888339254,0
KMW0545,2010-07-28,0,0,-7.651961626764887,0
JAJ0849,2010-01-25,0,0,-2.374646396504204,0
ASG0048,2010-08-17,0,0,-28.146768825020217,0
IKR0401,2010-04-27,0,1,-9.14901404636646,0
BHW0458,2010-04-09,0,0,-0.7224114404158399,0
PTH0830,2010-05-27,0,0,-3.067758533759161,0
CWR0502,2010-06-30,0,0,-7.0758165719264525,0
HDD0789,2010-08-05,0,0,-26.217619081869316,0
NMC0486,2010-02-25,0,0,-6.533099695630995,0
IAR0694,2011-03-20,0,0,-26.90969861908559,0
CTR0341,2010-06-17,0,0,-21.004611909077198,0
AMH0794,2011-03-07,0,0,-10.349707867679285,0
EIP0997,2010-08-20,0,0,-19.69742607299895,0
AJC0840,2010-07-01,0,0,-0.3858800300046141,0
NNS0059,2010-05-14,0,0,-21.769417605593503,0
MCF0327,2010-11-11,0,0,-5.38262333443231,0
JAM0382,2011-04-19,0,0,-22.623037218446598,0
HGH0595,2010-07-22,0,0,-0.4596809819545342,0
EGD0132,2010-02-11,0,1,-4.4902483565970215,0
GDF0704,2010-04-09,0,0,-3.1251112007229267,0
OCB0805,2010-10-13,0,0,-2.279419515036466,0
KNG0672,2010-11-12,0,0,-10.82124128238047,0
ASG0048,2010-03-26,0,0,-26.794778006209185,0
JRF0835,2010-10-13,0,0,-0.22543925009529175,0
SJW0451,2010-06-30,0,0,-1.2191903865591485,0
SES0477,2010-12-06,0,0,-6.982472674474479,0
BDI0533,2010-01-13,0,0,-18.762611404414997,0
CXC0336,2010-07-28,0,0,-21.205341208886125,0
KBC0054,2010-08-18,0,0,-22.713553046710217,0
NAB0801,2010-10-25,0,0,-1.3969197982237347,0
AMW0392,2010-11-22,0,0,-25.145455307680095,0
LUR0896,2010-12-07,0,0,-22.552372946016135,0
SGM0021,2011-02-22,0,0,-23.929587232304584,0
MPT0376,2010-06-09,0,0,-0.39269765306050886,0
NCH0179,2010-09-13,0,0,-27.44991912761259,0
DMK0257,2011-03-15,0,0,-11.314260920047559,0
NBC0412,2010-10-21,0,0,-8.712767568970662,0
LNS0989,2010-06-09,0,0,0.8808565396626591,0
CBG0490,2011-04-07,0,0,-7.459726178819096,0
MYD0978,2010-01-26,0,1,-20.2503530978164,0
MKP0861,2011-01-21,0,0,-5.724840304494592,0
GRC0145,2010-07-08,0,0,-27.38248099183454,0
WDO0870,2010-02-15,0,0,-7.472775777962397,0
BAJ0654,2010-05-25,0,0,-21.533921190172464,0
BAH0875,2010-03-04,0,0,-6.892245143947207,0
ILJ0526,2010-02-01,0,0,-20.534795552900732,0
DGN0480,2010-02-12,0,0,-8.317456763746122,0
KCB0815,2010-05-27,0,0,-6.902701305989012,0
GNZ0953,2010-04-14,0,0,-1.765124657373235,0
ADF0397,2010-02-12,0,0,-6.831301112047868,0
UBF0645,2010-08-13,0,0,-18.966040526622578,0
KSP0357,2010-10-01,0,0,-21.961469432594754,0
VMJ0147,2010-12-06,0,0,-25.800488063402554,0
CCM0855,2010-05-03,0,0,-5.631954292083492,0
UBF0645,2010-11-16,0,0,-21.205341208886125,0
JMH0543,2010-10-01,0,0,-23.354028533692485,0
MAD0753,2010-11-04,0,0,-6.483723071600934,0
JMC0925,2011-03-23,0,0,-10.682974593935455,0
DIW0118,2010-01-20,0,0,-23.092143237534287,0
KNB0022,2010-03-30,0,0,-21.482489856605184,0
SBK0161,2010-02-04,0,0,-20.84792515188792,0
JML0909,2010-06-08,0,0,-19.961473945176294,0
IMP0530,2010-03-26,0,0,-20.88987158352893,0
GAF0570,2010-09-01,0,0,-5.399682156217068,0
USH0199,2010-08-31,0,0,-19.32131557009029,0
NSS0876,2010-12-22,0,0,-4.488571604184813,0
YEV0793,2010-11-24,0,0,-21.553204915967285,0
WBC0192,2010-05-07,0,0,-26.674575232068037,0
GCS0571,2010-07-07,0,0,-0.692388082700063,0
GDF0704,2010-04-13,0,0,-1.861560402184864,0
EHD0584,2010-02-16,0,1,-2.859977556439503,0
IBB0696,2011-04-05,0,0,-4.078094942654161,0
KAL0395,2010-07-14,0,0,-27.140085396576183,0
BNG0237,2010-02-23,0,0,-5.851228819680955,0
XLB0710,2010-06-17,0,0,-0.9964347838972571,0
JJH0613,2011-03-08,0,0,-4.147234589246068,0
BAL0044,2010-10-15,0,0,-17.255672059882727,0
GLR0975,2010-01-18,0,0,-20.27900632779165,0
SLP0762,2010-11-24,0,0,-19.591256246888634,0
FFC0891,2010-03-30,0,0,-18.250837587710976,0
PKB0429,2010-12-13,0,0,-13.377303506728595,0
WXH0872,2010-07-12,0,0,-1.1948561378618479,0
KMB0922,2010-06-07,0,0,-24.606931408224796,0
DGN0480,2010-05-27,0,0,-6.047405434867187,0
THR0873,2010-11-19,0,0,-0.14488402116978705,0
PMJ0564,2010-10-27,0,0,-26.895918708504723,0
GJD0298,2010-11-16,0,0,-3.6442671602233077,0
KWC0004,2011-02-11,0,0,-25.8706856083694,0
CEJ0109,2010-03-05,0,1,-11.512604819982585,0
JDC0030,2011-02-14,0,0,-24.570010468777014,0
CAB0388,2010-01-21,0,0,-22.060503140213314,0
BHW0458,2010-12-01,0,0,-0.4596809819545342,0
CNM0800,2010-01-07,0,0,-22.713195397725144,0
EMW0105,2011-01-07,0,0,-26.460044533485757,0
JNJ0556,2011-03-16,0,0,-23.141210612113127,0
KNW0644,2010-01-28,0,0,-20.770102813937797,0
RAH0440,2010-03-18,0,0,-18.6204559652773,0
SJO0209,2010-06-16,0,0,2.548814161317182,0
CJP0952,2011-04-07,0,0,-4.557343643490412,0
IMP0530,2010-08-30,0,0,-19.591256246888634,0
MHG0244,2010-07-21,0,0,-15.649038681461661,0
WTF0387,2011-04-28,0,0,1.4865197945771342,0
CCW0031,2010-05-11,0,0,-24.018915445836114,0
BTS0011,2011-04-12,0,0,-19.072684755894556,0
SAB0781,2010-11-17,0,0,-20.738611994184566,0
AMW0392,2010-03-24,0,0,-26.95935348281671,0
LJB0826,2011-01-03,0,0,-0.7064905313396821,0
TSR0676,2010-05-25,0,0,-22.032115862591127,0
XAA0104,2011-02-03,0,0,-21.720453697603375,0
OHC0973,2010-08-19,0,0,-1.3883418056542496,0
EIM0156,2010-11-12,0,0,-21.589047853289458,0
XHG0902,2010-07-16,0,0,-21.708390651625564,0
PNH0761,2010-01-11,0,0,-20.206061334741435,0
KVT0028,2010-01-08,0,0,-7.062607248029622,0
MCJ0324,2010-05-21,0,0,-4.324679198319814,0
UCS0227,2011-04-11,0,0,-4.195891906565748,0
SSH0799,2010-09-03,0,0,-22.049076426434908,0
NKP0236,2010-04-07,0,0,-27.180995166302296,0
AAM0658,2010-11-01,0,1,-22.116135817528175,0
LJB0826,2010-05-03,0,0,-0.22543925009529175,0
IYB0918,2010-02-18,0,0,-21.61431856094032,0
USH0199,2011-01-24,0,0,-20.778756984504525,0
DLM0051,2010-03-09,0,0,-13.933235186858383,0
GHL0460,2010-02-26,0,1,-0.9964347838972571,0
MFV0897,2010-08-18,0,0,-20.291306403365866,0
LDG0459,2011-01-12,0,0,-1.1182080246528585,0
IIA0092,2010-02-04,0,0,7.170217156888157,1
CJC0494,2011-05-09,0,0,-5.814494016022991,0
JDC0030,2011-03-12,0,0,-27.71795947350313,0
EMB0531,2010-06-15,0,0,-20.154943938043402,0
DGM0754,2010-01-20,0,0,-2.9102307689628333,0
DCH0843,2010-08-10,0,1,-0.7064905313396821,0
QPM0727,2011-03-22,0,0,-7.862019558482416,0
XRS0633,2010-12-09,0,0,-20.005066491714274,0
TSM0363,2010-08-04,0,0,-22.52502901927278,0
KDT0346,2010-07-23,0,0,-18.635770531947855,0
BAL0044,2010-05-20,0,0,-18.542846483019503,0
IUB0565,2010-03-30,0,1,-1.6786710298931666,0
CFG0959,2010-07-19,0,0,-0.22543925009529175,0
SLT0907,2010-05-20,0,0,-22.405398223773545,0
GHL0460,2010-01-13,0,1,-0.029480686207648432,0
LCB0664,2010-02-15,0,0,-28.084584712763103,0
SOG0411,2010-07-30,0,0,-1.7638782001330355,0
JJH0292,2010-01-07,0,0,-1.23947277238085,0
IMP0530,2010-03-05,0,0,-21.857797544538244,0
AHD0848,2010-07-21,0,0,-3.8524654196402253,0
PMV0850,2010-03-25,0,0,-3.7255312694306895,0
NUL0471,2010-06-22,0,0,-1.2137761885505824,0
SAC0687,2010-09-24,0,0,-25.347243862640994,0
SGM0021,2010-04-14,0,0,-21.65784809639365,0
SCP0130,2010-08-23,0,0,0.6697551044267129,0
SHW0578,2010-08-30,0,0,-0.7224114404158399,0
GCS0518,2010-09-16,0,0,-21.741885558658282,0
COM0321,2010-10-26,0,0,-5.220216380682132,0
RGH0728,2010-01-08,0,0,-7.501900930686588,0
MSD0939,2010-08-31,0,0,-27.908013317927043,0
WSR0241,2011-04-12,0,0,-28.83263206450806,0
DVM0265,2010-02-19,0,0,-9.195553830448375,0
MAE0331,2010-08-31,0,0,-17.826265866617405,0
CCH0182,2011-03-16,0,0,-19.243346497990274,0
CMB0912,2011-03-16,0,0,-23.40209587514505,0
RNF0765,2010-06-01,0,0,-20.291306403365866,0
AMM0014,2010-03-12,0,0,-18.934615890251848,0
LAP0338,2011-04-18,0,0,-17.422536607429493,0
MLG0475,2011-04-15,0,0,-0.4596809819545342,0
OJK0233,2010-07-27,0,0,-11.282056392672075,0
IMB0481,2010-10-06,0,0,-6.523784909373489,0
ILC0838,2010-10-01,0,0,-0.22543925009529175,0
BBG0325,2011-03-24,0,0,-4.68726405168286,0
GLR0975,2010-09-27,0,0,-21.07695595459404,0
HCS0003,2010-04-20,0,0,-21.32805101871304,0
LJR0523,2010-02-09,0,1,-19.830551687494108,0
FPC0954,2010-05-24,0,0,-0.7064905313396821,0
ZDW0859,2010-07-30,0,0,-7.226684902331158,0
ASV0946,2011-04-21,0,0,-2.2599760237443434,0
NGF0157,2010-11-12,0,0,-12.371316600382443,0
TQS0212,2010-06-08,0,0,1.0929121728734117,0
SED0886,2010-03-17,0,0,-18.491795533759387,0
RHC0335,2011-03-24,0,0,-18.38878961697344,0
WAS0254,2010-09-09,0,0,-18.66508321669619,0
IMG0320,2010-10-06,0,0,-5.759874295649752,0
ECR0822,2010-11-16,0,0,-2.822060863980596,0
THD0448,2010-01-13,0,0,-1.404150611370028,0
COM0321,2011-03-16,0,0,-2.785998159286919,0
HGN0287,2010-09-07,0,0,-17.856143362694525,0
AJD0074,2010-09-30,0,0,-28.07846874452696,0
KQS0415,2010-03-10,0,0,-3.589678690691926,0
AVM0947,2010-04-28,0,0,-6.753162082400536,0
WXH0872,2010-07-29,0,0,-1.941798763896486,0
CKH0144,2010-06-14,0,0,-28.22695060034789,0
NJB0243,2010-09-13,0,0,-17.284570337773175,0
RNL0695,2011-03-23,0,0,-27.1135117196269,0
NHH0185,2011-04-08,0,0,-19.1124790369239,0
TRK0914,2010-05-20,0,0,-0.31711583125809284,0
LMF0980,2010-03-29,0,0,-20.767915236153385,0
KDS0349,2010-07-26,0,0,16.35216819661173,1
IEB0153,2011-01-21,0,0,-1.2188246030128767,0
OHC0973,2010-09-23,0,0,-1.1703446480004231,0
RCP0785,2010-05-21,0,0,-20.291306403365866,0
CJM0138,2010-03-10,0,0,-0.029480686207648432,0
ELT0769,2011-03-03,0,0,-22.360773409824674,0
ONW0083,2011-05-03,0,0,-18.718443745190825,0
LBC0356,2010-03-26,0,0,-20.180257904562836,0
JPA0667,2011-03-16,0,0,-22.720832250656713,0
PMJ0564,2011-01-21,0,0,-28.818340739467544,0
CHM0821,2010-03-12,0,0,-4.132939540342818,0
ABN0239,2010-01-06,0,0,-10.469105018869755,0
VMJ0546,2011-02-15,0,0,-10.796723408217304,0
KQC0708,2010-09-10,0,0,-0.3858800300046141,0
JMH0543,2010-05-07,0,0,-22.48125075663131,0
RDM0150,2010-12-01,0,0,-1.657340664240337,0
CSP0197,2010-12-29,0,0,-0.8817724291477589,0
MOH0273,2011-01-12,0,0,-16.95596622206176,0
IJM0444,2011-04-21,0,0,-8.61531299339174,0
SJW0451,2010-06-02,0,0,-0.029480686207648432,0
CLD0894,2010-04-20,0,0,-20.99584493366183,0
SJF0094,2011-04-26,0,0,-4.430648283286132,0
KVS0425,2010-12-13,0,0,-5.9984303892614435,0
PMC0328,2010-11-24,0,0,-19.77868973379475,0
GTD0116,2011-03-01,0,0,-25.55369955105664,0
CEJ0109,2010-10-29,0,1,-6.280735430323375,0
JCW0858,2010-07-07,0,0,0.12339587454516732,0
DDA0476,2010-11-19,0,0,-6.377873526688177,0
EHR0096,2010-03-09,0,0,-25.94112713759921,0
HVB0037,2010-04-22,0,0,3.2634737089906594,0
KCS0173,2011-05-16,0,0,-5.304809952975575,0
KJG0910,2011-02-01,0,0,-18.726382502985302,0
COF0120,2010-04-05,0,0,-28.273062730871857,0
MIL0255,2010-08-17,0,0,-19.8171518925825,0
NLO0131,2010-08-20,0,0,-0.7224114404158399,0
MIB0904,2010-11-18,0,0,-18.892361859914217,0
DPM0423,2010-06-28,0,0,-16.20020220526851,0
JHP0583,2011-01-12,0,0,-1.6217224891873911,0
CLH0703,2010-06-24,0,0,-0.3858800300046141,0
SBN0971,2011-01-03,0,0,-2.9407188934292208,0
AAF0791,2010-06-28,0,0,-9.828030434659922,0
PLH0715,2010-01-04,0,0,-1.7058781133636103,0
ASB0796,2010-10-08,0,0,-0.3084206902016149,0
AJP0723,2010-04-12,0,0,-0.9603885267399619,0
RNP0211,2010-04-19,0,0,2.0320710115628344,0
RHP0484,2010-12-17,0,0,-8.83628099728196,0
CTR0697,2010-02-18,0,0,-1.2137761885505824,0
GMF0738,2010-06-14,0,0,-5.159252694026463,0
ALH0402,2010-06-14,0,0,-8.97416559414421,0
RAR0725,2010-07-21,1,1,-3.0539910477262993,0
MVB0515,2010-09-07,0,0,-19.38893887757888,0
KSH0569,2011-04-04,0,0,-4.977704066532738,0
FSC0601,2010-07-08,0,1,-1.6219461240267492,0
JDC0030,2011-01-31,0,0,-26.87188619608571,0
KJJ0293,2011-02-23,0,0,-2.924803353891548,0
CKD0680,2010-05-24,0,0,-22.898792791807296,0
CKH0144,2010-05-11,0,0,-25.025209866233922,0
ENC0234,2010-02-11,0,0,-8.227480222586905,0
NMC0486,2010-10-14,0,0,-7.744990524285527,0
ZJS0269,2010-07-01,0,0,-21.98956019961622,0
CHM0821,2010-06-04,0,0,-3.9505635114678626,0
SBQ0786,2010-08-31,0,0,41.38289886297434,1
KSP0966,2010-12-09,0,0,-0.22543925009529175,0
KRG0158,2010-04-22,0,0,-27.219010367088913,0
KPC0073,2010-05-25,0,1,-27.278386436338337,0
MSO0222,2010-11-05,0,1,-20.883917634017507,0
MKW0441,2010-10-07,0,0,-19.83693487757671,0
DVW0103,2010-06-04,0,0,-5.730175189053057,0
MSS0001,2011-04-04,0,0,-16.32047677044875,0
JFC0757,2010-07-22,0,0,-22.066251203243723,0
KJJ0293,2011-05-02,0,0,-3.0595670557694348,0
SSJ0784,2011-04-09,0,0,-19.349376358932545,0
KRM0541,2010-10-05,0,0,-23.624073083888675,0
AGB0186,2010-06-03,0,0,-19.944273678470495,0
AHG0634,2010-04-05,0,0,-17.91673769154704,0
AAN0823,2011-03-09,0,0,-0.9964347838972571,0
ORB0473,2011-02-03,0,0,-0.22543925009529175,0
AHC0142,2010-01-14,0,0,-25.407702649495945,0
NHH0185,2011-02-03,0,0,-15.971164760521788,0
JFC0757,2010-05-17,0,0,-21.857797544538244,0
SOG0411,2010-08-20,0,0,-10.373744502428053,0
UIR0043,2010-11-10,0,0,-21.218090138826028,0
IHK0841,2010-12-22,0,0,-0.22543925009529175,0
LMF0980,2010-12-08,0,0,-20.77682910536305,0
OCB0805,2011-05-09,0,0,-3.3340685142286475,0
KCF0045,2010-08-10,0,0,-21.129135342579502,0
DZC0228,2010-12-20,0,0,-10.365328504095146,0
BTL0722,2011-04-13,0,0,-1.0498541092994174,0
OJK0233,2010-03-23,0,0,-11.611489851987699,0
AHM0410,2010-05-03,0,0,-1.6984709452248126,0
JCV0245,2011-02-11,0,0,-17.47777446308578,0
KVT0028,2010-03-05,0,0,-7.538762614456118,0
JIM0095,2010-08-30,0,0,-27.893945029663428,0
ASM0575,2010-04-08,0,0,-1.3361854307088379,0
SMY0792,2010-11-15,0,0,-0.01255881059546482,0
ETR0177,2010-07-14,0,0,-26.23834233478101,0
KES0729,2011-01-21,0,0,-8.020794055852889,0
PDW0259,2011-03-09,0,0,-18.68363126041254,0
GAF0060,2010-06-25,0,0,3.5892630921190403,0
JAJ0849,2010-06-29,0,0,-1.2137761885505824,0
MJS0890,2010-06-28,0,0,-18.660416223945504,0
SGG0787,2011-05-03,0,0,-25.965613874130668,0
NHE0919,2010-01-14,0,0,-22.04792064421042,0
QNP0216,2010-07-23,0,0,-20.70345855826929,0
LHL0309,2010-01-04,0,0,-3.5007150516046295,0
HGN0287,2010-07-15,0,0,-17.19600440077261,0
XWD0923,2010-09-24,0,0,3.364321462868247,0
MAE0331,2011-03-15,0,0,-20.758145980189283,0
SJF0094,2010-05-13,0,0,-8.347213963724812,0
KAT0489,2011-02-22,0,0,-6.670894137651885,0
SSH0799,2011-02-24,0,0,-22.987118315135262,0
AMH0794,2010-12-21,0,0,-10.69982307076259,0
KJG0910,2011-04-28,0,0,-19.252855189163483,0
UAD0771,2010-04-29,0,0,-20.29835330595779,0
TJG0582,2010-11-09,0,0,-0.029480686207648432,0
FRR0832,2011-03-25,0,0,-4.236845320069733,0
SER0165,2011-05-11,0,0,-29.781110016264392,0
HAV0121,2010-04-26,0,0,-11.474296515967694,0
FIR0920,2011-05-03,0,0,-21.982428393247346,0
XWD0923,2010-01-15,0,0,4.9366621692119,0
HWW0436,2010-12-06,0,0,-12.960717697799396,0
OKC0107,2010-05-24,0,0,-11.334781096977736,0
PEV0323,2011-01-17,0,0,-5.010439264352499,0
CGB0637,2010-06-11,0,0,-15.835548806624047,0
WGR0833,2011-03-21,0,0,-1.4904878636043577,0
CAS0507,2010-06-03,0,0,-20.182101706293565,0
BSB0990,2010-12-30,0,0,-8.50824350655364,0
MSS0001,2010-09-27,0,0,-10.130309466641734,0
IJM0139,2010-01-11,0,0,-0.029480686207648432,0
DOP0562,2010-08-30,0,0,-29.200408866904354,0
BTS0011,2010-08-02,0,0,-20.199976457953426,0
JIM0095,2010-02-04,0,0,-27.398683372256755,0
NAB0801,2011-01-21,0,0,-3.980064644655954,0
JLW0053,2010-09-03,0,0,9.829003399476278,1
ANP0555,2010-01-06,0,0,-1.5300493703549591,0
SDB0106,2011-04-26,0,0,-15.287451656171356,0
DID0650,2010-06-17,0,0,-18.246652561193173,0
JKB0126,2010-06-18,0,0,-18.976944760545848,0
HKB0418,2010-03-02,0,0,-11.699176017450782,0
KQC0708,2010-07-26,0,0,-0.3858800300046141,0
ALD0544,2010-10-15,0,0,0.12515103188866306,0
HWY0038,2010-05-21,0,0,-20.325652493900634,0
CJC0494,2010-07-19,0,0,-5.490511722734709,0
WVB0539,2010-08-18,0,0,-24.269045850361294,0
IRT0491,2010-12-29,0,0,-6.344676348985786,0
ESH0135,2010-02-01,0,0,-1.6680305294240725,0
FDE0117,2010-04-28,0,0,-26.077977121857202,0
GOK0238,2010-11-12,0,0,-27.239170202349783,0
SDB0106,2010-11-22,0,0,-14.864795448006817,0
BCR0581,2011-02-18,0,0,-2.882756595885553,0
PKB0281,2010-12-02,0,0,-17.1598288619889,0
RRP0568,2010-04-29,0,0,-24.69236471494162,0
DDA0476,2010-07-01,0,0,-4.621686870559643,0
FRL0511,2010-11-18,0,0,-21.14364623941958,0
HDD0789,2010-06-16,0,0,-26.21569743794987,0
SBN0971,2010-04-28,0,0,-1.9386851040311512,0
WAS0254,2010-02-18,0,0,-18.613246815806406,0
TEB0251,2011-03-11,0,0,-19.690851755433982,0
VAA0087,2010-09-23,0,0,-19.206740384716113,0
MPT0376,2010-07-21,0,0,6.6483540224576245,0
JPA0667,2010-09-27,0,0,-21.806032808226405,0
IBS0836,2011-03-01,0,0,-3.0991632713294166,0
GBM0603,2010-12-22,0,0,-2.9162220940107773,0
RAS0432,2011-04-01,0,0,-12.469893523513633,0
NCK0295,2011-05-02,0,0,-0.4596809819545342,0
USH0199,2010-08-23,0,0,-22.746888728952285,0
HAC0282,2010-11-29,0,0,-20.0664637823769,0
MJS0890,2010-06-22,0,0,-21.335937955741997,0
MIB0904,2010-04-22,0,0,-21.42631668050285,0
HCL0113,2010-12-14,0,0,-14.473429560741579,0
CKH0144,2010-04-12,0,0,-24.955603836991486,0
NAF0326,2010-01-13,0,0,-1.6354894729385023,0
BIS0247,2010-02-19,0,0,-16.697162751276437,0
CFG0959,2010-07-01,0,0,-1.3883418056542496,0
OSH0655,2010-01-21,0,0,-19.243346497990274,0
HBB0056,2010-10-12,0,0,-22.70834833856111,0
NHE0919,2010-03-31,0,0,-24.03505803187977,0
TSB0437,2011-01-20,0,0,-19.51098621581616,0
SBQ0786,2010-08-04,0,0,13.323908541642481,1
NGF0157,2010-08-10,0,0,-12.509903446600333,0
FTM0406,2010-10-06,0,1,-0.8674874451979804,0
DIC0988,2010-01-14,0,0,4.098626963458969,0
BJH0811,2010-08-06,0,0,-27.47270243140963,0
HCM0267,2011-04-29,0,0,0.23667359576950275,0
RBB0485,2010-12-28,0,0,-7.762336630439563,0
MHG0733,2011-03-02,0,0,-4.398973832142474,0
NLO0131,2010-11-11,0,0,-1.2191903865591485,0
BSS0463,2010-10-06,0,0,-0.7224114404158399,0
JRF0835,2011-03-30,0,0,-0.7369174506420677,0
CXC0336,2010-09-21,0,0,-20.890597905650907,0
AJH0175,2011-01-06,0,0,-3.5312758844428345,0
SGM0021,2010-11-03,0,0,-23.368250207248252,0
TLK0993,2011-01-03,0,0,-11.33414502549283,0
RJB0088,2011-05-13,0,0,-20.74182832891097,0
KBS0874,2011-04-14,0,0,-5.016069434606152,0
SRH0155,2011-01-21,0,0,-27.4070229458855,0
TEM0977,2010-10-12,0,0,-22.040758064393003,0
DJS0682,2010-03-11,0,0,-5.3491303328078175,0
BWH0813,2010-05-17,0,0,-25.98393727798691,0
MDM0976,2010-03-05,0,0,-21.232018738471083,0
AIH0675,2011-01-27,0,0,-22.78951783187165,0
KPP0452,2010-08-20,0,0,-0.4596809819545342,0
HPH0075,2010-12-21,0,0,-7.536831028215488,0
ABC0253,2010-09-27,0,0,-18.524928080250106,0
CFM0767,2011-04-27,0,0,-16.63937206804337,0
IMP0530,2010-12-15,0,0,-18.892361859914217,0
ESH0283,2011-02-23,0,0,-18.12977090471395,0
MNR0829,2010-07-02,0,0,-1.7058781133636103,0
HCV0478,2010-01-27,0,0,-8.47066288154258,0
UJC0737,2010-02-01,0,0,-7.966278651933408,0
MJB0588,2010-03-09,0,0,-0.029480686207648432,0
DSB0731,2010-07-09,0,0,-6.729841974195551,0
AHM0410,2010-01-22,0,0,-9.918360609827005,0
BTS0011,2010-02-08,0,0,-18.174735912919232,0
RHP0484,2010-04-26,0,0,-9.277736771372815,0
WKD0013,2011-02-10,0,0,-19.281926863797594,0
OHC0973,2010-06-03,0,0,-1.1260412373189865,0
AJN0607,2011-01-24,0,0,-6.54122039557592,0
BMC0547,2011-04-21,0,0,-11.056134886748396,0
ADC0391,2010-05-13,0,0,-0.673382385410946,0
MCF0600,2010-05-21,0,1,-0.029480686207648432,0
MAR0955,2010-12-03,0,1,5.1538075130462175,0
AVM0947,2010-09-01,0,0,-3.2705629843578663,0
IRM0931,2010-05-25,0,0,-23.866505677046348,0
AKC0924,2010-08-12,0,0,-24.97854446528197,0
SCB0534,2010-11-19,0,0,-20.910446568390967,0
FKK0055,2010-07-26,0,0,-23.446061743523046,0
KKC0683,2011-03-22,0,0,-8.729106002005324,0
CTA0020,2010-08-11,0,0,-17.967228029134162,0
JTS0389,2011-02-11,0,0,-21.698735830987175,0
CRP0456,2010-03-22,0,0,-2.3067309677462617,0
CSJ0340,2010-07-01,0,0,-19.488821795240938,0
CJH0702,2010-09-09,0,0,-1.419977410782053,0
MPT0376,2010-03-26,0,0,-0.08971294540822328,0
BJH0811,2011-03-11,0,0,-28.343337004366617,0
BSS0369,2010-08-27,0,1,-20.451154080175456,0
PDW0259,2011-03-17,0,0,-19.449198551161203,0
HDL0748,2010-03-31,0,0,-5.3610836085905476,0
HTF0641,2011-01-24,0,0,-20.03213455156117,0
IBS0836,2010-10-28,0,0,-7.614665178528298,0
HRW0550,2010-12-09,0,0,-21.22822590162525,0
DOL0332,2010-05-21,0,0,-19.894673940187545,0
UJC0737,2010-04-20,0,0,-5.003464148679427,0
BDI0533,2010-04-18,0,0,-17.491883268321885,0
BLB0114,2011-03-21,0,0,-12.85787480348938,0
MHH0180,2010-03-17,0,0,-20.83110977739352,0
AJC0840,2010-03-25,0,0,-1.0498541092994174,0
HGN0287,2010-05-24,0,0,-14.442066233379819,0
IBM0671,2010-12-08,0,0,-10.157483358887475,0
BAM0636,2011-04-28,0,0,-22.367352863390806,0
ICH0294,2010-01-28,0,0,-5.389286147508642,0
MCD0125,2010-06-10,0,0,-13.531214989618093,0
ECF0828,2010-04-08,0,0,-1.4904878636043577,0
GCS0571,2010-06-24,0,0,-0.692388082700063,0
MMB0488,2010-09-01,0,0,-9.068201242614123,0
WVB0539,2010-10-19,0,0,-25.657595657552406,0
THD0448,2010-07-14,0,0,-0.029480686207648432,0
ONW0083,2011-01-17,0,0,-19.564298370012807,0
NBH0256,2010-10-29,0,0,-19.688082716930012,0
GKO0078,2010-09-28,0,0,-8.87261890181037,0
HSP0290,2010-07-22,0,0,-0.4596809819545342,0
TVS0006,2010-01-08,0,0,-24.19841056147345,0
MAD0753,2010-01-11,0,0,-7.873363176131079,0
HBB0056,2010-12-29,0,0,-22.580318110076746,0
KKS0119,2010-02-18,0,0,-26.743092582295617,0
KRM0541,2010-07-19,0,0,-21.685102249941224,0
DAR0885,2010-01-14,0,0,-21.335937955741997,0
YJF0532,2010-10-21,0,0,-21.398451221083064,0
DCH0843,2010-08-20,0,1,-1.0498541092994174,0
HKB0418,2011-01-26,0,0,-5.041723866258053,0
NIH0969,2011-05-16,0,0,-3.1251112007229267,0
CJM0521,2010-06-28,0,0,-21.04380616475771,0
RRP0568,2010-03-09,0,0,-27.665354754353302,0
RJM0381,2010-06-04,0,0,-22.458232395688924,0
TUC0632,2010-05-14,0,0,-21.322352132011588,0
RHP0484,2010-11-18,0,0,-3.3674845096564923,0
SSS0345,2010-04-14,0,0,-19.243346497990274,0
SVL0803,2011-03-02,0,0,0.3823278283500713,0
HCC0344,2010-03-11,0,0,-17.837645431050646,0
SBN0495,2010-06-08,0,0,-5.89688523377265,0
LNR0656,2010-03-08,0,0,-18.524380022422065,0
AMW0392,2010-03-28,0,0,-26.710655493335707,0
VCY0751,2010-03-03,0,0,-7.021957764122817,0
OBH0499,2010-02-10,0,0,-6.250388484714563,0
HIW0536,2011-02-11,0,0,16.06842818991447,1
AIP0394,2010-07-12,0,0,-2.6338039477592474,0
OLB0749,2010-03-24,0,0,-4.097205528256836,0
JDB0169,2010-02-08,0,0,-0.6016346042665646,0
CSL0949,2011-01-18,0,0,-0.3858800300046141,0
FAW0032,2011-01-03,0,1,-24.83545325617729,0
MTB0620,2010-12-07,0,0,-0.6708138733729356,0
KBG0549,2011-02-24,0,0,-22.008043270748885,0
SMW0084,2011-04-20,0,0,-19.80715259502506,0
MSD0939,2010-02-17,0,0,-30.39381752763245,0
HDH0928,2010-08-19,0,0,-2.16622962675865,0
SAT0194,2010-02-17,0,0,-1.7030391608573154,0
NMG0766,2010-09-03,0,0,-16.777136984824438,0
MKP0861,2010-06-30,0,0,-4.195403351228379,0
BAL0044,2010-08-02,0,0,-20.93333722899854,0
RLB0719,2010-05-24,0,0,-0.7369174506420677,0
CKD0680,2010-12-01,0,0,-22.098451182964595,0
KMS0657,2010-04-07,0,0,-19.360737182322055,0
IAR0694,2010-10-25,0,0,-25.08274102210794,0
KRL0501,2010-08-23,0,1,-2.1865484469053627,0
CTR0341,2011-04-04,0,0,-17.179876441390434,0
VCY0751,2011-02-01,0,0,-6.074169234790702,0
THD0448,2010-04-22,0,0,-0.029480686207648432,0
GCC0744,2010-07-30,0,0,-4.811408838214902,0
LIM0674,2010-07-13,0,0,-11.71115532551164,0
MAE0331,2010-10-05,0,0,-18.535453888596635,0
FLM0213,2010-03-17,0,0,1.4794734834301835,0
ABN0239,2010-12-22,0,0,-7.233960489651963,0
JLM0364,2010-12-16,0,1,-21.72764941881462,0
ZJE0857,2011-04-08,0,0,-5.7463851719403465,0
QPM0727,2010-08-10,0,0,-7.571561947287137,0
HWH0646,2010-06-16,0,0,-17.0957162552686,0
LEM0605,2010-01-04,0,0,-2.704967826734446,0
DVW0103,2010-11-05,0,0,-6.555658367357864,0
HKR0628,2011-04-20,0,0,-7.521963000398387,0
NGO0690,2010-09-20,0,0,-6.578473641368987,0
FKK0055,2010-06-19,0,0,-20.165436749459104,0
KDS0349,2010-05-19,0,0,13.150588878092663,1
JMW0638,2010-01-21,0,0,-18.87681211874019,0
BTS0011,2010-10-29,0,0,-21.39882055741782,0
JMK0099,2010-06-23,0,0,-9.98815326868771,0
ESH0283,2010-08-23,0,0,-18.325883298147687,0
BJW0619,2010-04-23,0,0,-5.420833137950353,0
LTS0860,2011-04-08,0,0,-5.354798563127815,0
NUL0471,2010-01-19,0,0,-0.9431118171253274,0
AMV0036,2010-05-26,0,0,3.253086320525881,0
TIW0299,2010-10-18,0,0,-0.029480686207648432,0
SSG0250,2011-04-15,0,0,-17.80128110706221,0
ILC0838,2010-10-11,0,0,-0.9964347838972571,0
AHD0848,2010-01-05,0,0,-1.765124657373235,0
SCB0534,2010-07-12,0,0,-18.958950842231047,0
NCO0666,2010-04-21,0,0,-22.95141517603372,0
IMG0320,2010-12-07,0,0,-6.43148010981497,0
CRK0916,2010-05-26,0,0,-10.51077029147541,0
RLG0856,2010-04-21,0,0,-5.51640606433125,0
MLM0950,2010-11-10,0,0,-7.231853968444511,0
TBT0461,2010-07-19,0,0,-0.4596809819545342,0
NHE0919,2010-04-26,0,0,-24.06567859389861,0
HLM0933,2010-02-02,0,0,-11.259186652657831,0
CCL0068,2010-03-02,0,1,-26.08914369902311,0
KCB0815,2010-05-20,0,0,-8.155139399889094,0
TSM0363,2010-05-14,0,0,-22.065884341484093,0
NGC0058,2011-04-29,0,0,2.515118553100706,0
BSB0990,2010-11-30,0,0,-6.672739584328042,0
CGF0337,2011-04-06,0,0,-15.604491273565714,0
MSS0001,2010-01-21,0,0,-14.1565389360984,0
JPW0741,2010-08-11,0,0,-0.13304870577871952,0
KJA0152,2011-03-17,0,0,-28.43170059722729,0
RLB0719,2010-11-03,0,0,-1.2591644484622293,0
WIF0691,2010-08-02,0,0,-21.027170953686664,0
TSB0437,2010-10-05,0,0,-19.965884451539864,0
SER0165,2010-11-23,0,0,-26.921709606576087,0
RSC0089,2010-03-09,0,0,-12.67822305601112,0
AKH0758,2011-04-26,0,0,-20.412769216833453,0
TJB0302,2010-04-22,0,0,-0.7224114404158399,0
TDG0962,2010-04-30,0,0,-2.3153503378231335,0
AKH0758,2010-03-01,0,0,-21.14364623941958,0
SHR0334,2010-01-21,0,0,-21.205341208886125,0
ALH0402,2011-04-21,0,0,-9.679748102383542,0
MFV0897,2010-04-01,0,0,-19.591256246888634,0
BNR0965,2010-07-08,0,0,-1.765124657373235,0
OCB0805,2011-04-21,0,0,-2.348886206695397,0
NRO0768,2010-02-15,0,0,-20.30333184643382,0
CHG0146,2011-01-26,0,0,-27.436920526481913,0
HSP0290,2011-03-08,0,0,-1.6680305294240725,0
AJF0370,2010-11-09,0,0,-18.417676964393536,0
MCF0600,2010-02-25,0,1,-2.002929425185016,0
SOB0586,2010-03-24,0,0,-0.029480686207648432,0
YIC0195,2010-03-15,0,0,-2.0686577158473938,0
ABN0239,2010-08-27,0,0,-10.851603927523684,0
ARB0881,2010-03-12,0,0,-18.892361859914217,0
CHM0821,2010-07-30,0,0,-4.627804333511563,0
BDV0168,2010-05-03,0,1,-6.284397703440391,0
CBG0490,2010-06-17,0,0,-6.136442190696357,0
PNL0301,2010-07-28,0,1,-2.278422535400864,0
NRO0768,2010-02-17,0,0,-19.162926296757064,0
BER0314,2010-12-17,0,0,-5.684521238723391,0
HVF0067,2010-12-28,0,0,-2.757905118479016,0
TLK0993,2010-05-21,0,0,-11.976148509719224,0
JMW0638,2010-08-30,0,0,-18.474315467711335,0
DDM0579,2011-04-08,0,0,-0.029480686207648432,0
MGS0974,2010-08-06,0,0,-21.196910340679892,0
BMS0877,2010-04-29,0,0,-4.284474847658885,0
BHC0665,2011-02-18,0,0,-17.365127013477377,0
WBC0192,2010-12-22,0,0,-25.518151364660298,0
XBN0229,2011-01-06,0,0,-21.60248827240673,0
EMB0531,2011-03-15,0,0,-21.654854343668717,0
AIM0627,2010-08-17,0,0,-7.89966637579812,0
TNM0961,2010-01-18,0,1,-5.5561920297725464,0
KKC0683,2010-03-01,0,0,-9.55929322373322,0
ROB0272,2010-01-28,0,0,-5.923288829752892,0
BBS0039,2010-06-11,0,1,-20.996333025366084,0
TPH0474,2010-03-02,0,0,-0.7224114404158399,0
CLF0852,2010-12-13,0,0,-6.191753828387846,0
KRL0062,2010-03-03,0,0,-26.32135092615647,0
JDF0593,2011-04-21,0,0,-5.068924902008575,0
CIM0926,2010-01-21,0,0,-19.97782932277471,0
EIP0997,2010-06-23,0,0,-19.275254941097387,0
FWM0707,2010-03-19,0,0,-0.7369174506420677,0
AJP0723,2010-10-08,0,0,-1.4904878636043577,0
DAR0885,2010-01-31,0,0,-12.578119322695102,0
IBB0696,2010-07-09,0,0,-3.8581710887832514,0
DCC0160,2010-04-29,0,0,-14.873728194139062,0
VEB0935,2011-02-08,0,0,-26.171964758784156,0
AOS0987,2010-04-27,0,0,-5.265845376402808,0
DIB0285,2010-08-17,1,1,-17.270226901606406,0
RJM0381,2010-09-10,0,0,-21.464772802036805,0
LNR0656,2010-02-15,0,0,-18.423313816508085,0
XLB0710,2010-02-17,0,0,-0.3858800300046141,0
CKP0721,2010-04-28,0,0,-0.9964347838972571,0
TEB0251,2010-04-06,0,0,-18.90802887776931,0
SSS0345,2011-02-10,0,0,-17.779900862517366,0
HGG0240,2011-03-17,0,0,-25.550772070242942,0
CEB0210,2011-04-08,0,0,1.8769990358881614,0
WBC0192,2010-12-27,0,0,-27.130098849692786,0
RAS0432,2010-02-11,0,0,-11.00301420088249,0
AOK0844,2010-09-29,0,0,-1.614861192593935,0
CLB0774,2010-03-08,0,0,-19.900126490835305,0
IRM0931,2011-02-15,0,0,-26.983777036508286,0
TEM0093,2010-03-24,0,0,-3.703955722531873,0
BNR0965,2010-03-04,0,0,-1.2137761885505824,0
LNR0656,2011-03-07,0,0,-20.827065887247386,0
ATE0869,2010-12-17,0,0,-3.1648052784300944,0
IUY0279,2010-09-22,0,0,-13.54575990671674,0
HWM0342,2010-05-12,0,0,-20.90053941525423,0
CFW0264,2010-03-05,0,0,-8.976105148300803,0
TMA0069,2010-07-02,0,0,-6.032351880481315,0
NGF0157,2010-06-22,0,0,-11.406151603108924,0
JHP0583,2011-02-14,0,0,-6.448323652766021,0
CNB0900,2010-02-10,0,0,-22.405398223773545,0
SHR0334,2010-12-03,0,0,-19.309619787597853,0
AAE0190,2010-04-07,0,0,-26.638393225249047,0
JMW0638,2011-02-16,0,0,-18.522004962306255,0
EMS0317,2010-12-27,0,0,-3.374492051646598,0
KAT0489,2010-11-30,0,0,-7.815649364478304,0
SPA0141,2010-10-07,0,0,-27.772860481932184,0
LMF0980,2011-02-17,0,0,-21.48221578010407,0
LCB0664,2011-04-28,0,0,-25.207387047389716,0
SHR0334,2010-10-08,0,0,-20.257237963667762,0
HDH0928,2010-07-06,0,0,4.156603260729412,0
KBB0189,2010-08-16,0,0,-27.22748578426763,0
CRP0456,2010-04-22,0,0,-0.9603885267399619,0
DEB0782,2010-09-22,0,0,-19.591256246888634,0
MVF0594,2010-05-11,0,0,-1.404150611370028,0
JOM0750,2010-03-03,0,0,-8.221378466352462,0
BNR0965,2011-03-08,0,0,-1.6270987266143493,0
NUL0471,2011-02-03,0,0,-0.4596809819545342,0
PNH0761,2011-01-03,0,0,-19.97087514803718,0
ZKS0899,2010-08-27,0,0,-22.819325217216033,0
PPF0435,2010-06-25,0,1,-13.300226321435275,0
HDH0928,2011-03-22,0,0,-1.8714542744621667,0
EMS0317,2011-04-13,0,0,-6.062613788211252,0
NAB0801,2010-03-17,0,0,-3.7799679668928547,0
CCL0068,2010-01-15,0,1,-24.505888821366398,0
RAM0447,2010-05-02,0,0,-2.151657675769002,0
MLL0598,2010-07-08,0,0,-8.1252057482983,0
ARD0509,2011-03-10,0,0,-20.934313054350014,0
SBN0971,2010-11-23,0,0,-0.7064905313396821,0
LMF0980,2011-02-25,0,0,-20.83651140000461,0
AMR0318,2011-01-31,0,0,-5.070555647487254,0
LMF0980,2011-04-07,0,0,-21.267169090252423,0
LNS0989,2010-10-21,0,0,2.466900292537048,0
OCS0865,2010-05-19,0,0,-4.2038404122425845,0
RHL0992,2010-09-10,0,1,-11.133256856867433,0
PDH0716,2010-03-29,0,0,-3.802215164612562,0
BRB0355,2010-08-27,0,0,-13.468759565305277,0
KAL0395,2010-10-07,0,0,-25.88902126677374,0
KBS0874,2011-03-29,0,0,-4.955620085224609,0
BCB0679,2011-02-07,0,0,1.4633917173919144,0
HGN0287,2011-05-04,0,0,-10.265987000268296,0
CCW0031,2010-09-03,0,0,-24.6292093165639,0
EBC0390,2010-06-14,0,0,-22.78951783187165,0
MJS0890,2011-05-03,0,0,-18.428991344851966,0
RHY0079,2010-01-05,0,0,-14.029648118512,0
DPM0423,2010-11-05,0,0,-20.216813036628196,0
CAB0614,2011-04-07,0,0,-1.8689394430247148,0
ONW0083,2010-07-07,0,0,-18.571254198349266,0
NCK0421,2011-03-02,0,0,-27.107313961246405,0
KRM0541,2010-09-22,0,0,-21.63138689108814,0
JGM0934,2010-02-24,0,0,-10.850145539401979,0
ZCF0590,2010-02-04,0,0,-0.4596809819545342,0
ALD0544,2010-08-25,0,0,0.3019729051985678,0
GTD0898,2010-10-21,0,0,-18.892361859914217,0
CSB0080,2010-09-08,0,0,-26.84955894661539,0
MJM0510,2010-12-22,0,0,-18.986528697332915,0
TEM0977,2010-11-18,0,0,-21.450319684449937,0
CAA0612,2011-02-17,0,0,-1.9357538537913115,0
HTF0641,2010-08-12,0,0,-20.202215429989224,0
DVM0265,2010-08-24,0,0,-1.1418108963366649,0
ROB0272,2010-01-06,0,0,-6.138248887493091,0
IJM0776,2010-07-08,1,1,-18.445122658762784,0
PES0085,2010-12-22,0,0,-27.75652786312844,0
JLW0053,2010-05-14,0,0,14.49728904478161,1
BJH0811,2010-11-03,0,0,-28.5060532255377,0
KBB0189,2010-10-14,0,0,-27.09485465950013,0
OCB0805,2010-08-27,0,0,0.6715873432793842,0
JNA0559,2010-09-13,0,0,-10.723555936096886,0
ASB0796,2010-06-24,0,0,-1.3714068967981348,0
RAS0432,2010-04-14,0,0,-10.140963866385505,0
HAM0985,2010-10-19,0,0,-22.65878556307166,0
SBK0161,2010-10-25,0,0,-21.32670645592441,0
VCC0396,2010-02-10,0,0,-3.1998663346400917,0
QNP0216,2010-06-25,0,0,-21.91062991243257,0
MHH0180,2010-02-16,0,0,-20.414490404326557,0
BLL0929,2010-09-03,0,0,-25.466404301432704,0
VSA0230,2011-02-09,0,0,-2.1412059540655264,0
NHH0185,2011-01-27,0,0,-19.28074276862924,0
WGR0833,2010-07-07,0,0,-3.7022810571497757,0
HPH0075,2011-03-23,0,0,-8.557939866639458,0
ILJ0526,2011-04-13,0,0,-17.901053149717086,0
JAJ0849,2010-01-26,0,0,-1.765124657373235,0
BDV0168,2010-07-14,0,1,-5.457394655826988,0
HJA0018,2011-02-18,0,0,-20.074736134249633,0
MSG0839,2010-09-16,0,0,-1.0831116803301484,0
WIQ0567,2010-09-28,0,0,-25.522347893000756,0
ARA0252,2010-11-04,0,0,-18.43855127065865,0
WDO0870,2010-03-25,0,0,-3.814822401607671,0
NHE0919,2010-03-04,0,0,-21.285294051076903,0
RSC0089,2011-02-11,0,0,-12.923578629228814,0
AHD0848,2011-01-23,0,0,-3.7658069409790187,0
TQS0212,2010-12-14,0,0,4.0861712590563,0
LMF0980,2010-09-03,0,0,-21.00636773681299,0
PAD0773,2011-03-09,0,0,-20.124117954193935,0
HAM0985,2011-05-10,0,0,-23.4873600965376,0
HCW0419,2010-07-29,0,0,-22.42426394784252,0
SPA0141,2011-03-28,0,0,-27.563226790157046,0
DMM0623,2011-05-12,0,0,-9.827305308644668,0
JLM0364,2010-09-29,0,1,-22.346279447763663,0
PIS0522,2010-02-12,0,0,-21.654854343668717,0
NMS0280,2011-03-23,0,0,-21.12101886821381,0
JMD0520,2010-06-10,0,0,-18.314092506315887,0
FWM0707,2010-05-13,0,0,-1.3168239051861974,0
ENL0100,2010-01-13,0,0,-18.155634693016736,0
HVB0037,2010-07-22,0,0,4.637915597183564,0
MDH0580,2010-11-05,0,1,-2.23421391988893,0
ALD0529,2010-12-02,0,0,-19.959126834588233,0
GCC0744,2010-07-13,0,0,-7.247086187632817,0
JSA0775,2010-12-17,0,0,-18.177440475759568,0
HOB0994,2011-01-04,0,0,-10.640240271899188,0
VAA0087,2011-05-11,0,0,-17.772341643332425,0
SES0477,2010-09-13,0,0,-6.972903505679142,0
AQD0820,2010-03-04,0,0,-8.108788965610415,0
PGC0066,2011-02-17,0,0,-26.178672892300142,0
ARB0881,2011-04-05,0,0,-19.830551687494108,0
GDF0704,2010-09-02,0,0,-1.861560402184864,0
VIA0063,2010-06-17,0,0,-25.278072387496195,0
RVF0201,2010-08-04,0,0,-27.68353272545994,0
CLF0852,2011-03-22,0,0,-5.369732491242189,0
KLH0596,2010-10-15,0,1,-0.7224114404158399,0
SGM0021,2010-06-04,0,0,-21.505888970628916,0
MAR0955,2010-02-17,0,1,-0.9964347838972571,0
ABH0663,2010-01-05,0,0,-0.936600723083302,0
DVW0103,2011-02-02,0,0,-6.267011444803302,0
WIQ0567,2010-07-06,0,0,-26.492136538199816,0
TJB0302,2010-12-28,0,0,-0.029480686207648432,0
VMJ0147,2010-01-21,0,0,-27.484724413629465,0
PMC0328,2011-01-12,0,0,-18.3878484483987,0
KCO0122,2011-03-30,0,0,-8.905137268135832,0
FBA0348,2010-06-28,0,1,-26.975240582083075,0
JJH0292,2010-10-14,0,0,-1.404150611370028,0
KWC0004,2011-02-09,0,0,-24.70386073633904,0
MCF0327,2010-03-26,0,0,-5.782814244991755,0
FHO0630,2010-03-11,0,0,-5.693114059929599,0
NMF0780,2010-12-28,0,0,-20.291306403365866,0
SAH0599,2010-02-15,0,0,-0.4596809819545342,0
PLH0862,2010-07-09,0,0,-1.4745250924219135,0
CCW0031,2010-06-11,0,0,-24.434173191614036,0
DIB0285,2010-02-05,0,1,-18.384985976131702,0
PRM0740,2010-07-14,0,0,-7.363854789888819,0
SHR0334,2010-06-18,0,0,-18.76610081770889,0
LHL0309,2010-04-06,0,0,-3.79211603527267,0
CAA0612,2010-09-29,0,0,-6.253908635209882,0
CJG0470,2010-02-02,0,0,-0.029480686207648432,0
CNE0352,2010-06-01,0,0,-15.414159394432204,0
AMH0464,2010-10-21,0,0,-1.4904878636043577,0
AMH0794,2011-01-26,0,0,-11.672189651730719,0
MKW0441,2010-10-05,0,0,-16.96564928264513,0
RKD0604,2010-05-06,0,1,-5.299789568227425,0
ADD0846,2010-04-13,0,0,-2.0903255814213253,0
THR0873,2010-08-17,0,0,-2.427575765373035,0
BBH0810,2010-10-25,0,0,-27.569589628981703,0
PES0085,2010-11-03,0,0,-29.198371905836098,0
JMK0099,2010-10-07,0,0,-8.425235543574445,0
SSH0799,2010-07-27,0,0,-19.271110319274612,0
FQA0854,2010-08-06,0,0,-2.808661560761834,0
ADF0397,2010-03-11,0,0,-9.736374275824119,0
ALB0892,2010-06-22,0,0,-21.741885558658282,0
WPR0368,2010-12-06,0,0,-20.548670355136665,0
TSR0676,2010-10-14,0,0,-23.614911305584315,0
DBG0261,2010-03-15,0,0,-19.290842699556833,0
ESH0135,2011-05-09,0,0,-0.029480686207648432,0
HLM0933,2010-11-05,0,0,-7.983897186445233,0
YDN0198,2010-08-04,0,0,-28.119590390229064,0
AOK0844,2010-12-15,0,0,-1.5794869891409462,0
MHG0244,2010-03-01,0,0,-14.606297734477039,0
HBO0413,2010-12-02,0,1,-6.030343358958362,0
CWB0065,2010-03-09,0,0,-24.58552506882495,0
AHC0142,2010-02-08,0,0,-27.511069113609665,0
MCF0327,2010-12-21,0,0,-5.664242749540676,0
AOB0019,2010-05-26,0,0,-19.70164203941613,0
AMM0014,2010-10-21,0,0,-18.01348047421186,0
CFM0767,2010-06-14,0,0,-21.51994785334091,0
ELT0769,2010-10-04,0,0,-21.857797544538244,0
SLP0762,2010-11-29,0,0,-19.702035869044494,0
PID0426,2010-09-15,0,0,-13.825701763503844,0
JJH0292,2010-07-07,0,0,-1.9297300539783464,0
AKH0758,2010-05-25,0,0,-20.88987158352893,0
KJJ0293,2011-01-07,0,0,-2.772807510643702,0
EBC0390,2010-07-21,0,0,-21.234110097840926,0
OJK0233,2010-04-21,0,0,-10.907995629464267,0
RAM0447,2010-08-28,0,0,-3.7667857857776426,0
EHD0584,2010-01-27,0,1,-3.765411702799156,0
ZJE0857,2011-03-28,0,0,-5.514510460438373,0
JPW0741,2010-10-01,0,0,-3.130053469998188,0
WIQ0567,2010-02-25,0,0,-26.35832956940476,0
HKR0628,2010-07-09,0,0,-7.305214074260562,0
NAF0033,2010-11-16,0,0,1.6635694770926648,0
KLM0639,2010-06-01,0,0,-18.983158103150572,0
DRR0242,2010-04-11,0,0,-27.39650650684291,0
RSC0089,2010-04-01,0,0,-11.762215761059451,0
NRD0548,2010-10-19,0,0,-0.3856151983629843,0
RVF0201,2011-02-11,0,0,-27.220054012470428,0
NSC0597,2010-09-01,0,0,-0.029480686207648432,0
KSH0569,2011-04-06,0,0,-5.702846688535146,0
JDC0030,2011-03-25,0,0,-24.520065245562932,0
SCP0130,2010-11-15,0,0,-3.993162834742634,0
BBS0422,2011-03-03,0,0,-9.44593950420483,0
QJR0688,2010-07-14,0,0,-25.46535366801254,0
JJH0292,2010-04-02,0,0,-1.2191903865591485,0
AIP0394,2010-07-28,0,0,-2.222394402068744,0
DBG0261,2010-04-08,0,0,-18.443850076850936,0
DMK0257,2011-04-07,0,0,-7.396004880717783,0
WGS0516,2010-12-15,0,0,-19.849755086682308,0
HDS0367,2010-09-08,0,0,-19.28694644391601,0
ORB0473,2011-01-04,0,0,-0.4596809819545342,0
NNA0610,2010-05-12,0,0,-3.364646005425925,0
SOF0808,2011-02-02,0,0,-29.009035286361495,0
JKB0126,2010-04-27,0,0,-18.257149539852435,0
MOS0047,2010-04-28,0,1,-16.277150688554002,0
BNG0237,2010-02-18,0,0,-1.291317032308939,0
RAS0432,2011-02-21,0,0,-13.043878771796926,0
MLG0475,2010-10-13,0,0,-0.9964347838972571,0
MTB0620,2011-02-02,0,0,-0.5950149887254383,0
IKP0472,2010-11-21,0,0,-1.1707477514834181,0
TJD0996,2010-02-05,0,0,-20.246917395229843,0
UBF0645,2010-12-20,0,0,-20.553084951153778,0
HVF0067,2011-03-01,0,0,2.782073790543336,0
CAS0507,2011-05-04,0,0,-21.791207750426224,0
LBH0942,2010-08-23,0,0,-1.4626715796262033,0
JCG0316,2010-08-24,0,0,-3.47946265063581,0
OSH0655,2010-05-24,0,0,-21.923345095148534,0
HLM0933,2010-12-01,0,0,-6.730098155071801,0
JDF0593,2011-03-25,0,0,-5.268930009672204,0
ELH0960,2010-09-21,0,0,-1.4904878636043577,0
IJW0851,2011-01-28,0,0,-4.301556614278979,0
SJF0094,2010-03-09,0,0,-9.6851211171861,0
CKP0721,2011-02-02,0,0,-1.2591644484622293,0
WKF0012,2010-05-27,0,0,-19.639905176730394,0
RCC0617,2010-04-07,0,0,-5.755945275245153,0
JCR0921,2011-03-25,0,0,-12.687288341937801,0
CJM0521,2010-06-12,0,0,-18.017565708489883,0
BLL0929,2010-02-04,0,0,-24.932233444519625,0
MDM0625,2010-01-27,0,0,0.10184660412096491,0
CQH0701,2010-10-08,0,0,-0.9431118171253274,0
CLB0774,2011-04-28,0,0,-19.11123366253196,0
NGO0690,2010-06-01,0,0,-6.756188150194134,0
DPM0423,2010-12-14,0,0,-22.478538173875677,0
RAM0447,2010-12-02,0,0,-4.551470869348577,0
AAN0823,2010-02-25,0,0,-0.22543925009529175,0
CKB0482,2010-07-27,0,0,-8.764263726053514,0
AJD0074,2010-02-23,0,0,-27.514972856036024,0
XBN0229,2010-02-08,0,0,-22.55182779214408,0
TIW0299,2010-12-06,0,0,-0.029480686207648432,0
BHC0665,2011-01-27,0,0,-19.45486778544,0
PGC0066,2011-02-18,0,0,-27.738715636786196,0
JBD0616,2010-02-15,0,0,-3.156802207880787,0
KAL0395,2011-02-23,0,0,-27.57440427074971,0
KCS0173,2010-09-22,0,0,-4.141028306652061,0
MNS0224,2010-10-04,0,0,-22.31684374889153,0
OYM0026,2010-03-15,0,0,-3.750720502502304,0
COF0120,2010-09-02,0,0,-27.743327187214618,0
MNC0717,2010-11-24,0,0,-2.9675653200849865,0
KVS0425,2010-03-12,0,0,-10.521809522353692,0
MMB0488,2010-03-22,0,0,-8.66983098605067,0
SBQ0786,2010-12-28,0,0,14.872374721975007,1
IWM0816,2010-01-07,0,0,-5.550974435990497,0
JAD0609,2011-03-22,0,0,-5.637241209855915,0
LQP0508,2010-09-21,0,0,-19.900377560808693,0
HWW0436,2010-03-24,0,0,-11.111028038919812,0
CAM0681,2010-12-09,0,0,-24.947023149299298,0
TLH0648,2010-02-09,0,0,-20.808478574865035,0
VEB0935,2010-05-07,0,0,-25.41789579894362,0
NSS0876,2010-02-05,0,0,-3.83265083608876,0
MLL0598,2011-03-08,0,0,-3.8579330120483064,0
RLB0719,2010-11-04,0,0,-0.22543925009529175,0
NWK0215,2010-09-02,0,0,-0.35953668949412076,0
WKF0012,2010-07-02,0,0,-17.382836838239655,0
IIA0092,2011-01-26,0,0,-2.598222550153082,0
SCB0534,2011-03-01,0,0,-19.88698136452581,0
ASD0577,2010-07-21,0,0,-2.2832896928276796,0
KCO0122,2010-12-08,0,0,-8.470430826296251,0
MLM0950,2010-08-13,0,0,-1.0389798031937971,0
HSG0818,2011-04-13,0,0,-28.84952026644521,0
SGG0787,2011-05-11,0,0,-25.587246451706847,0
JRL0574,2011-05-03,0,0,-1.404150611370028,0
BBG0325,2010-08-12,0,0,-4.912903002663484,0
SAB0781,2010-02-08,0,0,-20.865473108939113,0
JPW0741,2011-05-06,0,0,-5.886572679375263,0
TNM0961,2010-05-24,0,1,-1.7353332423490428,0
MHG0733,2010-06-09,0,0,-6.2588408492272265,0
GRC0145,2010-01-08,0,0,-27.684247247378266,0
DRR0162,2010-07-29,0,1,-27.389802962538056,0
CNM0800,2011-03-30,0,0,-22.63566685234855,0
ESJ0670,2010-11-19,0,0,-22.910698439121916,0
MSS0001,2011-01-17,0,0,-16.994923851582143,0
RKF0164,2011-02-15,0,0,-21.07218620557296,0
ASV0946,2010-04-22,0,0,-0.9431118171253274,0
RHO0732,2010-05-21,0,0,-1.3155366709148666,0
JTS0389,2010-07-07,0,0,-22.432810798437345,0
LAP0338,2011-03-01,0,0,-19.226613609187552,0
BVN0514,2010-05-27,0,0,-22.017591307112866,0
JSH0330,2010-04-20,0,0,-19.65601959402113,0
ENC0234,2010-10-28,0,0,-9.030757219439693,0
LLV0602,2010-02-12,0,0,-6.115659236970828,0
RRP0568,2010-05-14,0,0,-23.856509736972157,0
SNS0129,2010-05-24,0,0,-26.91387704383874,0
MLL0598,2010-07-15,0,0,-4.440881245152127,0
OLW0689,2010-10-20,0,0,-3.8717443140672003,0
TPH0474,2010-07-27,0,0,-0.4596809819545342,0
JJB0127,2011-04-04,0,0,-14.608493743757776,0
CKB0427,2010-01-18,0,0,-14.512943396196079,0
WSR0241,2011-03-21,0,0,-29.10763723199375,0
JJB0127,2010-10-12,0,0,-20.052260020506765,0
MAR0955,2010-07-28,0,1,-1.2591644484622293,0
AGB0643,2011-01-04,0,0,-19.382456679921688,0
JPW0741,2011-02-09,0,0,-6.488904335334041,0
BTL0722,2010-04-06,0,0,-0.22543925009529175,0
MAD0753,2010-06-09,0,0,-4.671251520099759,0
CCW0524,2010-08-31,0,0,-21.741885558658282,0
IAR0694,2011-03-09,0,0,-25.4686781292246,0
NGC0058,2011-04-21,0,0,-4.657610596448308,0
CLS0296,2010-10-06,0,0,-2.2832896928276796,0
ESH0135,2010-03-05,0,0,-0.4596809819545342,0
MOH0273,2010-02-15,0,0,-17.362929498147537,0
CLB0774,2011-01-27,0,0,-22.067515526815896,0
BAM0611,2011-01-17,0,0,-7.186168543137001,0
MYD0978,2010-09-28,0,1,-20.31748601151469,0
MKG0711,2010-07-09,0,0,5.1538075130462175,0
HAD0246,2010-08-30,0,0,-17.793947056900265,0
ECR0822,2010-08-23,0,0,-0.9964347838972571,0
USH0199,2011-04-26,0,0,-19.021969815663738,0
AHD0848,2010-10-26,0,0,-1.4202651581832697,0
CIG0052,2010-03-08,0,0,-28.23974904672923,0
HDL0748,2010-08-24,0,0,-8.147417265159902,0
JJB0700,2010-06-04,0,0,-1.3883418056542496,0
RAH0440,2010-06-08,0,0,-19.014476202674132,0
LOF0311,2010-08-19,0,0,-3.3555336974995953,0
PDH0716,2010-07-23,0,0,-4.029387218315264,0
CRP0456,2011-02-21,0,0,5.1538075130462175,0
SAH0599,2010-11-08,0,0,-0.7224114404158399,0
RDT0424,2010-11-29,0,0,-5.996636432844525,0
JMD0520,2010-02-08,0,0,-19.04081164447382,0
PKB0281,2010-02-22,0,0,-18.268699434762993,0
CAB0614,2010-05-07,0,0,-2.04295857731438,0
RLB0719,2010-06-04,0,0,-0.7064905313396821,0
KKW0879,2010-05-22,0,0,0.28497351228713796,0
EWH0191,2010-05-11,0,0,-26.968357299535228,0
CCW0031,2010-05-25,0,0,-27.717256282457015,0
MCJ0324,2010-06-18,0,0,-4.532586045897347,0
CRO0027,2010-06-04,0,0,-6.18525159149317,0
CAM0681,2011-03-03,0,0,-25.871669264932393,0
SGM0021,2010-09-03,0,0,-23.118378110612298,0
GNZ0953,2010-09-08,0,0,-1.765124657373235,0
LRW0970,2011-02-24,0,0,-0.9964347838972571,0
BAM0611,2010-10-28,0,0,-4.878442556895493,0
UAD0771,2010-03-15,0,0,-18.79969279517013,0
CJM0521,2011-03-08,0,0,-19.673200813695757,0
SIJ0661,2010-05-03,0,0,14.698480549782516,1
VCY0751,2011-04-14,0,0,-8.237225539452993,0
LPC0492,2011-04-07,0,0,-5.986447299136216,0
CJK0200,2010-07-01,0,0,-1.4912384952457387,0
ELH0960,2010-11-01,0,0,-1.0498541092994174,0
GDF0704,2011-04-14,0,0,-2.22460976006937,0
LAP0338,2010-10-10,0,0,-15.675108658564568,0
EGK0893,2010-05-24,0,0,-17.510549505417544,0
NAB0903,2011-05-03,0,0,-20.969850140655353,0
OQH0183,2010-08-04,0,0,-18.76610081770889,0
AMH0464,2010-08-30,0,0,-0.029480686207648432,0
AJP0723,2010-03-03,0,0,-0.9964347838972571,0
LHL0309,2011-01-18,0,0,-6.522276096564269,0
KVS0425,2010-08-02,0,0,-11.49328233187964,0
WGS0516,2010-06-23,0,0,-15.501301409906887,0
CSL0949,2010-05-03,0,0,-0.22543925009529175,0
ORB0473,2010-11-08,0,0,-1.2191903865591485,0
FEB0306,2011-01-10,0,0,0.6713121801916486,0
RHP0484,2010-08-12,0,0,-7.987858877944404,0
AHM0410,2011-03-03,0,0,-3.3385357595665255,0
ZJE0857,2010-10-11,0,0,-4.466134717772206,0
ALD0544,2010-08-04,0,0,1.5294353389732578,0
HBO0413,2010-03-16,0,1,-5.136314563609744,0
RUM0880,2010-09-01,0,0,-1.927837468358348,0
JDF0593,2010-06-24,0,0,-2.812380908681348,0
LBC0356,2010-07-22,0,0,-21.039479692452915,0
ASL0378,2011-01-28,0,0,-22.48031006638314,0
BRM0995,2011-04-01,0,0,-9.600215693538303,0
TBT0461,2010-08-09,0,0,-0.4596809819545342,0
LAP0338,2011-02-03,0,0,-19.965465412018375,0
ARL0034,2010-05-11,0,0,2.097857052705649,0
BHC0665,2010-03-02,0,0,-17.579025514803334,0
DLM0051,2011-03-21,0,0,-11.767588978185358,0
NKH0807,2010-03-05,0,0,-28.00861421789557,0
KMS0657,2011-03-29,0,0,-20.034807572132195,0
JDB0169,2010-01-22,0,0,-0.029256885798986332,0
BAM0611,2010-02-10,0,0,-6.766721082527397,0
JFC0557,2011-04-19,0,0,-0.26431457036392203,0
SAH0599,2010-10-13,0,0,-0.4596809819545342,0
UAD0771,2011-01-05,0,0,-21.1410347310524,0
BAM0636,2010-09-16,0,0,-20.84289894314793,0
DBW0483,2010-09-07,0,0,-5.153891466542291,0
YEV0793,2010-03-01,0,0,-23.581884574757964,0
JZD0888,2011-01-17,0,0,-21.335937955741997,0
CLS0296,2010-04-22,0,0,-0.4596809819545342,0
MMG0943,2011-04-01,0,0,-7.864274956671579,0
AOB0019,2010-12-29,0,0,-20.441667866338662,0
RHO0732,2010-05-10,0,0,-2.8617602798856296,0
MVB0515,2010-11-19,0,0,-19.106904587452505,0
JKM0303,2010-05-21,0,0,-0.4596809819545342,0
HRL0540,2010-03-25,0,0,-8.107223469866312,0
CXC0336,2010-03-01,0,0,-20.52563808616219,0
AIP0982,2010-01-08,0,0,-20.34636782326936,0
TEM0977,2010-10-21,0,0,-21.337512623296107,0
TJD0996,2010-04-21,0,0,-18.648438438895937,0
DSB0731,2010-08-11,0,0,-7.384576234477436,0
HOB0994,2010-11-17,0,0,-9.415679802875957,0
CNE0352,2011-03-09,0,0,-15.701180596532708,0
HFB0347,2010-10-01,0,0,-18.389787199061857,0
HIW0536,2010-06-04,0,0,11.288323201070739,1
CCR0863,2010-11-09,0,0,-4.84252174896767,0
ARA0252,2010-07-22,0,0,-17.964369555770077,0
SXM0895,2010-06-02,0,0,-18.36354071104654,0
FMG0527,2010-03-10,0,1,-19.850594406270375,0
TSG0906,2011-03-25,0,0,-20.45010588107789,0
TOR0193,2010-05-26,0,0,-27.11038693917783,0
CQH0701,2010-03-01,0,0,-0.3858800300046141,0
AAV0450,2010-02-01,0,0,-2.2832896928276796,0
ABH0663,2010-03-24,0,0,-2.16598538461767,0
JMH0543,2010-05-10,0,0,-22.92170386988539,0
DCH0843,2010-03-24,0,1,-0.7369174506420677,0
CKD0680,2010-02-08,0,0,-22.65343364728642,0
KPR0497,2010-07-07,0,0,-5.31808822991718,0
TDS0984,2011-02-02,0,0,-22.11437019820403,0
CKD0680,2010-09-23,0,0,-22.259580422870954,0
NNA0610,2010-05-19,0,0,-4.071020525825247,0
LAF0991,2010-07-12,0,0,-11.100233851592066,0
XAA0104,2010-01-25,0,0,-21.68877849210935,0
LFS0071,2010-09-22,0,0,-10.47327011889206,0
CPG0322,2010-04-21,0,0,-3.9212389737818967,0
KRV0372,2010-11-12,0,0,-20.524112602602827,0
LRW0970,2010-05-27,0,0,-1.909252995191423,0
CMB0912,2010-09-01,0,0,-25.377093645251193,0
BSS0369,2010-07-19,0,1,-23.610890940731906,0
AMW0392,2010-01-27,0,0,-27.439609047329327,0
JML0909,2010-07-26,0,0,-21.308679646671635,0
KAT0489,2010-09-24,0,0,-7.36126376333641,0
SAB0781,2010-05-03,0,0,-18.986528697332915,0
TTD1000,2010-07-19,0,0,-20.13166088419632,0
RVF0201,2010-03-08,0,0,-26.925463994207007,0
BTL0722,2010-03-30,0,0,-0.9964347838972571,0
ZMC0284,2010-05-05,0,0,-18.648720306378664,0
BTW0005,2011-04-14,0,0,-23.950846727023418,0
YJV0699,2010-03-23,0,0,-1.1260412373189865,0
BJM0111,2010-02-15,0,0,-23.054203148267106,0
AIM0627,2010-04-14,0,0,-4.886011888276016,0
JKJ0698,2010-06-23,0,0,-1.2591644484622293,0
AMR0400,2010-04-27,0,0,-5.666171309081392,0
HAM0985,2011-04-13,0,0,-22.59361950450011,0
NGC0058,2010-11-12,0,0,0.8256855871329662,0
TQS0212,2010-10-08,0,0,1.8920626970509602,0
ICH0294,2010-08-02,0,0,-7.006527654503657,0
EIM0156,2011-03-24,0,0,-20.694466214800286,0
KJM0887,2010-08-04,0,0,-21.14364623941958,0
SOG0411,2011-02-01,0,0,-6.607119311755014,0
SBD0913,2010-12-22,0,0,-1.601167880066896,0
HAH0248,2010-12-02,0,0,-18.832823914137066,0
EGD0132,2010-01-14,0,1,-5.063620018290294,0
HDD0806,2011-04-17,0,0,-9.632716518250731,0
SCP0130,2010-11-08,0,0,0.7635576316299648,0
ELB0847,2010-11-23,0,0,-3.140715268794338,0
WBC0315,2011-05-16,0,0,-4.501857568479636,0
AAV0450,2011-01-07,0,0,-0.3858800300046141,0
PDW0259,2010-08-03,0,0,-18.74571844552463,0
HDJ0446,2010-11-30,0,0,-0.4596809819545342,0
LAP0338,2010-04-16,0,0,-19.699822862837436,0
BAH0875,2010-04-16,0,0,-5.017156921526521,0
RAG0275,2010-03-04,0,0,-18.81515807154915,0
MLG0475,2010-07-22,0,0,-0.7064905313396821,0
MIC0726,2010-10-15,0,0,-5.252615955780129,0
NAR0981,2010-01-05,0,0,-25.396684159542247,0
HDS0367,2010-11-09,0,0,-22.32712987488742,0
CMB0912,2010-01-20,0,0,-27.334823731705796,0
ELT0769,2010-01-12,0,0,-20.291306403365866,0
EFS0882,2010-07-29,0,0,-19.58276410720805,0
CCW0524,2011-02-14,0,0,-18.225591728224003,0
NWK0215,2010-09-20,0,0,4.6964612236995436,0
SVL0803,2010-05-24,0,0,-3.1505896636257376,0
PMJ0564,2010-09-01,0,0,-26.96095184340993,0
GCG0951,2010-05-10,0,0,-2.364499811103201,0
LCB0664,2011-04-13,0,0,-25.96327415029566,0
LQP0508,2010-05-03,0,0,-20.154943938043402,0
JSA0775,2011-01-25,0,0,-17.67225372458745,0
NJB0243,2011-01-05,0,0,-18.442854805847674,0
CWB0065,2010-01-07,0,0,-25.12065544378754,0
FEB0306,2010-08-17,0,0,-4.482165991562852,0
RJM0381,2010-11-19,0,0,-16.077419117085924,0
ESH0135,2010-12-28,0,0,-0.7224114404158399,0
BCR0581,2010-07-08,0,0,-3.2683919445329366,0
TSG0906,2011-02-24,0,0,-19.396876145609554,0
BAL0044,2010-01-04,0,0,-16.578445370192412,0
JKJ0698,2010-06-01,0,0,-0.9964347838972571,0
PLH0862,2011-04-27,0,0,-4.351700983194291,0
GZB0469,2010-03-15,0,0,-0.9603885267399619,0
NCK0295,2010-02-09,0,0,-0.4596809819545342,0
BTW0005,2010-01-28,0,0,-26.099677277022465,0
CBB0365,2010-06-24,0,0,-22.743091555786236,0
LCD0622,2010-06-03,0,0,-7.812239158320608,0
CCH0182,2010-02-26,0,0,-19.600212087821774,0
BLL0929,2010-03-25,0,0,-26.000626807371304,0
YJF0532,2010-03-11,0,0,-21.0505857399354,0
LNR0656,2010-09-23,0,0,-21.029561126627073,0
RRA0938,2011-04-13,0,0,-4.7503376238388455,0
TCD0009,2011-05-11,0,0,-25.305322714965428,0
MIC0726,2010-02-15,0,0,-6.35440401767994,0
CAN0842,2010-02-15,0,0,-0.9964347838972571,0
UCH0519,2010-01-25,0,0,-20.291306403365866,0
AOK0844,2010-02-02,0,0,-1.9109707501006596,0
MAW0166,2010-04-05,0,0,-24.826954210846907,0
CFM0767,2011-04-01,0,0,-18.682179345793998,0
CGF0337,2010-10-26,0,0,-19.365602092612107,0
HWY0038,2010-02-10,0,0,-22.41108597749576,0
RJM0381,2010-01-13,0,0,-23.50423315974558,0
MFV0897,2010-01-07,0,0,-21.387727140010725,0
CJK0200,2011-05-10,0,0,-0.5306149711103672,0
CEL0561,2011-02-25,0,0,-28.5087836828111,0
WKD0013,2010-01-15,0,0,-19.445082226803834,0
KNB0022,2010-12-28,0,0,-21.64359483584019,0
GDF0704,2011-03-22,0,0,-1.765124657373235,0
SBK0161,2010-02-08,0,0,-21.48839031602222,0
NCE0097,2010-11-01,0,0,-5.114564076409351,0
NSC0597,2010-11-10,0,0,-0.4596809819545342,0
NBC0412,2011-01-17,0,0,-7.170792528154834,0
CKB0482,2011-01-24,0,0,-6.291085976237696,0
RHO0732,2010-05-24,0,0,-1.9579200358371054,0
HPH0075,2010-05-24,0,0,-10.6056861405998,0
WNB0908,2010-02-18,0,0,-19.35631405932122,0
EMB0531,2010-12-16,0,0,-22.02831317222069,0
MDM0976,2010-03-24,0,0,-20.44625703150166,0
BMT0528,2011-04-01,0,0,-20.35950918001629,0
KDS0349,2010-02-12,0,0,14.196721885648344,1
WTR0563,2010-01-14,0,0,-23.87807830872714,0
KSH0569,2010-06-17,0,0,-7.894018772557615,0
HDD0806,2010-05-06,0,0,-10.968385975720139,0
SAC0687,2010-09-15,0,0,-26.291560987262528,0
BSA0431,2011-03-23,0,0,-11.247017637756926,0
TEM0977,2010-03-17,0,0,-20.396656396575167,0
SDO0170,2010-10-14,0,0,-3.526064349399576,0
MKL0941,2010-04-26,0,0,-3.327856707025603,0
HSD0457,2011-02-16,0,0,-0.7224114404158399,0
HCW0419,2011-03-03,0,0,-21.445619763959257,0
SIJ0661,2010-03-11,0,0,15.876674424802673,1
COM0321,2011-01-06,0,0,-3.0355701826183576,0
IMB0481,2010-11-09,0,0,-7.927910966878585,0
SVL0940,2011-05-03,0,0,-11.787614843756046,0
EIM0156,2010-11-09,0,0,-19.581912165384324,0
ATP0662,2010-09-29,0,0,-24.833838460566426,0
DPS0262,2010-03-19,0,0,-19.990421642269894,0
NJB0243,2010-02-26,0,0,-18.880040712046366,0
QNP0216,2010-05-13,0,0,-20.659319911769558,0
ZSB0649,2010-12-01,0,0,-20.736071902906247,0
ICH0294,2011-01-04,0,0,-3.9128828010664165,0
LPC0492,2010-04-23,0,0,-4.516171563507214,0
JLW0053,2010-03-11,0,0,16.05854877064985,1
MFV0897,2011-01-13,0,0,-19.88698136452581,0
DSM0591,2010-01-04,0,0,-0.7224114404158399,0
EDB0714,2010-12-06,0,1,-2.6767941498244454,0
JDC0030,2010-11-11,0,0,-28.368405514251094,0
BCM0653,2011-03-09,0,0,-19.309619787597853,0
DBW0483,2010-03-23,0,0,-4.411512346436666,0
MCT0720,2010-09-21,0,0,-1.0498541092994174,0
IEB0153,2010-01-07,0,0,-1.3611534611770821,0
SLP0762,2010-06-17,0,0,-22.300056690424185,0
GNZ0953,2010-02-25,0,0,-1.5794869891409462,0
MHG0733,2010-02-04,0,0,-6.295365917775484,0
AHM0410,2010-07-06,0,0,-2.386375046530361,0
LJJ0905,2010-05-21,0,0,-19.31173375273977,0
WDD0366,2010-10-07,0,1,-22.07756554702246,0
CCM0855,2010-11-03,0,0,-5.610674742640754,0
NAF0326,2011-04-01,0,0,-2.0409565045637237,0
RRP0568,2010-08-26,0,0,-22.952363473534888,0
TNM0961,2010-04-19,0,1,-2.681842503369012,0
UJC0737,2010-02-15,0,0,-7.030155198115494,0
KWC0004,2011-02-28,0,0,-23.101878044453656,0
FRL0511,2011-02-08,0,0,-21.14364623941958,0
BLB0114,2010-07-15,0,0,-14.605757452696935,0
IMG0320,2010-11-09,0,0,-5.114486427789302,0
KBP0008,2011-03-22,0,0,-23.78458779910693,0
NAH0503,2010-02-13,0,0,-3.6642958747266903,0
HBB0056,2010-08-13,0,0,-23.59372661493569,0
HLM0933,2011-04-18,0,0,-6.7852463170211195,0
WPE0538,2011-04-20,0,0,-0.2326044392669928,0
RKF0164,2010-11-03,0,0,-22.767284724606498,0
RGN0408,2010-04-01,0,0,-2.430929067225975,0
CSL0949,2011-01-03,0,0,-1.0498541092994174,0
WBC0315,2011-05-06,0,0,-4.420338877049403,0
KMB0922,2011-02-03,0,0,-22.554335458399464,0
LDB0090,2010-09-13,0,0,-26.693326907383266,0
BYP0070,2010-05-25,0,0,-7.776158840193489,0
AAL0706,2011-04-04,0,0,-1.1260412373189865,0
EMW0105,2010-07-21,0,0,-27.27925291335532,0
RDM0150,2010-01-13,0,0,-3.5246357342109604,0
MDH0686,2010-07-07,0,0,-6.63569093476633,0
NOB0181,2010-05-18,0,0,-18.26267776840041,0
TDS0984,2010-08-07,0,0,-24.07465199826879,0
HCC0344,2011-03-08,0,0,-19.47198526733939,0
BQS0525,2010-02-03,0,0,-23.637990344599757,0
MMG0943,2010-07-19,0,0,-5.921511845461623,0
CCR0863,2011-01-11,0,0,-4.135880914734685,0
SOG0411,2011-04-21,0,0,-7.412498380218153,0
WDV0573,2010-05-13,0,0,-1.5922265419379755,0
JSH0330,2010-06-07,0,0,-18.510574738029504,0
KPR0497,2011-05-03,0,0,-5.808819994592454,0
AJD0074,2011-04-28,0,0,-28.242967139725806,0
IBS0836,2010-04-29,0,0,-2.959420495691461,0
ONL0276,2010-06-30,0,0,-25.40720488582258,0
AMR0400,2011-05-04,0,0,-6.750334490705541,0
CFW0264,2010-02-08,0,0,-9.770027947336757,0
NMS0280,2010-03-08,0,0,-18.275656716799745,0
FSC0601,2010-03-18,0,1,-2.973167061199206,0
IIA0092,2010-07-27,0,0,-7.590239056254177,0
NAB0903,2010-02-09,0,0,-21.741885558658282,0
LPC0492,2011-04-04,0,0,-7.830859400458394,0
GTD0898,2010-04-01,0,0,-21.14364623941958,0
JCR0770,2010-08-11,0,0,-19.88698136452581,0
IMP0530,2010-04-12,0,0,-21.857797544538244,0
GCS0518,2011-01-21,0,0,-22.017591307112866,0
KAL0395,2011-04-19,0,0,-27.866810347485284,0
EJW0884,2010-01-08,0,0,-19.830551687494108,0
CJH0702,2010-05-20,0,0,-0.7064905313396821,0
AAL0706,2010-06-17,0,0,-0.7369174506420677,0
FWM0707,2010-09-27,0,0,-2.3067309677462617,0
YEV0793,2010-01-08,0,0,-23.208717332799097,0
HGN0287,2010-01-21,0,0,-14.681293410541116,0
NGC0058,2011-02-03,0,0,0.13857752005708335,0
JER0404,2010-12-28,0,0,-6.730123590346011,0
EIS0041,2010-05-21,0,0,-15.02915539323385,0
ILH0958,2010-11-18,0,0,-4.860587061340198,0
GZB0469,2011-01-04,0,0,-3.2683919445329366,0
MSD0939,2010-12-28,0,0,-29.240233034269068,0
NCE0097,2010-05-03,0,0,-5.732988577904848,0
RLG0856,2010-03-17,0,0,-6.419979885935504,0
HCL0113,2010-04-30,0,0,-10.86512694559815,0
JDC0030,2010-09-03,0,0,-22.82495325244588,0
KVT0028,2010-03-29,0,0,-4.53376654517831,0
BVC0790,2011-03-10,0,0,-19.538327641097112,0
KPP0452,2010-05-10,0,0,-0.029480686207648432,0
BAK0964,2010-06-11,0,0,-0.9964347838972571,0
KMW0545,2011-02-28,0,0,-12.163005749077229,0
LNR0656,2010-08-11,0,0,-18.87022359573291,0
HLM0933,2011-02-28,0,0,-4.0174049314522335,0
AKR0057,2010-07-16,0,1,-25.353142810363806,0
ESJ0670,2010-05-26,0,0,-22.130024109351552,0
SAT0194,2011-04-15,0,0,-0.6457998512879612,0
FRL0511,2010-09-27,0,0,-22.017591307112866,0
FSB0399,2011-04-27,0,0,-4.993292265183868,0
TRK0914,2010-02-18,0,0,2.2205535776028,0
ANP0555,2010-04-28,0,0,-0.7949851807783261,0
BHC0665,2011-02-08,0,0,-19.577795363643304,0
PSF0133,2010-01-06,0,1,-4.039282822399969,0
RYB0718,2011-03-22,0,0,-3.2814880105289603,0
POB0343,2010-06-02,0,0,-19.894673940187545,0
DRR0162,2010-08-06,0,1,-23.31731031694642,0
MIM0712,2010-11-12,0,0,-0.9964347838972571,0
KES0729,2010-03-24,0,0,-4.911444014834615,0
YDN0198,2010-04-28,0,0,-26.38962828094509,0
ELH0960,2011-02-10,0,0,-3.540148131093815,0
NMG0766,2010-03-12,0,0,-22.405398223773545,0
CBB0365,2010-01-07,0,0,-22.2360411411654,0
NDM0417,2010-10-12,0,0,-23.88852171024473,0
NRD0548,2010-08-25,0,0,-2.791319730037685,0
EIP0997,2010-06-03,0,0,-17.79296153311384,0
BSB0990,2010-08-12,0,0,-7.909942081670351,0
RVF0201,2011-02-21,0,0,-22.310335606135368,0
ECL0930,2010-01-29,0,0,-26.185175633894687,0
ELB0847,2011-02-08,0,0,-0.3858800300046141,0
KRM0541,2011-02-11,0,0,-22.675591282829146,0
ABH0663,2010-12-22,0,0,-1.2172604317554487,0
WDD0366,2010-07-13,0,1,-19.906788251238027,0
MAD0753,2010-10-05,0,0,-4.482808453450616,0
CCM0136,2010-09-10,0,0,-5.048262100284319,0
KES0729,2010-07-02,0,0,-6.204732318927199,0
TAC0300,2011-01-07,0,0,-1.2018865578410214,0
KRV0372,2011-03-01,0,0,-22.241837551303206,0
QSV0778,2010-09-10,0,0,-19.88698136452581,0
NCE0097,2010-12-08,0,0,-5.748502801619452,0
CAA0612,2010-07-13,0,0,-7.542277012663249,0
MFV0897,2010-04-07,0,0,-19.591256246888634,0
EZT0640,2010-05-25,0,0,-18.13786249142106,0
ILR0304,2010-09-22,0,0,-0.4596809819545342,0
CAS0507,2011-04-05,0,0,-20.435100754961695,0
RAS0432,2011-04-14,0,0,-14.898593072844278,0
SMH0291,2010-07-28,0,0,-2.0877617905214265,0
TTD1000,2010-03-02,0,0,-17.92260230049169,0
MAR0955,2010-09-15,0,1,-1.112927565131713,0
CAB0614,2010-07-22,0,0,-1.9520725152095793,0
KJJ0293,2010-03-15,0,0,-1.23947277238085,0
HTH0007,2011-04-25,0,0,-23.569470778439154,0
JPW0741,2010-01-07,0,0,-5.3758176002513665,0
BTW0005,2010-01-27,0,0,-27.080796124033668,0
CAA0612,2010-01-07,0,0,-2.3094538614509474,0
FAW0032,2010-06-04,0,1,-24.411154606636615,0
CCM0136,2010-03-31,0,0,-2.8850906314054328,0
DBW0483,2010-05-06,0,0,-5.912019688435521,0
MHG0244,2010-01-06,0,0,-18.892063505114606,0
CAM0102,2010-09-09,0,0,-25.061621827965382,0
IHK0841,2010-07-13,0,0,-0.3858800300046141,0
IRT0491,2011-02-17,0,0,-5.480530530587885,0
SBN0866,2010-11-10,0,0,5.299142166701245,0
PTH0830,2010-07-09,0,0,-0.22543925009529175,0
XHG0902,2010-11-08,0,0,-21.440585778851982,0
BSA0431,2011-02-28,0,0,-10.453544284484906,0
JML0909,2010-12-10,0,0,-22.02831317222069,0
TLH0648,2010-03-10,0,0,-19.14080866265897,0
AIM0627,2010-08-30,0,0,-7.299920137233471,0
KJM0887,2011-01-21,0,0,-21.14364623941958,0
LHN0151,2010-11-24,0,0,-1.4386045791384277,0
HPM0986,2010-04-27,0,0,-18.492945572121357,0
FBW0747,2010-07-21,0,0,-5.119231586802584,0
BTW0005,2010-05-05,0,0,-23.189981530470845,0
PEV0323,2011-05-05,0,0,-7.684702596048169,0
GZB0469,2010-03-22,0,0,-0.3858800300046141,0
SMH0291,2010-10-02,0,0,-3.271578726405096,0
MCJ0324,2010-04-09,0,0,-4.628844208055057,0
WDV0573,2011-04-05,0,0,-6.391999057122348,0
CLS0296,2010-12-16,0,0,-0.7224114404158399,0
ALC0788,2011-02-17,0,0,0.8144016636919105,0
PGH0184,2010-09-28,0,0,-19.07592118510945,0
KAT0489,2010-05-19,0,0,-8.265922708486528,0
COF0120,2010-08-19,0,0,-28.97685610398446,0
FSC0601,2010-12-15,0,1,-4.872685635247535,0
GHH0288,2011-04-12,0,0,-2.923978891042111,0
ETR0428,2011-05-12,0,0,-13.347800720144278,0
ASL0378,2010-07-20,0,0,-21.995633449894967,0
GNS0178,2010-12-16,0,0,-19.717738610486094,0
KPR0497,2010-05-13,0,0,-6.677238066560108,0
DEB0782,2010-06-23,0,0,-21.335937955741997,0
JDB0169,2010-10-08,0,0,-4.222726282703434,0
TLM0797,2010-12-13,0,0,0.5852625169219436,0
BAJ0654,2010-07-26,0,0,-17.950998669880505,0
ARD0509,2010-05-06,0,0,-20.38367483047034,0
AAF0535,2010-04-19,0,1,-16.574908202255415,0
CEL0561,2010-10-18,0,0,-27.714405310660027,0
IUB0565,2010-09-13,0,1,-8.896801983556543,0
CTA0020,2010-05-19,0,0,-21.5030420313268,0
KPR0497,2010-08-03,0,0,-7.707629141407551,0
WDD0366,2011-01-03,0,1,-21.755680793721353,0
SOB0360,2010-03-26,0,0,-22.563958527731415,0
NUL0471,2011-03-11,0,0,-1.2137761885505824,0
MGS0974,2011-04-07,0,0,-21.787193626368207,0
JCR0921,2010-04-13,0,0,-11.661397993250603,0
SBD0913,2011-04-11,0,0,-0.6875440835461859,0
BAK0964,2010-02-24,0,0,-1.909252995191423,0
JJH0613,2010-11-23,0,0,-3.559010245107629,0
DKB0631,2010-07-12,0,0,-18.877282260083916,0
LQC0479,2010-03-09,0,1,-6.585589164976909,0
WIF0691,2011-03-23,0,0,-23.03507469456258,0
CRP0456,2010-07-06,0,0,-0.029480686207648432,0
WIQ0567,2010-10-13,0,0,-28.061601811895798,0
AMH0794,2010-06-04,0,0,-8.254369823846446,0
MDM0976,2010-11-10,0,0,-20.676951321483216,0
KMS0657,2010-08-05,0,0,-21.60860276657229,0
MDM0976,2010-01-06,0,0,-20.2503530978164,0
YJV0699,2010-10-28,0,0,-0.7369174506420677,0
ASD0577,2011-03-10,0,0,-0.4596809819545342,0
JCG0316,2010-05-26,0,0,-0.8189533498676838,0
ORM0669,2010-07-06,0,0,3.4468934927830333,0
GHL0460,2010-03-29,0,1,-0.9603885267399619,0
ALD0529,2010-10-27,0,0,-20.78053111880115,0
BIH0745,2010-01-19,0,1,-2.7270907895588152,0
HCL0113,2010-07-12,0,0,-11.9904771271365,0
AOK0844,2010-12-01,0,0,-0.5469389292630922,0
PRM0740,2010-09-07,0,0,-7.94714542666361,0
JTS0389,2010-11-04,0,0,-23.114697209129076,0
CRP0456,2010-04-20,0,0,-0.4596809819545342,0
SBD0913,2010-07-02,0,0,-1.4323474615268879,0
CKB0482,2010-01-28,0,0,-5.968555419392601,0
BTN0061,2010-03-05,0,0,-22.7827682724419,0
DLM0051,2011-03-31,0,0,-14.004155884302577,0
PDW0259,2011-01-28,0,0,-19.693219194964627,0
CBG0490,2010-05-04,0,0,-8.102196501919593,0
DMM0623,2011-04-06,0,0,-4.951528137846253,0
PGO0433,2010-08-27,0,0,-9.83893184896749,0
ABC0253,2010-01-04,0,0,-20.026051541705783,0
HAH0760,2010-10-27,0,0,-22.089232539132013,0
RAS0432,2010-08-17,0,0,-13.504118488558788,0
JLM0364,2011-01-11,0,1,-22.56157794513956,0
JTS0389,2010-08-03,0,0,-21.61780045090086,0
CLF0852,2010-03-16,0,0,-5.735158849952995,0
JCV0245,2010-01-29,0,0,-17.433725855196712,0
NJB0243,2010-01-14,0,0,-19.2165591673961,0
ATF0274,2010-08-24,0,0,-21.832905199485594,0
MIM0712,2010-10-27,0,0,-0.9964347838972571,0
AMD0077,2010-01-13,0,0,-12.774981422077303,0
JDB0169,2010-01-25,0,0,1.8177032703837313,0
JAM0382,2011-02-14,0,0,-22.342590579929265,0
FRR0832,2010-03-04,0,0,-2.3067309677462617,0
OSH0655,2011-02-07,0,0,-20.770102813937797,0
NAB0801,2010-11-17,0,0,-3.448592523514094,0
WPR0368,2010-04-09,0,0,-21.520544221158957,0
HOB0994,2010-12-06,0,0,-10.332491526332205,0
ALH0402,2010-08-05,0,0,-10.312511589318774,0
JOL0024,2010-07-29,0,0,-27.686899666998784,0
NJB0243,2010-11-24,0,0,-18.780823029517478,0
SVL0940,2010-02-25,0,0,-8.070025894311584,0
AHG0634,2010-08-06,0,0,-20.53515320963004,0
MHG0733,2011-02-22,0,0,-6.896628645430155,0
TVS0050,2010-02-15,0,0,-21.42236141596345,0
RNF0765,2010-08-31,0,0,-19.591256246888634,0
JDC0030,2010-09-05,0,0,-28.76151362570647,0
QPM0727,2011-03-09,0,0,-3.79124500988371,0
RHY0079,2010-07-06,0,0,-15.176484747254904,0
WTF0387,2011-01-10,0,0,-2.1426853894083706,0
KJS0618,2010-08-13,0,0,-6.558406706040046,0
PGC0066,2010-09-17,0,0,-25.977681631923133,0
GZC0735,2010-04-05,0,0,-5.904056844707384,0
IBS0836,2010-03-24,0,0,-3.0405678001640126,0
HVF0067,2011-03-25,0,0,-3.5609123874983197,0
ZDW0859,2010-02-26,0,0,-3.538246904740049,0
IMB0481,2010-09-27,0,0,-6.315552351085216,0
KCF0045,2011-02-07,0,0,-21.440087782245314,0
AAS0442,2010-03-10,0,0,-20.63309804352832,0
ZKS0899,2010-05-06,0,0,-22.485331799169217,0
WSR0241,2010-04-30,0,0,-29.386999892289282,0
DDA0476,2011-01-20,0,0,-7.021451908309814,0
CGB0637,2010-05-04,0,0,-16.976697151777103,0
BCR0581,2010-08-10,0,0,-1.3361854307088379,0
KRV0372,2011-04-04,0,0,-22.412888304583475,0
BLB0114,2011-05-09,0,0,-16.7672880555333,0
WVB0539,2010-10-20,0,0,-26.416777836975143,0
MHG0733,2010-09-30,0,0,-6.794797370231777,0
OYM0026,2011-04-15,0,0,-6.4450238815793455,0
PID0426,2010-03-05,0,0,-12.666824870685446,0
CWB0065,2011-05-03,0,0,-24.86312322566016,0
AAS0442,2010-02-03,0,0,-20.81061411270298,0
BNR0965,2011-01-17,0,0,-2.4616145822344606,0
QCH0110,2010-07-08,0,0,-22.405398223773545,0
SIJ0661,2010-12-14,0,0,12.227143308672794,1
CAA0612,2010-03-05,0,0,-4.282354407343746,0
ETR0428,2010-07-13,0,0,-7.806090783594868,0
UFK0208,2010-05-24,0,0,8.344587400259343,1
LHB0967,2011-02-03,0,0,-1.4904878636043577,0
MSO0222,2010-10-19,0,1,-20.1803795519113,0
LBF0214,2010-06-19,0,0,-1.4648852972566146,0
KVS0425,2010-07-02,0,0,-8.317529353869418,0
GAF0060,2010-03-25,0,0,-3.629745932187461,0
CHG0146,2010-04-01,0,0,-25.888614563925103,0
WLV0566,2010-08-06,0,0,-0.8194869801712912,0
TDJ0998,2010-08-03,0,0,-17.758184690619828,0
JKJ0698,2010-12-02,0,0,-0.22543925009529175,0
SNS0129,2010-08-06,0,0,-26.042756136141293,0
ROB0272,2011-01-12,0,0,-2.762632360666771,0
KAL0395,2010-10-15,0,0,-26.89653206446144,0
MKG0711,2010-12-06,0,0,-2.822060863980596,0
LNS0989,2011-04-14,0,0,4.672768688932933,0
KAT0489,2010-06-04,0,0,-8.549444355272158,0
HVF0067,2010-07-16,0,0,-5.150330572713756,0
SOB0586,2010-09-27,0,0,-1.2191903865591485,0
LJB0826,2010-07-07,0,0,-0.7369174506420677,0
HDJ0446,2011-02-15,0,0,-1.3883418056542496,0
GCG0951,2010-09-09,0,0,-1.861560402184864,0
SBN0866,2011-04-12,0,0,3.103867032416474,0
OKC0107,2010-04-09,0,0,-13.03338066940114,0
CCC0393,2010-01-29,0,0,-29.144033425360362,0
JOL0024,2011-01-04,0,0,-28.385701973557957,0
NMG0766,2010-01-11,0,0,-21.335937955741997,0
KDS0349,2010-08-25,0,0,18.158118834140055,1
SRH0155,2010-07-06,0,0,-28.515154050667093,0
CLB0774,2010-11-17,0,0,-21.89921286310266,0
WDD0366,2011-02-02,0,1,-21.78867990039612,0
WTR0563,2010-01-18,0,0,-29.309694981103007,0
NGO0690,2010-01-12,0,0,-10.535448399479037,0
EHD0584,2010-01-18,0,1,-1.5922265419379755,0
BMC0547,2010-04-22,0,0,-8.588854426040143,0
YJF0532,2010-09-28,0,0,-22.45382849047371,0
GTD0898,2010-07-12,0,0,-22.405398223773545,0
CKH0144,2010-07-16,0,0,-25.401320373272256,0
HIA0414,2011-04-01,0,0,-5.192655722108498,0
KCS0173,2010-10-22,0,0,-3.4676300210734325,0
CLH0703,2010-08-04,0,0,-2.822060863980596,0
FHO0630,2010-08-19,0,0,-1.409570164906313,0
GHH0288,2011-03-30,0,0,-4.736034848543341,0
MKL0941,2011-01-06,0,0,-5.656279995692216,0
YJF0532,2010-06-08,0,0,-22.02831317222069,0
MKP0861,2010-08-02,0,0,-3.397460168306793,0
JTM0223,2010-04-28,0,1,-20.943419325910895,0
GZC0735,2010-02-08,0,0,-6.955388557800347,0
ABH0663,2010-10-11,0,0,5.534907514449287,0
ZSK0258,2010-02-19,0,0,-18.78060730685229,0
JDC0030,2011-02-04,0,0,-28.177386393160873,0
MAR0955,2010-09-10,0,1,-0.22543925009529175,0
BCR0581,2010-10-01,0,0,-0.4596809819545342,0
JNA0559,2010-06-28,0,0,-0.5762249095129164,0
SLT0907,2010-09-02,0,0,-19.88698136452581,0
SER0165,2010-07-14,0,0,-28.226846968871428,0
NRD0548,2010-12-08,0,0,-4.144725656359242,0
SNS0129,2011-02-28,0,0,-28.023852713285464,0
KWC0004,2011-02-21,0,0,-24.493568638297234,0
JMW0638,2010-01-15,0,0,-17.722415304312676,0
CMW0783,2010-03-17,0,0,-20.78053111880115,0
LRR0148,2010-12-26,0,0,-20.47445841366357,0
VIA0063,2010-11-11,0,0,-26.336284645617184,0
KWE0082,2011-01-05,0,0,-8.93040285863242,0
IAR0694,2010-07-06,0,0,-26.333703944528338,0
MVB0515,2011-01-07,0,0,-21.316464062985347,0
GRM0868,2010-03-03,0,0,-3.0879295001631135,0
DMM0623,2010-11-18,0,0,-6.0246877122467595,0
AIH0675,2010-07-28,0,0,-21.221440479022363,0
ICH0294,2010-09-07,0,0,-3.8026316552950448,0
SRH0155,2010-06-05,0,0,-26.644831290820548,0
SLB0049,2011-02-02,0,0,-19.67602220113986,0
JCG0316,2010-11-10,0,0,0.9265054908270258,0
AOK0844,2010-03-26,0,0,-1.3661975489666247,0
LEM0605,2010-11-01,0,0,-7.855998049370783,0
MPT0376,2010-05-05,0,0,-5.294508790660643,0
CAM0681,2010-08-16,0,0,-25.281108894094473,0
NAH0503,2010-12-24,0,0,-4.797306001038692,0
NAF0326,2010-05-20,0,0,-7.094664336305527,0
HXL0968,2010-04-05,0,1,-2.741242461954016,0
MPM0220,2010-07-12,0,1,-13.885255365339049,0
AMW0392,2010-08-06,0,0,-26.20877491927365,0
NMB0972,2010-10-13,0,0,-0.7261734935627828,0
ONL0276,2010-07-16,0,0,-25.817245060923597,0
UFK0208,2011-04-04,0,0,1.068262152897546,0
HCL0113,2010-03-23,0,0,-10.8103236475647,0
SOB0586,2011-04-11,0,0,6.760363067025423,1
AKR0057,2010-03-11,0,1,-24.785922085042102,0
BTR0403,2010-05-07,0,0,-22.219123178712493,0
DLS0383,2011-03-14,0,0,-21.726527741627933,0
KLH0596,2010-04-22,0,1,-2.2832896928276796,0
KWC0004,2010-10-08,0,0,-24.80787442165024,0
RAS0432,2010-06-21,0,0,-13.755667136824513,0
ASS0206,2010-11-30,0,0,3.3852416592881127,0
GCS0571,2010-04-09,0,0,-1.9297300539783464,0
QNP0216,2010-04-13,0,0,-20.831927831716712,0
BAH0875,2010-01-27,0,0,-8.099690770305187,0
IJR0825,2010-11-24,0,0,-2.822060863980596,0
DMK0257,2010-10-22,0,0,-11.544389476759989,0
HPR0585,2011-04-04,0,0,-0.4596809819545342,0
SAA0999,2011-01-07,0,0,-15.05389416782782,0
RAH0440,2010-03-01,0,0,-20.73939848430109,0
ASD0577,2010-03-01,0,0,6.760363067025423,1
VMJ0546,2010-10-28,0,0,-11.223313471608662,0
NKP0236,2010-07-28,0,0,-28.364156920686128,0
UCS0227,2011-04-13,0,0,-0.3545087741986208,0
HLH0512,2010-12-31,0,0,-19.591256246888634,0
CJM0521,2011-03-29,0,0,-20.88987158352893,0
AIB0948,2010-04-28,0,0,-3.1063091483072185,0
IJM0139,2010-03-04,0,0,-0.7224114404158399,0
CIG0052,2011-05-05,0,0,-27.8709605820153,0
DMM0623,2011-01-14,0,0,-8.326082712614038,0
BBS0422,2011-02-08,0,0,-18.88137240571791,0
SCB0534,2010-02-12,0,0,-20.61638892463168,0
NKP0236,2011-05-06,0,0,-29.08495743510582,0
KTG0091,2010-07-30,0,0,-13.223830004877868,0
LHL0309,2011-02-28,0,0,-2.873584015631309,0
IUB0565,2010-01-08,0,1,-0.9583362166970346,0
MNS0224,2010-03-04,0,0,-21.889040364349967,0
RJM0381,2010-07-26,0,0,-23.198045262976848,0
CCW0031,2010-08-27,0,0,-24.95173621399624,0
MMB0488,2010-05-13,0,0,-5.69493820345167,0
SLP0762,2011-04-01,0,0,-20.412769216833453,0
GJD0298,2010-02-26,0,0,-2.2832896928276796,0
ABC0174,2010-09-18,0,1,-2.3461479976451756,0
JCG0316,2010-03-09,0,0,-0.9371309470557208,0
WPR0368,2010-01-09,0,0,-20.48183422357738,0
WTR0563,2010-06-30,0,0,-27.319045110817683,0
IDO0176,2010-02-19,0,0,-7.4599113334007825,0
JAJ0849,2011-04-16,0,0,-2.617258397172236,0
SBH0537,2011-05-03,0,0,-25.412890963809787,0
DKB0631,2010-06-16,0,0,-22.575492035305615,0
GNS0178,2011-03-07,0,0,-13.803009881671642,0
LNR0656,2011-04-28,0,0,-19.045060550025937,0
SMH0291,2010-04-26,0,0,-0.029480686207648432,0
YCE0983,2010-10-14,0,0,-25.00910177410833,0
RHP0484,2010-09-10,0,0,-10.706112749902445,0
YCE0983,2010-10-04,0,0,-25.145643537620572,0
LJR0523,2010-05-14,0,1,-20.70275629792411,0
GCS0518,2010-10-04,0,0,-14.631135209324725,0
LUR0896,2010-08-31,0,0,-21.28700941762611,0
DJB0159,2010-06-10,0,0,-18.813422853434986,0
GTD0116,2010-01-06,0,0,-24.84823323552439,0
ECL0930,2010-02-12,0,0,-28.173918613400133,0
MLM0950,2011-01-12,0,0,-5.252131771184054,0
ABM0845,2011-01-14,0,0,-0.9431118171253274,0
WPR0368,2011-03-15,0,0,-21.669995316644304,0
CAM0681,2010-09-01,0,0,-21.41499193089703,0
MHH0180,2010-04-24,0,0,-17.28696697988437,0
LHN0151,2011-04-12,0,0,-4.184224639312674,0
PTH0830,2011-05-15,0,0,-2.5410265551028033,0
DAL0673,2011-05-04,0,0,-8.870577625614033,0
KRG0158,2010-11-10,0,0,-27.07389017861624,0
CSH0626,2010-08-15,0,0,-7.475925743509151,0
OKB0439,2010-11-12,0,0,-18.442503928360793,0
ILR0304,2010-03-17,0,0,-2.2832896928276796,0
WAS0254,2010-08-31,0,0,-18.5778774431559,0
ARL0034,2011-05-11,0,0,2.9417450080252365,0
CLB0774,2011-05-12,0,0,-23.054203148267106,0
KBP0008,2010-04-08,0,0,-21.7646894094471,0
KSP0357,2010-11-22,0,0,-22.28066094980784,0
HWW0436,2010-10-08,0,0,-15.108399629080964,0
SAC0687,2010-09-21,0,0,-26.637823550974076,0
YCE0983,2011-01-06,0,0,-24.3452739052301,0
JCR0289,2010-06-16,0,0,-0.4596809819545342,0
KRL0501,2010-10-13,0,1,-5.426762030399686,0
RAR0725,2010-06-10,0,1,-4.694627134608936,0
HTH0007,2010-03-17,0,0,-22.128837008548203,0
OSH0655,2011-02-03,0,0,-18.258900249924295,0
BCR0581,2011-02-23,0,0,-0.029480686207648432,0
ICS0956,2010-12-16,0,0,-1.0498541092994174,0
XAA0104,2011-02-24,0,0,-18.56090612019102,0
ELB0847,2010-12-10,0,0,-0.22543925009529175,0
WKD0013,2010-11-22,0,0,-20.57137446660647,0
AKC0924,2011-02-02,0,0,-21.992258193050816,0
SSH0799,2011-02-07,0,0,-24.49811669549331,0
ASG0692,2010-03-17,0,0,-26.599351140645922,0
MAE0331,2010-04-27,0,0,-18.335298379303254,0
HRB0351,2010-05-04,0,0,-15.228838091105672,0
XWD0923,2010-10-05,0,0,2.594262749265681,0
MHA0798,2010-10-05,0,0,-0.5107618775899709,0
NMB0972,2011-02-18,0,0,-0.22543925009529175,0
LCD0622,2010-10-28,0,0,-3.487365591947537,0
HCS0003,2010-08-18,0,0,-19.812684193791938,0
SBQ0786,2010-11-24,0,0,14.698471125685955,1
MOP0763,2010-10-06,0,0,-22.017591307112866,0
GOK0238,2010-12-09,0,0,-27.785825861858143,0
MLM0950,2011-02-15,0,0,-4.47014025759222,0
DJB0159,2010-05-12,0,0,-20.03367194407258,0
ABH0663,2010-12-01,0,0,-0.7125770413481405,0
MKW0441,2010-10-08,0,0,-20.78735507329361,0
TIW0299,2011-02-21,0,0,-0.029480686207648432,0
MSS0001,2010-02-23,0,0,-15.125295958887591,0
CCW0524,2010-02-03,0,0,-20.412769216833453,0
AAN0823,2010-09-24,0,0,-0.3858800300046141,0
ABH0663,2011-03-03,0,0,-1.1905404806907427,0
YIC0195,2010-12-29,0,0,-0.45201787714870534,0
HAH0760,2010-02-22,0,0,-21.099889623436184,0
AMM0014,2010-02-18,0,0,-17.88389506694091,0
DBG0261,2010-10-28,0,0,-14.421539219761144,0
WSR0241,2011-01-07,0,0,-28.34024321980621,0
IRM0931,2010-09-19,0,0,-23.114961484693026,0
HAD0246,2010-02-23,0,0,-17.8944392191504,0
OMS0101,2010-09-29,0,0,-27.837851619534263,0
FOB0756,2010-07-31,0,0,-17.028103182450877,0
IYB0918,2010-06-24,0,0,-21.878134815635576,0
BJM0111,2010-09-21,0,0,-22.5352106862008,0
EWH0191,2010-04-14,0,0,-27.50241013507093,0
GCC0744,2010-09-09,0,0,-6.117885008663961,0
ALH0402,2010-01-12,0,0,-5.664251078680991,0
KBS0874,2010-03-24,0,0,-5.329094984411313,0
HDD0789,2010-06-11,0,0,-24.651223639151,0
FMG0527,2010-12-01,0,1,-21.335937955741997,0
TLM0797,2011-05-05,0,0,-0.5107618775899709,0
BCB0679,2011-02-11,0,0,-2.0618287895230196,0
AMW0392,2010-09-13,0,0,-26.92838314318476,0
ASG0692,2011-04-04,0,0,-25.77701470803379,0
AKW0167,2011-02-24,0,0,-28.19107571127722,0
BLB0114,2010-11-19,0,0,-16.895945470231936,0
ECL0930,2010-10-08,0,0,-27.470341390156022,0
HFB0347,2010-03-12,0,0,-17.680263632025003,0
TEM0977,2011-02-04,0,0,-20.92452522921974,0
KVS0425,2010-12-30,0,0,-4.184469256572811,0
SXM0895,2010-10-20,0,0,-21.335937955741997,0
MSO0222,2010-09-02,0,1,-20.470803392307857,0
DRR0242,2010-03-08,0,0,-27.27050845373219,0
BJW0619,2011-01-13,0,0,-6.188021157622416,0
DOP0562,2010-06-17,0,0,-28.4010664560509,0
ZJS0269,2010-06-09,0,0,-24.35710106115539,0
BBS0039,2010-01-05,0,1,-21.257288124123534,0
MAW0166,2010-12-10,0,0,-24.24315009826273,0
DMK0257,2011-02-01,0,0,-11.655556391362097,0
JIM0095,2011-01-06,0,0,-26.93841127055248,0
TEM0977,2010-08-05,0,0,-21.00754760382506,0
BTR0403,2010-03-04,0,0,-24.06306950662986,0
DAL0673,2010-02-05,0,0,-10.263660428617186,0
EFS0882,2010-10-20,0,0,-22.017591307112866,0
ROB0272,2010-06-11,0,0,-7.329049143663497,0
KQS0415,2010-04-28,0,0,-4.755360792136457,0
BLB0114,2010-02-23,0,0,-16.916542809670204,0
TOR0193,2010-11-24,0,0,-26.333523441171224,0
ASG0692,2010-03-04,0,0,-26.085307598537042,0
SAA0999,2010-10-04,0,0,-12.254346901091367,0
SAK0375,2010-03-03,0,0,-21.230199947897063,0
HDL0748,2010-03-17,0,0,-2.641965279108831,0
XAA0104,2010-10-13,0,0,-23.07210783563289,0
RLG0856,2010-11-18,0,0,-2.5453743339592165,0
AIS0405,2010-10-20,0,0,-7.516017972206669,0
TNM0961,2010-01-08,0,1,-2.6667121337580966,0
KDT0346,2010-09-20,0,0,-19.185671647326785,0
AJP0723,2011-03-08,0,0,-0.22543925009529175,0
KJG0910,2010-01-26,0,0,-20.844096365091673,0
OJK0233,2010-04-23,0,0,-10.70823504722921,0
EWH0191,2010-07-02,0,0,-25.26989282501745,0
BBS0422,2010-05-26,0,0,-18.594459810336616,0
BMC0547,2010-01-05,0,0,-10.553983729484003,0
VMJ0147,2010-03-26,0,0,-26.801773746923573,0
BER0314,2010-03-15,0,0,-5.166563114118958,0
TAC0300,2011-02-16,0,0,-0.029480686207648432,0
PTH0552,2010-09-22,0,0,-1.5054134920409297,0
NNS0059,2011-02-11,0,0,-22.385001565862808,0
AMH0794,2010-10-08,0,0,-9.281864543840243,0
HGH0595,2010-06-11,0,0,6.760363067025423,1
CNM0800,2010-04-23,0,0,-22.23710409556088,0
IJM0444,2011-01-13,0,0,-9.211743979092375,0
AMW0392,2010-02-09,0,0,-24.113103981469976,0
SOF0808,2010-09-08,0,0,-28.256148273542067,0
CCR0863,2010-05-05,0,0,-6.215000804191959,0
NSS0876,2010-01-04,0,0,-3.6428643332700403,0
DMM0623,2010-11-01,0,0,-5.442263839607222,0
CSL0949,2010-08-09,0,0,-0.7064905313396821,0
BSS0369,2010-03-12,0,1,-16.912505184836505,0
ILR0304,2010-08-09,0,0,6.760363067025423,1
CGA0629,2010-03-04,0,0,-3.4673551525290804,0
UJC0737,2010-09-21,0,0,-3.2729370955087234,0
IDO0176,2010-09-29,0,0,-7.303915812930427,0
ADF0397,2010-12-06,0,0,-8.274672895825233,0
FSB0399,2010-01-14,0,0,-2.5315244986783227,0
ATE0869,2011-03-02,0,0,-7.078580903183138,0
GQP0743,2011-04-26,0,0,-6.431392531029246,0
BRM0995,2011-03-16,0,0,-5.458914040817831,0
CKB0427,2011-05-02,0,0,-12.683450099553738,0
MLP0668,2010-09-20,0,0,2.4920949221067303,0
VSA0230,2010-04-07,0,0,-0.20357975656020244,0
NRD0548,2011-01-10,0,0,-2.533732140146185,0
GTD0116,2010-08-30,0,0,-25.34348371806982,0
LRW0970,2010-04-01,0,0,-1.0498541092994174,0
MAH0149,2010-06-16,0,0,-24.963555058588668,0
JKF0465,2010-12-22,0,0,-0.4596809819545342,0
XRS0633,2010-05-12,0,0,-18.978363419828383,0
HRL0540,2011-01-26,0,0,-10.663077781231436,0
JMW0638,2010-02-03,0,0,-22.367352863390806,0
ILH0958,2011-01-11,0,0,-2.736408815198729,0
MAR0955,2010-02-16,0,1,-3.0463533321355953,0
SGS0268,2010-05-25,0,0,-4.499929890775775,0
TCD0009,2010-05-21,0,0,-26.8036347744179,0
BDV0168,2010-03-09,0,1,-4.781603396199557,0
KNG0672,2010-07-22,0,0,-11.735089052522767,0
SOB0586,2011-01-10,0,0,-1.404150611370028,0
HIA0414,2010-01-29,0,0,-5.717057697102632,0
TSM0927,2011-01-27,0,0,-19.734989282692595,0
JOM0750,2011-05-03,0,0,-6.294788356901222,0
CSH0626,2010-11-03,0,0,-8.427000229502028,0
NGF0157,2011-04-25,0,0,-9.488718103036376,0
BEH0615,2010-09-09,0,0,-3.9393927695073216,0
ANT0430,2011-03-21,0,0,-10.046209460727255,0
BRB0355,2010-10-15,0,0,-15.496947774285104,0
DKB0631,2011-04-27,0,0,-20.42705936619336,0
IHK0841,2010-08-04,0,0,-1.589437420292029,0
NKH0979,2010-10-22,0,0,-21.935462044769224,0
PEV0323,2010-03-15,0,0,-6.570677284965882,0
DLF0377,2010-08-03,0,0,-2.1088485445749257,0
KBS0874,2010-08-10,0,0,-4.631804612453493,0
HSB0196,2010-05-02,0,0,3.192007491643608,0
AMR0318,2011-04-13,0,0,-4.912334676396654,0
HPM0986,2010-06-15,0,0,-18.89342646201999,0
WLV0566,2010-11-03,0,0,-9.073017039855358,0
KMS0657,2010-03-08,0,0,-19.124944479906617,0
CAS0507,2010-07-09,0,0,-19.00143505264043,0
CNM0800,2010-07-06,0,0,-22.217508574637804,0
BJH0354,2010-01-13,0,0,-26.507518800003822,0
KJA0152,2011-03-29,0,0,-25.500423086321916,0
JML0909,2010-10-15,0,0,-21.42631668050285,0
NNA0610,2010-07-21,0,0,-5.740793915878271,0
KAT0270,2010-06-29,0,0,-18.148865997367352,0
NMC0486,2010-10-12,0,0,-8.245735138816826,0
CAM0681,2010-07-28,0,0,-24.17829247215593,0
DOP0562,2010-05-13,0,0,-28.52397343225823,0
CSB0080,2011-03-10,0,0,-29.46810714293656,0
RJM0381,2010-04-23,0,0,-22.78951783187165,0
UJC0737,2010-12-27,0,0,-6.6309603436469615,0
JJH0292,2010-06-08,0,0,-3.7741437162100056,0
TBT0461,2011-02-16,0,0,-1.951465366480079,0
SPA0141,2010-05-12,0,0,-27.59628128607062,0
LHN0151,2011-02-22,0,0,-1.8164173525722163,0
DMK0257,2010-04-22,0,0,-11.844737196257597,0
RHL0992,2010-08-12,1,1,-6.847850769154093,0
CFM0767,2010-01-20,0,0,-22.262985081801048,0
EZH0736,2010-02-26,0,0,-3.5975546682809636,0
VFM0814,2010-12-01,0,0,-26.529146300027833,0
TVS0006,2010-03-09,0,0,-24.32608042644779,0
SBN0495,2011-03-02,0,0,-6.672829087662649,0
CHG0146,2010-08-10,0,0,-27.074796247875497,0
BMC0547,2011-02-16,0,0,-11.591968945099211,0
RVF0201,2011-02-28,0,0,-26.470862747027468,0
DLS0383,2011-02-07,0,0,-23.386579358335098,0
FRB0023,2010-07-26,0,0,-20.904224716187173,0
OHC0973,2010-01-25,0,0,-2.822060863980596,0
SBN0495,2010-11-10,0,0,-4.85406896874747,0
SAA0999,2010-10-27,0,0,-17.146840466544063,0
FWM0707,2010-09-13,0,0,-0.3858800300046141,0
HAH0760,2010-10-04,0,0,-20.905545694972943,0
KMB0922,2010-05-28,0,0,-18.6905815564279,0
CSC0217,2010-04-01,0,1,-21.18655384189526,0
KSH0569,2010-08-18,0,0,-8.027462998791975,0
KAL0395,2011-03-15,0,0,-26.756126356568643,0
BEH0615,2010-12-22,0,0,-7.402810707742219,0
KJJ0293,2011-01-10,0,0,-3.859512806933367,0
ABC0174,2010-05-17,0,1,-2.7384077709392614,0
EIS0041,2010-09-21,0,0,-14.998967914895275,0
TDG0962,2011-02-25,0,0,-0.7064905313396821,0
DGW0752,2010-04-23,0,0,-7.391247910857373,0
HGN0287,2010-12-08,0,0,-16.619368049994932,0
WGR0833,2010-10-11,0,0,-0.9964347838972571,0
JOM0750,2010-04-27,0,0,-4.899243036075745,0
ABN0239,2010-10-28,0,0,-9.407260549504713,0
JER0404,2010-02-09,0,0,-3.0773672677408968,0
KLH0596,2010-07-27,0,1,-0.029480686207648432,0
BLB0114,2011-02-24,0,0,-18.401610834117605,0
FTM0406,2010-03-18,0,1,-5.677055572966651,0
JCC0225,2010-04-23,0,0,-21.61238273938511,0
KAT0270,2010-12-02,0,0,-19.81786565578375,0
DAG0558,2010-11-03,0,0,-28.412350000894435,0
AAM0658,2010-01-26,0,1,-21.86344644800613,0
RDM0150,2010-07-12,0,0,-2.443401707649059,0
SMW0084,2010-09-02,0,0,-17.404013994027764,0
ZJS0269,2010-11-16,0,0,-22.91138222031168,0
CAS0507,2011-01-03,0,0,-17.935181807239474,0
TEM0977,2010-09-22,0,0,-20.64765217778165,0
LLV0602,2011-05-09,0,0,-7.809807765276673,0
HKF0831,2010-06-21,0,0,-0.7064905313396821,0
JGM0934,2010-02-04,0,0,-11.28775767230536,0
AIH0675,2011-04-28,0,0,-23.086950482637235,0
BBG0325,2010-04-07,0,0,-4.6033018116573885,0
KSP0966,2010-10-06,0,0,-1.1260412373189865,0
CMW0783,2011-02-23,0,0,-20.78053111880115,0
RAW0915,2010-08-31,0,0,-19.57708246944844,0
AMR0318,2010-01-27,0,0,-4.507032889759671,0
AMV0036,2010-12-30,0,0,-1.0994585149654768,0
BBS0422,2010-11-01,0,0,-11.930840389678792,0
IMG0320,2010-06-17,0,0,-6.039265069422527,0
AVM0947,2011-04-05,0,0,-1.985419430311822,0
NAH0503,2010-02-17,0,0,-6.923435431855978,0
KCS0173,2010-06-15,0,0,-7.666934525080364,0
PNH0761,2010-08-10,0,0,-20.118780928080128,0
ECF0828,2010-03-09,0,0,-1.1260412373189865,0
CWB0065,2010-02-04,0,0,-26.061301769428496,0
TJD0996,2011-01-12,0,0,-20.60629723072634,0
HCV0478,2010-02-18,0,0,-9.161208107391872,0
ARL0034,2010-07-19,0,0,4.109767216294927,0
WDO0870,2010-03-10,0,0,-5.031426741405426,0
TIW0299,2010-07-30,0,0,-1.2191903865591485,0
NHE0919,2010-08-16,0,0,-22.07722297028215,0
MSH0040,2010-03-24,0,0,-21.36517863420795,0
BMT0528,2010-09-17,0,0,-20.598829516478645,0
RSC0089,2010-02-16,0,0,-16.485524676276782,0
YJV0699,2010-11-09,0,0,-4.1605867127491365,0
NWT0098,2011-03-31,0,1,-21.947692900541938,0
BAJ0654,2011-02-04,0,0,-20.348766828159455,0
TSB0437,2010-09-27,0,0,-20.572463679831685,0
BTN0061,2010-07-09,0,0,-24.48587622252512,0
JNJ0556,2010-04-23,0,0,-23.624956743395273,0
HDJ0446,2010-10-11,0,0,-0.029480686207648432,0
HAV0121,2010-02-19,0,0,-10.653579868006432,0
SBN0971,2010-07-23,0,0,-2.782491437155045,0
JCG0316,2010-03-19,0,0,4.6644263646441,0
MOH0273,2010-12-05,0,0,-17.6815742961993,0
RYB0718,2010-04-23,0,0,-0.7369174506420677,0
AHC0142,2010-08-04,0,0,-25.104588393751442,0
SRH0155,2011-02-03,0,0,-27.34943382251788,0
DBG0261,2010-05-24,0,0,-19.535479292824675,0
ECF0828,2010-03-19,0,0,-0.22543925009529175,0
UIR0043,2011-04-12,0,0,-20.569942180442126,0
LAP0338,2011-01-22,0,0,-15.514992563317492,0
AOS0987,2010-09-21,0,0,-3.006853153441739,0
PDW0259,2011-04-01,0,0,-17.117889550375025,0
NBC0412,2010-06-30,0,0,0.9711293416660283,0
RDT0424,2010-12-30,0,0,-6.873169578157103,0
JJB0127,2010-07-14,0,0,-16.932253118833387,0
MSZ0310,2010-05-13,0,0,-4.529007441334102,0
HPM0986,2011-01-28,0,0,-17.714683391698486,0
MAS0025,2010-02-09,0,1,-18.3911862369622,0
NRO0768,2010-03-01,0,0,-22.076231355567643,0
KJA0152,2010-06-01,0,0,-27.38919450506637,0
JNA0559,2011-04-20,0,0,-9.099993034178397,0
DOP0562,2011-03-09,0,0,-29.364969223698722,0
ASM0575,2010-09-09,0,0,-0.692388082700063,0
THR0873,2010-06-29,0,0,-0.6833897466826784,0
NRF0137,2010-11-29,0,0,-2.2832896928276796,0
ASL0378,2010-04-29,0,0,-22.76150196896333,0
IWM0816,2010-11-19,0,0,-7.781445350834815,0
FRL0511,2011-04-05,0,0,-22.017591307112866,0
JKB0126,2010-01-22,0,0,-19.297340713691256,0
YJF0532,2010-09-27,0,0,-21.436374009158044,0
ICS0956,2010-07-13,0,0,-4.665637827093974,0
CJM0521,2011-01-14,0,0,-22.360773409824674,0
SOG0411,2011-01-07,0,0,-10.332106873577118,0
HSP0290,2010-04-19,0,0,-2.2832896928276796,0
LPC0492,2011-04-14,0,0,-6.548727294664673,0
BTR0403,2010-09-15,0,0,-17.132822625313338,0
AAV0450,2010-05-18,0,0,-2.5114861009300284,0
EIM0156,2010-02-05,0,0,-22.222392867897724,0
TLH0648,2010-01-07,0,0,-18.966040526622578,0
TVS0050,2010-07-20,0,0,-19.463287563932,0
MAS0025,2010-08-06,0,1,-18.97260956600087,0
AES0827,2010-06-30,0,0,-2.3067309677462617,0
TEB0251,2010-07-19,0,0,-17.514592499294054,0
TSR0676,2010-09-02,0,0,-18.871098689565088,0
MCF0327,2010-01-05,0,0,-4.8693501325985835,0
ZDW0859,2010-05-27,0,0,-4.216031441750943,0
MVB0515,2011-05-13,0,0,-20.699067762993195,0
MDM0625,2010-05-24,0,0,-5.385317808373884,0
FWM0707,2011-01-24,0,0,-1.112927565131713,0
IJM0776,2010-08-13,0,1,-20.58158191956079,0
OCS0865,2010-09-15,0,0,-2.2983543281716265,0
AAN0823,2010-02-01,0,0,-0.3858800300046141,0
AHD0848,2011-04-08,0,0,-2.8178260457189026,0
DBW0483,2010-05-27,0,0,-8.691022221851995,0
AMJ0297,2010-09-07,0,0,-0.029480686207648432,0
CLB0774,2010-10-13,0,0,-20.40707231778788,0
CFG0959,2011-02-28,0,0,-0.7261734935627828,0
JMB0308,2010-04-28,0,1,-5.093059939518412,0
KVS0425,2010-02-12,0,0,-5.601771223758419,0
EMW0105,2010-06-10,0,0,-28.873787954720797,0
DKB0631,2010-11-08,0,0,-19.600212087821774,0
JLM0364,2011-02-28,0,1,-20.647579877139492,0
DHM0937,2010-05-24,0,0,-29.57594598154435,0
MAD0753,2010-02-22,0,0,-5.601441376521279,0
NCE0097,2010-08-10,0,0,-3.231394468253143,0
NHE0919,2010-11-09,0,0,-22.28041270360461,0
DEB0782,2011-02-11,0,0,-22.405398223773545,0
JRF0835,2010-10-14,0,0,-0.22543925009529175,0
CAN0842,2010-08-04,0,0,-0.7064905313396821,0
JKB0126,2010-10-21,0,0,-19.419102160772923,0
THD0448,2011-04-07,0,0,-0.7369174506420677,0
RHP0484,2010-05-20,0,0,-10.126454859449495,0
KTG0091,2010-04-15,0,0,-10.443920401322998,0
WJD0576,2010-04-16,0,0,-0.029480686207648432,0
AAM0658,2010-06-08,0,1,-19.894673940187545,0
VSS0154,2010-10-07,1,1,-26.83365349446626,0
KAC0124,2011-05-11,0,0,-18.647177414048883,0
BER0314,2010-10-18,0,0,-6.052963641719202,0
CFM0767,2010-07-21,0,0,-21.11715538700014,0
IIW0249,2010-06-29,0,0,-17.32109801659351,0
GLR0975,2010-10-05,0,0,-21.8135138639675,0
GLR0975,2010-10-27,0,0,-19.891806055505867,0
PGO0433,2011-02-17,0,0,-11.12429386406427,0
BVN0514,2010-03-17,0,0,-22.405398223773545,0
ANT0430,2010-12-07,0,0,-14.12320466110316,0
AJF0370,2010-09-22,0,0,-17.381465474734227,0
ZJE0857,2010-03-25,0,0,-4.186446050439827,0
JSA0775,2011-02-15,0,0,-18.892361859914217,0
ATE0869,2010-09-26,0,0,-3.254436296686549,0
JCW0858,2010-01-19,0,0,-6.327639323187327,0
CMW0783,2011-03-15,0,0,-22.367740455645162,0
VMJ0147,2011-03-23,0,0,-27.658220846963786,0
AJP0723,2010-06-30,0,0,-2.5114861009300284,0
CAS0507,2010-11-04,0,0,-20.228289533999373,0
LUR0896,2011-02-22,0,0,-19.27554624111724,0
ZFM0468,2010-10-21,0,0,-3.6442671602233077,0
WJD0576,2010-11-08,0,0,-1.554566390976447,0
IBB0359,2011-01-25,0,0,-15.713353659053041,0
HGH0595,2011-02-11,0,0,-0.029480686207648432,0
KJJ0293,2010-08-03,0,0,-3.7219726433312417,0
MNC0717,2010-09-10,0,0,-3.6293967577033754,0
MIB0904,2010-07-15,0,0,-19.35631405932122,0
IUY0279,2010-06-11,0,0,-11.257693524064507,0
NBH0256,2010-01-20,0,0,-19.60173701901806,0
OKB0439,2010-11-30,0,0,-18.567734173267354,0
AQD0820,2010-11-11,0,0,-8.540003977641618,0
KRG0158,2010-04-16,0,0,-27.36777297899937,0
PLH0715,2011-03-24,0,0,-2.3067309677462617,0
MIB0904,2010-04-26,0,0,-22.01558496769303,0
JKJ0698,2011-03-17,0,0,-0.9603885267399619,0
CJM0521,2011-04-19,0,0,-21.148852660381976,0
DOL0332,2010-09-10,0,0,-17.09009637994984,0
KJJ0293,2010-06-10,0,0,-0.692388082700063,0
HWM0342,2010-08-04,0,0,-21.57316332038681,0
KBP0008,2011-02-07,0,0,-22.412265119590643,0
AJP0723,2010-06-03,0,0,-0.7064905313396821,0
SJO0209,2010-03-12,0,0,2.7190435668268265,0
EMS0317,2011-01-03,0,0,-4.723294618862383,0
TVS0050,2011-04-11,0,0,-22.754820595365572,0
DKB0631,2010-09-08,0,0,-20.770102813937797,0
TSB0437,2011-02-11,0,0,-20.280640603416487,0
CSJ0340,2010-01-19,0,0,-20.07967121761044,0
GCC0744,2011-05-09,0,0,-6.295244077612892,0
AAF0535,2010-05-12,0,1,-19.186232014074562,0
UFK0208,2010-12-30,0,0,2.6718142622097503,0
RUM0880,2011-03-01,0,0,-0.5626979540197681,0
PPF0435,2010-08-11,0,1,-9.880942165617853,0
KBP0008,2011-03-10,0,0,-23.16866016749907,0
EIS0041,2011-03-14,0,0,-15.615347892925001,0
HSD0457,2010-07-30,0,0,-0.4596809819545342,0
MSS0001,2011-04-07,0,0,-15.37383291520348,0
OBH0499,2010-07-08,0,0,-5.268890863341312,0
XHG0902,2011-02-22,0,0,-20.651707400147075,0
FPC0954,2011-04-26,0,0,-2.4359319485844253,0
HWW0436,2010-02-05,0,0,-12.35971187258815,0
LBH0942,2011-01-06,0,0,-4.94024554075429,0
BAL0044,2010-06-03,0,0,-20.380843454683486,0
BNR0965,2010-01-25,0,0,-2.8360660935867372,0
DPM0423,2010-02-04,0,0,-20.78223884932413,0
XRS0633,2010-06-04,0,0,-20.534859719095493,0
SBD0913,2010-04-16,0,0,-2.6389450770632266,0
KRV0372,2010-10-13,0,0,-21.759362288742636,0
OJK0233,2010-08-11,0,0,-11.567075460392289,0
VTT0385,2010-01-08,0,0,-23.549893847332214,0
AOB0019,2010-08-10,0,0,-20.926839719270788,0
CRK0916,2011-04-15,0,0,-8.010958641635284,0
TJG0582,2010-02-04,0,0,-0.029480686207648432,0
FKB0163,2011-02-16,0,0,-21.347140408364567,0
BAM0636,2011-02-08,0,0,-19.601674309558234,0
GNZ0953,2010-10-25,0,0,-3.1251112007229267,0
IJM0444,2010-03-08,0,0,-4.357731777157255,0
MCT0720,2011-03-30,0,0,-1.3883418056542496,0
GCR0554,2010-12-01,0,0,-11.33274006936756,0
EMW0772,2010-11-11,0,0,-15.501301409906887,0
PSF0133,2010-08-03,1,1,-3.087313594296461,0
GNS0178,2011-01-07,0,0,-16.717120542424368,0
ONW0083,2010-07-16,0,0,-17.81639285842334,0
DPM0423,2010-08-10,0,0,-20.05040505818988,0
SLB0049,2010-02-09,0,0,-21.06402952528424,0
HVB0037,2010-07-07,0,0,4.615157614857367,0
JRF0835,2010-03-18,0,0,-0.3858800300046141,0
TJD0996,2010-07-09,0,0,-19.227781118364987,0
BHW0458,2010-01-13,0,0,-0.029480686207648432,0
FTM0406,2010-01-27,0,1,-0.8458919449154791,0
IMP0530,2010-08-19,0,0,-19.88698136452581,0
RRP0568,2010-09-29,0,0,-21.635596028937925,0
VMJ0546,2010-11-01,0,0,-13.812545218964146,0
OMM0944,2010-01-22,0,0,-2.4895145320861047,0
RBB0485,2010-07-14,0,0,-6.286971995725935,0
AMJ0297,2010-02-23,0,0,-2.7687114063107856,0
HJA0018,2010-04-26,0,0,-21.239971022959708,0
BJW0619,2010-03-02,0,0,-2.1602530715833836,0
FSB0399,2010-03-18,0,0,-5.883502481611686,0
CIM0926,2010-04-05,0,0,-21.66261105367346,0
NHE0919,2011-05-03,0,0,-21.826447760935025,0
JGM0934,2010-02-10,0,0,-6.3022411177255435,0
CEL0561,2010-02-11,0,0,-29.187429726268533,0
MKP0861,2010-05-06,0,0,-5.461725318008689,0
RHC0335,2010-09-08,0,0,-19.576467132216635,0
JSA0775,2011-03-29,0,0,-19.86069107040339,0
TSB0437,2010-01-05,0,0,-19.49391359838046,0
BAM0636,2010-12-20,0,0,-18.389787199061857,0
HCL0113,2011-02-28,0,0,-9.070012901530617,0
FHO0630,2010-07-26,0,0,-6.218853779477058,0
MCF0600,2010-03-22,0,1,-0.029480686207648432,0
CUD0795,2010-01-22,0,0,-10.629881346584739,0
BEH0615,2010-04-06,0,0,-4.692456625472346,0
MJM0510,2010-06-14,0,0,-21.172365718006745,0
RZC0746,2010-05-03,0,0,-8.389160839508122,0
HAV0121,2010-02-18,0,0,-7.990183341272086,0
FQA0854,2010-10-19,0,0,-4.810254082338702,0
RHO0732,2011-02-07,0,0,-1.8871021565204273,0
SBQ0786,2010-10-04,0,0,14.721341522032162,1
SHW0578,2010-05-28,0,0,-1.2191903865591485,0
BDI0533,2010-02-06,0,0,-19.758021226715186,0
NAB0903,2010-09-14,0,0,-21.387727140010725,0
TYB0779,2010-07-13,0,0,-21.308679646671635,0
GKO0078,2010-04-21,0,0,-10.453725700134441,0
MDM0976,2011-03-30,0,0,-19.867889352378484,0
IIL0513,2010-12-28,0,0,-19.81370110095554,0
CLF0852,2010-05-26,0,0,-8.77283130358262,0
KLH0596,2010-06-17,0,1,-0.029480686207648432,0
HRL0540,2010-06-01,0,0,-13.904502064685062,0
WPR0368,2011-02-18,0,0,-22.03152067797214,0
IHK0841,2010-12-09,0,0,-3.646875152346979,0
BTN0061,2011-04-05,0,0,-24.494853699023338,0
MLP0668,2011-04-19,0,0,-2.1029826037279236,0
WKF0012,2010-05-17,0,0,-19.20271942284421,0
MHA0798,2010-10-07,0,0,-3.2561200550625244,0
ALB0892,2010-05-29,0,0,-19.69421514154726,0
HSB0196,2010-11-04,0,0,1.9943773996927803,0
HDJ0446,2010-05-18,0,0,-2.3067309677462617,0
GNS0178,2010-03-05,0,0,-18.569928801722654,0
KSP0357,2010-08-25,0,0,-23.185887974012076,0
KQS0415,2011-04-05,0,0,-8.753459217669956,0
PRM0740,2010-06-28,0,0,-4.08298434019116,0
DRR0242,2011-04-01,0,0,-29.182275016387848,0
MGS0974,2010-07-26,0,0,-20.626892254313816,0
DAG0558,2010-08-03,0,0,-28.52397343225823,0
JJB0700,2011-05-05,0,0,-2.871263916865587,0
AKW0167,2010-04-29,0,0,-27.621923173464893,0
HCC0344,2010-11-16,0,0,-20.257237963667762,0
JPW0741,2011-02-10,0,0,-5.275837882295946,0
IJW0851,2010-09-30,0,0,-4.284291172077701,0
MDM0976,2010-06-24,0,0,-19.569606225213192,0
BJH0811,2011-05-03,0,0,-29.475804586363324,0
SGS0268,2011-04-08,0,0,-8.701133441161687,0
PNH0761,2010-11-23,0,0,-16.354540627776146,0
WGR0833,2011-01-05,0,0,-1.5738480095105842,0
NKP0236,2010-06-16,0,0,-29.04577040560821,0
ILC0838,2010-01-22,0,0,-1.4904878636043577,0
NOB0181,2010-07-13,0,0,-17.797152965859937,0
CAM0681,2010-11-24,0,0,-19.575780163699505,0
UCH0519,2010-12-09,0,0,-22.017591307112866,0
DEB0782,2010-12-08,0,0,-20.78053111880115,0
AJC0840,2010-12-21,0,0,-3.2117137940613247,0
HMW0713,2010-12-13,0,0,-0.3858800300046141,0
NSS0876,2010-07-16,0,0,-3.673700168457003,0
BTL0722,2010-04-27,0,0,-0.9964347838972571,0
HKI0171,2010-10-13,0,0,-5.894180427030847,0
KSP0966,2010-01-11,0,0,-3.5260224806002043,0
ECR0822,2011-02-01,0,0,-4.665637827093974,0
JML0909,2010-07-23,0,0,-20.864226899001437,0
AJC0840,2010-07-20,0,0,-0.9964347838972571,0
AWM0764,2011-04-06,0,0,-20.78053111880115,0
GCC0945,2010-02-18,0,0,-1.2591644484622293,0
IAR0694,2011-03-07,0,0,-21.39450573162219,0
GCR0554,2011-03-25,0,0,-7.534388875112313,0
DAR0885,2010-02-08,0,0,-12.361875086717987,0
CBG0398,2011-02-21,0,0,-4.650704245189104,0
AIM0627,2011-05-03,0,0,-4.173448347914018,0
DIW0118,2010-03-05,0,0,-22.64779801127861,0
OLF0504,2010-10-11,0,0,-5.6215625465926,0
ATE0869,2010-10-16,0,0,2.8447750876400733,0
DBG0261,2011-04-19,0,0,-18.889045277636455,0
AHD0848,2010-07-01,0,0,-0.7261734935627828,0
HWY0038,2010-01-04,0,0,-20.652359625831764,0
JAD0609,2011-04-25,0,0,-7.378545351518937,0
BEH0615,2010-08-16,0,0,-7.932799168863767,0
FKK0055,2010-05-19,0,0,-21.220053091843738,0
IKP0472,2010-01-04,0,0,-3.486262006845095,0
IDO0176,2011-02-03,0,0,-4.731197076655235,0
BNR0965,2010-04-09,0,0,-0.9431118171253274,0
QCH0110,2010-12-14,0,0,-21.741885558658282,0
ELT0769,2010-05-24,0,0,-19.591256246888634,0
SJW0451,2010-09-27,0,0,-0.22543925009529175,0
CJV0286,2010-04-21,0,0,-19.900377560808693,0
NNA0610,2010-12-20,0,0,-5.143155561047365,0
CAB0614,2010-02-19,0,0,-7.188097696854584,0
FAW0032,2010-06-15,0,1,-24.837060575721466,0
MLL0598,2010-01-27,0,0,-4.867499328211352,0
HAM0985,2011-05-04,0,0,-22.641719022578513,0
ICH0294,2010-11-18,0,0,-5.147009687830632,0
HLH0512,2010-06-03,0,0,-21.335937955741997,0
RAB0589,2010-09-07,0,1,-3.295794890624734,0
MMG0943,2011-03-25,0,0,-5.074885545583356,0
ZKS0899,2010-03-01,0,0,-22.538900082898863,0
MMB0488,2010-01-22,0,0,-8.5317218107989,0
HSD0457,2010-07-15,0,0,-0.3858800300046141,0
WGR0833,2010-11-22,0,0,-1.49582182495692,0
IJM0444,2011-02-18,0,0,-11.225857838899628,0
ESH0135,2010-12-13,0,0,-3.6442671602233077,0
KCF0045,2011-03-28,0,0,-21.35051900226665,0
KES0729,2010-09-01,0,0,-7.432053206749856,0
CCC0393,2010-04-19,0,0,-27.76094665971584,0
DGN0480,2011-02-28,0,0,-6.2742810982057335,0
XHG0902,2010-12-15,0,0,-20.412769216833453,0
EMW0105,2011-02-16,0,0,-27.984193501676145,0
JBD0616,2010-03-10,0,0,-0.32071094965010616,0
JSH0330,2010-09-09,0,0,-19.62069140418987,0
IBP0883,2011-02-08,0,0,-20.38937825877281,0
AJN0607,2010-04-20,0,0,-4.869103740129503,0
TVS0050,2010-12-08,0,0,-19.54801930576525,0
AMD0077,2010-08-04,0,0,-14.391087060402356,0
PGO0433,2010-06-16,0,0,-12.181403181566338,0
MCF0327,2011-03-18,0,0,-4.553201903785293,0
BLL0929,2011-04-19,0,0,-24.23116227612809,0
ALH0402,2010-11-09,0,0,-7.397710049915872,0
HSD0457,2011-01-07,0,0,-1.3883418056542496,0
HGN0287,2010-04-16,0,0,-18.06168362383255,0
PEV0323,2010-04-06,0,0,-5.595667763272218,0
OKB0439,2010-09-29,0,0,-21.048901790857485,0
BEH0615,2011-01-12,0,0,-7.656484178389178,0
SSG0250,2010-05-14,0,0,-17.82238573850441,0
MAS0025,2010-07-08,0,1,-18.61778982311216,0
LCD0622,2011-01-31,0,0,-5.811376119603665,0
BHW0458,2010-01-07,0,0,-0.4596809819545342,0
JMC0925,2010-09-20,0,0,-9.321411814073713,0
ECL0930,2010-02-08,0,0,-28.41089931862996,0
ROB0272,2010-06-09,0,0,-10.08160287326075,0
BXJ0010,2010-09-16,0,0,-19.842374978011776,0
SSH0799,2010-03-12,0,0,-23.09236859228622,0
NHH0185,2010-08-23,0,0,-18.037624089555948,0
BSS0463,2010-09-03,0,0,-0.3858800300046141,0
HXL0968,2010-01-26,0,1,-3.067758533759161,0
RAM0447,2010-01-18,0,0,-1.833257527821047,0
CAB0614,2010-10-13,0,0,-8.986565506319153,0
SHW0578,2010-08-11,0,0,-2.2832896928276796,0
JAV0361,2010-09-24,0,0,-22.85869348073163,0
GTD0898,2010-09-17,0,0,-21.387727140010725,0
VCC0396,2010-03-05,0,0,-1.0848695709192953,0
AAM0658,2010-01-22,0,1,-21.856710998064614,0
AIS0405,2010-04-01,0,0,-7.463476418173286,0
TAP0551,2010-05-24,0,1,-9.91981972527833,0
AKR0057,2010-10-04,1,1,-27.718770675576366,0
EMW0772,2010-12-10,0,0,-18.36354071104654,0
JCR0770,2010-12-28,0,0,-20.291306403365866,0
BYP0070,2010-02-18,0,0,-7.238008329431636,0
FWM0707,2010-07-09,0,0,-0.3858800300046141,0
WGR0833,2010-03-24,0,0,-0.7261734935627828,0
DCH0843,2011-01-07,0,1,-1.1703446480004231,0
HBO0413,2010-11-11,0,1,-7.539926586098204,0
RHP0484,2010-11-24,0,0,-8.352721447206932,0
IIW0249,2010-05-04,0,0,-19.619165833309694,0
CFG0959,2010-11-05,0,0,-0.9964347838972571,0
IJM0444,2011-02-01,0,0,-11.108474513728765,0
NUL0471,2010-06-04,0,0,-4.6159309137965465,0
HAC0282,2010-06-21,0,0,-18.39974996235412,0
CCA0046,2010-05-10,0,1,-17.06688060861609,0
ANT0430,2010-10-05,0,0,-10.703995206637387,0
TQS0212,2011-02-18,0,0,1.375213758667087,0
DVM0265,2011-01-14,0,0,-8.57159547276376,0
WDO0870,2011-03-11,0,0,-4.785588977200177,0
TTD1000,2010-08-18,0,0,-11.208948735581657,0
MDH0580,2010-04-07,0,1,-4.268618066549493,0
SSG0250,2011-04-28,0,0,-17.06659369168267,0
CRK0916,2011-05-11,0,0,-11.4751740273108,0
BEH0615,2010-02-19,0,0,-1.1650490781412373,0
SHR0334,2010-08-18,0,0,-16.718639475202053,0
AAF0791,2010-06-15,0,0,-8.483006373297599,0
AMH0794,2010-01-11,0,0,-8.064382195782855,0
BSB0990,2010-06-04,0,0,-7.633692649835666,0
TJD0996,2010-02-17,0,0,-19.69272663070035,0
BKW0374,2010-07-20,0,0,-22.095499426820766,0
ORG0339,2010-10-29,0,0,-18.49097289133192,0
KLM0639,2010-11-08,0,0,-19.69328658777306,0
RGN0408,2010-07-19,0,0,-6.530022540890059,0
ASL0378,2011-04-25,0,0,-23.124237008603018,0
THD0448,2010-02-01,0,0,-0.22543925009529175,0
MOS0047,2010-09-03,1,1,-15.68853680630366,0
NRO0768,2011-03-07,0,0,-20.38367483047034,0
FWM0707,2010-11-11,0,0,-0.22543925009529175,0
JPA0667,2011-01-17,0,0,-23.923196645972894,0
JCR0921,2011-03-29,0,0,-10.795604935197503,0
NGC0058,2011-01-18,0,0,0.2324649166563404,0
ECL0930,2011-02-08,0,0,-28.40466184905722,0
CGA0629,2010-12-02,0,0,-5.317383545328539,0
ZJS0269,2010-12-29,0,0,-22.552980298385364,0
BCM0653,2011-04-25,0,0,-17.722415304312676,0
RLB0719,2010-06-30,0,0,-2.3067309677462617,0
MOS0047,2010-03-12,0,1,-19.18888591343739,0
DRR0242,2010-10-19,0,0,-29.497485944261143,0
BXJ0010,2010-11-29,0,0,-21.42898320231029,0
MVF0594,2010-05-05,0,0,-2.7687114063107856,0
JXH0493,2010-11-04,0,0,-6.305973846796292,0
JMK0099,2011-01-07,0,0,-8.238032809695369,0
LFS0071,2011-03-24,0,0,-9.113805264924736,0
EWH0191,2010-09-08,0,0,-27.585269374168433,0
LAP0338,2011-04-30,0,0,-19.754049784778886,0
ESH0283,2011-02-11,0,0,-21.223508325181115,0
MHG0733,2010-08-12,0,0,-5.166697375461808,0
CAB0614,2011-04-27,0,0,-5.014548578326185,0
BCM0653,2011-01-04,0,0,-21.533921190172464,0
PNH0761,2010-08-16,0,0,-18.013733421276015,0
NWT0098,2010-03-08,0,1,-21.573894380711977,0
JCR0289,2010-11-02,0,0,-0.4596809819545342,0
NLO0131,2010-11-24,0,0,-0.4596809819545342,0
WTR0563,2010-12-16,0,0,-28.87998348701649,0
RAM0447,2010-01-15,0,0,-1.2137761885505824,0
ABC0253,2010-08-27,0,0,-17.96070072834391,0
JKJ0698,2010-08-06,0,0,3.3192509359057567,0
CQH0701,2010-06-24,0,0,-1.5794869891409462,0
RAG0275,2010-11-17,0,0,-20.472171792887707,0
HJA0018,2010-04-21,0,0,-20.887052998451964,0
IMP0530,2011-01-10,0,0,-21.335937955741997,0
WKD0013,2010-02-11,0,0,-22.454015411298087,0
HCL0113,2011-03-25,0,0,-7.61475909312162,0
KAC0124,2010-09-10,0,0,-18.059599573670766,0
HXL0968,2010-08-17,0,1,-4.900254964446503,0
AJD0074,2010-07-04,0,0,-23.91501599803337,0
CJH0702,2010-06-07,0,0,-0.22543925009529175,0
BKW0374,2010-04-07,0,0,-22.006784069150626,0
MHG0733,2011-04-18,0,0,-7.224963464872758,0
VCC0396,2010-12-21,0,0,-3.5677633345486583,0
RCC0617,2010-12-09,0,0,-8.520969907375502,0
LHL0309,2010-02-23,0,0,-3.1889017827015778,0
KQS0415,2010-04-30,0,0,-5.1088820548563945,0
DJS0682,2010-01-15,0,0,-9.407260549504713,0
RHY0079,2011-04-21,0,0,-13.175247848535605,0
OYM0026,2010-01-25,0,0,-7.892322576881838,0
HDJ0446,2011-04-28,0,0,-1.2191903865591485,0
NMF0780,2010-11-17,0,0,-20.412769216833453,0
KKC0683,2010-07-21,0,0,-7.473503392805014,0
DDM0579,2010-01-25,0,0,-2.7687114063107856,0
MVB0515,2010-09-09,0,0,-19.42831900671979,0
LOF0311,2010-09-15,0,0,-5.7555444241791065,0
JGM0934,2010-10-28,0,0,-8.166943795475163,0
MAD0496,2010-02-08,0,0,-6.816448436988708,0
AGB0643,2011-05-09,0,0,-18.151683102751917,0
DLF0377,2010-08-18,0,0,-2.0408961747675676,0
MTB0620,2011-01-04,0,0,-4.313651432558686,0
MNS0224,2010-06-22,0,0,-22.224526904220852,0
FPC0954,2010-09-21,0,0,-0.22543925009529175,0
KBC0054,2011-02-23,0,0,-21.90679224132134,0
HAD0246,2010-05-06,0,0,-16.639928629747374,0
KMW0545,2010-03-31,0,0,-11.618648684597702,0
XWD0923,2010-10-11,0,0,-3.7192966786543593,0
TLH0648,2010-03-30,0,0,-21.47946972199668,0
HJS0072,2010-02-02,0,0,1.9759030213290316,0
GZC0735,2010-05-13,0,0,-1.6907810014723736,0
GJD0298,2010-03-04,0,0,-0.7224114404158399,0
KBC0054,2010-05-17,0,0,-22.70834833856111,0
TOR0193,2010-12-13,0,0,-26.902953066852433,0
RUM0880,2010-10-19,0,0,-4.458510348388131,0
TAC0300,2010-12-20,0,0,-1.554566390976447,0
RGH0728,2010-03-09,0,0,-4.111912104659723,0
LOF0311,2010-06-11,0,0,-6.78372794010852,0
AKH0758,2011-02-24,0,0,-22.017591307112866,0
BWH0813,2010-05-14,0,0,-25.34712290344146,0
NAB0801,2011-01-06,0,0,-1.5957198966015085,0
DAL0673,2010-07-01,0,0,-7.729655312040336,0
CAH0936,2010-03-08,0,1,-25.914520159616472,0
ATF0274,2011-01-05,0,0,-21.61292521511723,0
CKD0680,2010-09-07,0,0,-22.443985803581313,0
DGN0480,2011-04-18,0,0,-6.275562267973783,0
SMH0291,2011-03-30,0,0,-0.692388082700063,0
JAV0361,2010-05-12,0,0,-22.438314317830873,0
ELT0769,2010-05-28,0,0,-20.88987158352893,0
QRM0739,2010-12-29,0,0,-1.4267599944172389,0
FRL0511,2010-03-10,0,0,-20.88987158352893,0
AMR0318,2010-09-13,0,0,-3.2795858925527455,0
GCC0945,2011-02-07,0,0,-1.3883418056542496,0
EIS0041,2011-04-07,0,0,-18.476100417739985,0
JMW0638,2010-12-28,0,0,-20.538159584777077,0
TLM0797,2010-03-05,0,0,-1.13490480499172,0
MCF0600,2010-01-25,0,1,-0.029480686207648432,0
NHE0919,2010-02-09,0,0,-22.80248199023697,0
BJW0619,2010-11-22,0,0,-7.018294842525847,0
BTL0722,2010-04-30,0,0,-3.384029984063204,0
FRB0023,2011-04-27,0,0,-21.554910421325985,0
JRF0835,2010-05-06,0,0,-0.3858800300046141,0
CXC0336,2010-03-03,0,0,-21.652806928001837,0
HWM0342,2011-02-25,0,0,-17.837645431050646,0
KJM0887,2010-06-04,0,0,-22.300056690424185,0
LBF0214,2010-06-24,0,0,-0.01700909079727353,0
FDE0117,2010-05-05,0,0,-27.67956814694378,0
EIS0041,2010-04-09,0,0,-17.874222150503897,0
JSA0775,2010-05-11,0,0,-17.889037225594734,0
GTD0898,2010-08-18,0,0,-19.88698136452581,0
JML0909,2010-08-24,0,0,-21.0505857399354,0
TJD0996,2010-09-16,0,0,-17.95593195947788,0
WDO0870,2010-06-14,0,0,-6.6079422020302445,0
SMY0792,2010-03-17,0,0,-1.48260106252053,0
FRL0511,2010-01-27,0,0,-18.958950842231047,0
QCH0110,2011-02-08,0,0,-19.89424875335328,0
ESJ0670,2010-02-05,0,0,-18.081377828552377,0
OKB0439,2010-11-09,0,0,-14.488177662025578,0
FFC0891,2010-01-11,0,0,-21.388738956369366,0
LDM0587,2011-02-18,0,0,-0.029480686207648432,0
KBC0054,2010-08-24,0,0,-23.67171505402837,0
MNS0224,2010-11-19,0,0,-13.110036675608853,0
DMK0257,2010-08-03,0,0,-12.200756191412438,0
APG0307,2010-02-18,0,0,-0.4596809819545342,0
APG0307,2010-09-20,0,0,-0.7224114404158399,0
HWH0646,2010-07-29,0,0,-20.42928817585937,0
SXM0895,2010-06-24,0,0,-20.160601202722432,0
IBM0671,2010-07-16,0,0,-12.26074809535828,0
CSL0949,2010-05-04,0,0,-0.9603885267399619,0
ORB0473,2010-11-12,0,0,-0.3858800300046141,0
WKD0013,2010-06-15,0,0,-21.659466711778578,0
WBC0315,2011-03-02,0,0,-6.687061335317594,0
AMH0464,2010-02-11,0,0,-0.9964347838972571,0
JAD0609,2010-01-04,0,0,-3.3499281157521636,0
BLB0114,2010-11-10,0,0,-15.805485083673375,0
LNS0989,2010-06-11,0,0,4.036474429440204,0
IJR0825,2010-07-14,0,0,-0.3858800300046141,0
BMM0112,2010-06-28,0,0,-19.579752714805522,0
CAA0612,2011-01-31,0,0,-9.742803549282144,0
GCC0945,2010-12-13,0,0,-3.067758533759161,0
ASV0946,2010-01-21,0,0,1.3855227019022323,0
SKG0759,2010-10-07,0,0,-19.849755086682308,0
RDM0115,2010-07-22,0,0,-27.024444188778602,0
JAJ0849,2010-02-11,0,0,-1.4904878636043577,0
TLM0797,2010-01-26,0,0,-0.44107807335365123,0
KBB0189,2010-12-17,0,0,-26.879892976323504,0
JJB0127,2010-11-01,0,0,-18.42349430985189,0
AJR0319,2010-01-05,0,0,-5.172277941842822,0
RRA0938,2010-11-15,0,0,-8.238303701553264,0
SRH0155,2010-08-04,0,0,-27.372020308985725,0
FBW0747,2010-10-21,0,0,-5.565014971224173,0
MCS0035,2011-01-27,0,0,1.7021049548272913,0
THD0448,2011-02-03,0,0,-0.029480686207648432,0
FBW0747,2010-11-24,0,0,-6.061481695277507,0
TCD0009,2010-10-04,0,0,-27.479173136533745,0
EPW0434,2010-07-02,0,0,-11.670080377635145,0
RAH0440,2010-03-03,0,0,-19.6493942583445,0
ADC0391,2010-08-23,0,0,-6.657318515815859,0
WTR0563,2010-04-26,0,0,-28.358096861068702,0
CSP0197,2010-08-19,0,0,-0.8185427310488649,0
DIW0118,2010-05-25,0,0,-25.42961519039318,0
BCR0581,2010-09-30,0,0,-1.23947277238085,0
MHG0244,2010-06-29,0,0,-17.072147739502384,0
CKD0680,2010-05-20,0,0,-22.096662182765726,0
IIW0249,2010-12-03,0,0,-14.35402009325253,0
ABM0845,2010-10-21,0,0,-1.4904878636043577,0
CIM0926,2010-08-06,0,0,-22.910077553214705,0
BSA0431,2010-05-24,0,0,-12.564438878160104,0
AMR0318,2010-06-08,0,0,-5.274737170833873,0
ORM0669,2010-08-18,0,0,1.1085414199670822,0
KDS0349,2010-08-30,0,0,13.250422930494551,1
CMM0487,2010-05-18,0,0,-5.692833775678196,0
SHR0334,2010-06-24,0,0,-19.001334147598527,0
TJD0996,2011-02-11,0,0,-18.456022944182337,0
NKH0807,2010-09-29,0,0,-28.814951114430755,0
MGS0974,2011-03-01,0,0,-22.008407688995362,0
SNC0187,2010-04-28,0,0,-20.998357381041387,0
BWH0813,2010-09-07,0,0,-27.000623302562303,0
AAV0450,2010-10-01,0,0,-1.2191903865591485,0
ALH0402,2010-04-22,0,0,-11.26591644287339,0
SAA0999,2010-11-23,0,0,-14.288116570929901,0
BTN0061,2011-02-01,0,0,-19.6285522558984,0
SJC0333,2010-12-14,0,0,-19.509265066467037,0
JSA0775,2010-08-17,0,0,-22.017591307112866,0
HJB0742,2010-02-05,0,1,-4.930336505960554,0
EMS0317,2010-05-19,0,0,-4.907877816911537,0
SJC0333,2011-01-21,0,0,-20.868452820187144,0
JFC0557,2010-08-17,0,0,-7.190787255902251,0
QNF0205,2011-03-21,0,0,-2.612466507198519,0
TSM0927,2010-02-01,0,0,-22.19551056751493,0
PLH0715,2010-07-02,0,0,-4.07077497313287,0
MVF0594,2011-04-26,0,0,-0.4596809819545342,0
HRL0540,2011-02-25,0,0,-12.706970829926377,0
DTP0379,2011-03-10,0,0,-10.690117726486505,0
GCL0016,2011-05-16,0,0,-28.072612529386333,0
JCV0245,2010-10-05,0,0,-13.105351091228044,0
JMD0520,2011-03-30,0,0,-21.578338842810354,0
HIA0414,2010-09-23,0,0,-0.8938145720712782,0
HVB0037,2010-09-13,0,0,4.936493725967921,0
BTS0011,2010-02-10,0,0,-19.136483807911986,0
EFS0882,2010-05-04,0,0,-18.892361859914217,0
RBB0485,2010-11-05,0,0,-6.2971457500121915,0
HCC0344,2011-02-02,0,0,-20.85992104302636,0
TSR0676,2010-03-25,0,0,-20.95228331263604,0
VLB0647,2010-06-17,0,0,-21.60860276657229,0
BLS0678,2010-02-11,0,1,-0.4587385889479947,0
SJW0451,2011-02-01,0,0,6.760363067025423,1
MNS0224,2011-02-11,0,0,-21.140411343220194,0
VAA0087,2011-04-01,0,0,-18.97777398919027,0
AMH0464,2011-02-16,0,0,-0.029480686207648432,0
AJF0370,2010-01-11,0,0,-17.42912723501388,0
KJG0910,2010-03-31,0,0,-15.070467062053694,0
SAA0999,2011-05-12,0,0,-15.05389409725558,0
CTA0020,2011-01-17,0,0,-18.190371108677596,0
PAD0773,2010-05-26,0,0,-20.38937825877281,0
KQS0415,2010-11-23,0,0,-7.612327565963028,0
RJM0381,2010-10-07,0,0,-23.136748670589895,0
LHN0151,2010-07-16,0,0,-0.34087968296285,0
DOL0332,2011-05-09,0,0,-18.92588217299476,0
EHB0824,2010-04-23,0,1,-1.7058781133636103,0
MDM0976,2010-08-20,0,0,-21.31743191880912,0
GBM0603,2011-03-21,0,0,-4.971128323662128,0
CNB0900,2011-05-02,0,0,-19.98859854299485,0
LLV0602,2010-05-27,0,0,-6.090211431831335,0
ADD0846,2011-02-04,0,0,-0.22543925009529175,0
LRW0970,2011-03-30,0,0,-3.067758533759161,0
MIM0712,2010-09-20,0,0,-3.2814880105289603,0
CEB0210,2010-09-24,0,0,4.755295093722111,0
AIM0627,2010-05-06,0,0,-7.689252269984081,0
IBS0836,2011-02-03,0,0,-3.727258242041671,0
AJH0175,2010-02-01,0,0,-4.528891735887328,0
ASS0206,2010-12-29,0,0,3.1275492399124687,0
JJB0127,2010-06-17,0,0,-18.451596961257565,0
RGN0408,2010-09-23,0,0,-0.7308461287544787,0
NNA0610,2010-07-08,0,0,-6.558301374788357,0
CCM0136,2010-05-20,0,0,-1.5922265419379755,0
HDH0928,2010-12-21,0,0,3.0112584640312434,0
MFV0897,2010-04-20,0,0,-20.78053111880115,0
KBG0549,2011-04-04,0,0,-20.64248184686096,0
LAF0991,2010-04-14,0,0,-11.683392688979893,0
SMB0804,2010-05-27,0,0,-24.090744361572433,0
JMW0638,2010-11-29,0,0,-20.4550065699965,0
ARD0509,2010-06-04,0,0,-20.929514709916475,0
HTH0007,2010-04-07,0,0,-22.686602770522427,0
RTO0313,2010-10-01,0,0,-4.614864851723382,0
EGK0893,2010-09-16,0,0,-20.78053111880115,0
JKM0303,2011-03-03,0,0,-1.951465366480079,0
KQC0708,2010-08-17,0,0,-0.3858800300046141,0
KRG0158,2011-04-29,0,0,-27.990686063959174,0
MAS0025,2010-06-16,0,1,-18.53491670062101,0
SRS0231,2010-06-07,0,0,-20.95965321409085,0
GQF0659,2010-06-03,0,0,-19.62069140418987,0
NRF0137,2011-03-14,0,0,-0.4596809819545342,0
IAT0263,2010-03-31,0,0,-5.3972136059783224,0
FIR0920,2010-01-28,0,0,-21.795705327611245,0
SAC0592,2011-03-30,0,0,-0.7224114404158399,0
WKF0012,2010-06-14,0,0,-15.314803147348812,0
LUR0896,2010-06-01,0,0,-21.56006893740266,0
LTS0860,2011-01-13,0,0,-8.076974154528102,0
CLF0852,2010-06-03,0,0,-4.053150999547597,0
KPR0497,2010-10-25,0,0,-8.392745851144582,0
MLP0668,2011-01-27,0,0,-0.1199437819537934,0
BAJ0654,2011-04-19,0,0,-20.281659207786788,0
OLF0504,2011-02-17,0,0,-6.296424832202774,0
HGG0240,2011-01-21,0,0,-28.31485290259468,0
DCC0160,2010-10-18,0,0,-20.584712828612624,0
NSC0597,2011-05-04,0,0,-0.7224114404158399,0
ABC0253,2011-03-04,0,0,-19.523856383740963,0
LBC0356,2010-01-04,0,0,-20.541024225854017,0
AMD0077,2011-05-13,0,0,-15.50291056406411,0
JML0909,2010-10-05,0,0,-20.154943938043402,0
FOB0756,2010-01-25,0,0,-20.864226899001437,0
ARB0834,2010-05-24,0,0,-2.782491437155045,0
JAJ0849,2011-04-01,0,0,-1.4202651581832697,0
RHP0484,2010-01-21,0,0,-7.958439850079003,0
AAE0190,2011-01-24,0,0,-25.69245935044455,0
JHP0583,2011-01-18,0,0,-2.1033181184519663,0
DVM0265,2010-11-19,0,0,-0.9385602530493315,0
CKB0427,2010-03-04,0,0,-11.125515453192179,0
IBP0883,2010-02-05,0,0,-20.38937825877281,0
RYB0718,2011-03-02,0,0,-0.22543925009529175,0
CJP0952,2010-04-30,0,0,-0.3858800300046141,0
FBW0747,2010-03-25,0,0,-4.2942130228889255,0
ESA0642,2010-08-23,0,0,-17.241142422138523,0
NKH0807,2011-01-25,0,0,-29.079359509805045,0
RRP0568,2010-03-23,0,0,-22.772397513953706,0
CNM0800,2010-03-05,0,0,-22.70834833856111,0
JDF0593,2010-03-24,0,0,-4.853324228626661,0
JAM0382,2011-05-12,0,0,-23.874639918166167,0
ETR0428,2010-06-15,0,0,-13.176853836941746,0
KMW0545,2010-02-19,0,0,-10.740867555335058,0
DAG0558,2010-12-01,0,0,-27.50386073637469,0
SGB0140,2011-04-04,0,0,-0.029480686207648432,0
YDN0198,2010-03-25,0,0,-28.854408509216,0
DBB0384,2011-03-03,0,0,-24.371942134631354,0
EIS0041,2010-07-29,0,0,-19.626456422957403,0
HPM0986,2011-02-02,0,0,-18.931489497826647,0
CFG0959,2010-10-12,0,0,-1.0498541092994174,0
GCG0951,2010-09-02,0,0,-1.5474462897319654,0
CCC0393,2010-09-29,0,0,-28.61491543457055,0
ABC0253,2010-07-29,0,0,-21.1080609913231,0
FRR0832,2010-06-04,0,0,-1.2591644484622293,0
DIB0081,2010-07-26,0,0,-14.351413741038641,0
OKB0439,2010-03-08,0,0,-20.63893242673032,0
QSV0778,2010-02-18,0,0,-14.631135209324725,0
VSS0154,2010-11-01,0,1,-29.563657276401727,0
MLP0668,2011-03-30,0,0,3.269640730449055,0
ETR0177,2010-04-13,0,0,-28.12471396851504,0
CSJ0340,2010-08-11,0,0,-18.68981131983014,0
RDM0150,2010-04-13,0,0,-7.228459423913591e-05,0
NMB0972,2010-01-28,0,0,-0.22543925009529175,0
DIB0081,2010-06-04,0,0,-9.676738925015684,0
CSB0080,2010-08-30,0,0,-28.409605310368647,0
JIG0128,2011-03-11,0,0,-17.64815852513061,0
IMP0530,2010-09-16,0,0,-21.30001129515665,0
KJM0887,2011-04-13,0,0,-20.291306403365866,0
LOF0311,2010-10-15,0,0,-4.3788786764254155,0
CCR0863,2010-11-30,0,0,-2.300253045023169,0
DIW0118,2010-01-14,0,0,-24.981846775474082,0
IRT0491,2010-06-04,0,0,-4.816549767236779,0
SVL0803,2010-06-18,0,0,-1.494678514143402,0
KAC0124,2010-11-02,0,0,-16.477765210042094,0
JCR0770,2010-10-14,0,0,-19.88698136452581,0
KDT0346,2010-12-30,0,0,-20.151946026981022,0
BKW0374,2010-04-01,0,0,-21.573373690367475,0
KAL0395,2010-07-23,0,0,-25.83815538856652,0
JMB0308,2010-06-08,0,1,-3.70863049651075,0
BAL0044,2010-05-24,0,0,-22.198503407502244,0
ASD0577,2010-03-03,0,0,6.760363067025423,1
AIS0405,2010-06-16,0,0,-9.38223584139439,0
SMY0792,2010-06-21,0,0,-5.603072670672418,0
LAF0991,2010-11-10,0,0,-10.191389306267524,0
ASM0575,2010-07-23,0,0,-1.23947277238085,0
LQP0508,2011-03-29,0,0,-22.418529149424785,0
KTG0091,2010-01-06,0,0,-2.185725589971753,0
TSG0906,2010-07-15,0,0,-20.922153223148257,0
MSD0939,2011-03-25,0,0,-28.233255215949157,0
GCC0945,2011-03-09,0,0,-1.589437420292029,0
JBD0616,2010-11-23,0,0,-3.9078660099996796,0
DVM0265,2011-03-09,0,0,0.3035001666531798,0
BAJ0654,2010-04-30,0,0,-19.394208169055673,0
HCL0113,2010-09-17,0,0,-14.897813207443846,0
SJW0451,2011-04-05,0,0,-0.22543925009529175,0
ASS0517,2011-01-31,0,0,-21.387727140010725,0
PSF0133,2010-08-17,1,1,-4.352379051169123,0
CMM0487,2010-03-10,0,0,-7.319018082324078,0
AMW0392,2010-12-12,0,0,-26.52825728128414,0
HLH0512,2010-02-20,0,0,-20.593520105417383,0
NMC0486,2010-12-01,0,0,-8.139447550613795,0
AKK0329,2011-05-11,0,0,-17.027493507828922,0
AMH0464,2010-02-18,0,0,-3.2814880105289603,0
MKS0204,2011-04-05,0,0,-5.764016254237617,0
MGS0974,2010-08-24,0,0,-19.669199822390283,0
AIP0394,2010-04-28,0,0,-1.6091671688366205,0
MGS0974,2010-09-07,0,0,-20.9431329611848,0
DBS0235,2010-09-30,0,0,-21.752522142002135,0
SMY0792,2010-06-16,0,0,-2.9997627092888024,0
HOB0994,2010-06-15,0,0,-9.461551984715015,0
HSG0818,2010-10-04,0,0,-29.133571685892093,0
KKW0879,2010-07-28,0,0,-7.65575432213825,0
SLB0049,2010-10-29,0,0,-20.635832942151524,0
ZSB0649,2010-10-22,0,0,-21.9384970751903,0
RHY0079,2010-12-16,0,0,-12.59895657046718,0
NHH0185,2010-09-24,0,0,-17.749498414324876,0
FRL0511,2010-12-08,0,0,-22.017591307112866,0
SLB0049,2011-04-26,0,0,-20.2096468436456,0
GNZ0953,2010-09-29,0,0,-0.7064905313396821,0
TPH0474,2010-04-08,0,0,-1.404150611370028,0
KLH0596,2010-07-09,0,1,-0.7224114404158399,0
DPM0423,2011-04-20,0,0,-18.50428123313816,0
GDF0704,2010-04-21,0,0,-2.8360660935867372,0
KRG0158,2010-08-10,0,0,-27.253917634216123,0
ALC0788,2010-05-17,0,0,-1.898631473841533,0
AAN0823,2010-01-19,0,0,-0.9603885267399619,0
AOB0019,2010-03-15,0,0,-18.793707405492114,0
CWR0502,2010-01-29,0,0,-3.224541003643594,0
WTF0387,2011-05-05,0,0,-2.340534943291459,0
MNS0224,2010-02-19,0,0,-21.786835870537857,0
KAC0124,2010-08-02,0,0,-17.66149150847673,0
RGN0408,2010-06-07,0,0,-7.18531648733358,0
PKB0429,2011-03-17,0,0,-14.43045295111051,0
FPC0954,2010-03-18,0,0,-0.3858800300046141,0
SBN0495,2011-05-10,0,0,-7.106596609431335,0
EGD0409,2010-05-14,0,0,-19.976589015711852,0
DHM0937,2010-03-22,0,0,-28.25754462254224,0
CJH0702,2011-03-23,0,0,-1.112927565131713,0
BTN0061,2010-12-21,0,0,-21.942051397041837,0
MDM0976,2010-01-07,0,0,-20.53937744254631,0
QSV0778,2010-04-05,0,0,-21.857797544538244,0
EMS0317,2011-03-09,0,0,-6.786479454677533,0
RZC0746,2011-01-14,0,0,-9.861698993093228,0
HDH0928,2010-01-05,0,0,1.6311933163764252,0
KBB0189,2010-09-15,0,0,-27.208413829569736,0
LBH0942,2011-03-07,0,0,-0.01756252616553411,0
JRF0835,2010-04-29,0,0,-0.9603885267399619,0
QNF0205,2010-01-12,0,0,-0.08931764567250866,0
PIS0522,2010-01-14,0,0,-20.740182295435716,0
IWM0816,2011-01-12,0,0,-7.91438183724722,0
CWR0502,2010-03-11,0,0,-8.332353984497217,0
GQF0659,2011-03-23,0,0,-19.77755120028155,0
HDL0748,2010-09-20,0,0,-5.530975645272406,0
DAG0558,2010-11-15,0,0,-29.13478212234736,0
SGM0021,2010-07-22,0,0,-22.390906681381466,0
MLG0475,2011-02-23,0,0,-0.22543925009529175,0
HKI0171,2011-03-24,0,0,-4.25486906976937,0
FGW0853,2010-08-20,0,0,-3.0029161983094355,0
HCM0267,2011-03-08,0,0,-1.3691922921325386,0
CTR0341,2010-08-30,0,0,-19.52931517904119,0
CPG0322,2010-04-23,0,0,-3.2535458484921946,0
KLM0639,2010-01-27,0,0,-19.072235182019085,0
MSD0939,2010-10-28,0,0,-27.87848321380227,0
MSS0001,2011-01-27,0,0,-16.891032694091905,0
NLO0131,2010-02-12,0,0,-0.4596809819545342,0
CGB0637,2010-07-08,0,0,-18.374469368623522,0
VEB0935,2011-02-28,0,0,-26.276071503371213,0
ZSK0258,2010-07-06,0,0,-20.032197009773313,0
EMW0772,2010-07-06,0,0,-14.896179393143825,0
NJB0243,2010-02-18,0,0,-20.279446523516526,0
RAW0915,2011-04-15,0,0,-19.706373474336942,0
FGW0853,2010-12-30,0,0,-5.374825494004085,0
LHB0967,2010-11-04,0,0,-2.822060863980596,0
BJM0111,2011-01-18,0,0,-23.243261395944614,0
MMB0488,2010-10-18,0,0,-6.346469868202803,0
ILJ0526,2010-06-17,0,0,-18.986528697332915,0
MLD0755,2010-03-12,0,0,-1.7077651068716477,0
OHC0973,2011-04-29,0,0,-0.3858800300046141,0
WGR0833,2010-01-19,0,0,-2.0903255814213253,0
CCC0393,2010-09-08,0,0,-28.26201908824612,0
BDB0453,2010-01-13,0,0,-0.029480686207648432,0
LNS0989,2010-07-06,0,0,2.771898017137346,0
BMT0528,2011-04-20,0,0,-20.965035964874573,0
RKF0164,2010-02-26,0,0,-20.143567903229723,0
GCC0945,2011-01-19,0,0,-3.384029984063204,0
BRB0355,2010-12-16,0,0,-14.652738821343746,0
DKB0631,2010-09-09,0,0,-21.610738001432537,0
FHS0837,2010-05-06,0,0,-1.589437420292029,0
DRR0162,2010-03-04,0,1,-27.714742664123833,0
KBG0549,2010-03-09,0,0,-22.095894059204397,0
RHO0732,2010-03-15,0,0,2.02670206038988,0
SOF0808,2010-06-18,0,0,-26.948163145450735,0
KCS0173,2010-10-20,0,0,-0.5740678430962589,0
ABM0845,2011-01-11,0,0,-1.2137761885505824,0
HKI0171,2010-12-10,0,0,-5.248879025334531,0
LQC0479,2010-05-28,0,1,-6.350959718093122,0
HLH0512,2010-02-25,0,0,-21.068510552234216,0
CIM0926,2010-06-01,0,0,-22.35779320221809,0
OLW0689,2010-09-14,0,0,-2.1189648282568214,0
TEB0251,2010-10-04,0,0,-17.18738288436782,0
SXM0895,2010-04-30,0,0,-21.708390651625564,0
WGR0833,2010-08-05,0,0,-2.0803501785480876,0
MSO0222,2010-02-01,0,1,-22.60380729222254,0
SNS0129,2010-12-17,0,0,-27.60573172004206,0
CKD0680,2010-01-22,0,0,-22.15933463757335,0
WIF0691,2010-01-15,0,0,-23.48737265835348,0
KWC0004,2010-09-07,0,0,-23.89999867205313,0
TRK0914,2011-05-11,0,0,-0.7495672590771392,0
GNS0178,2010-05-25,0,0,-16.892826120813538,0
JMH0543,2010-03-19,0,0,-24.089936514526585,0
LCD0622,2010-02-18,0,0,-5.908513627381353,0
DGF0443,2010-12-02,0,0,-16.372184531619723,0
TRK0914,2011-02-07,0,0,-0.10163614452847014,0
DBG0261,2010-02-23,0,0,-18.704920724296812,0
LHB0967,2010-05-17,0,0,-0.3858800300046141,0
NMB0972,2011-03-07,0,0,-0.22543925009529175,0
NSC0597,2011-02-24,0,0,-1.2191903865591485,0
HIW0536,2010-10-04,0,0,14.559535067262345,1
MIL0255,2010-02-09,0,0,-17.794205771347833,0
CKB0427,2011-03-17,0,0,-12.47128556135533,0
SGG0787,2010-05-10,0,0,-24.576869159166904,0
GCS0518,2010-11-11,0,0,-21.335937955741997,0
SLP0762,2010-11-11,0,0,-19.88698136452581,0
KJM0887,2010-09-17,0,0,-20.291306403365866,0
ONW0083,2010-06-24,0,0,-17.29072577822467,0
CEJ0109,2010-03-19,0,1,-10.476753975096017,0
SBN0971,2010-06-11,0,0,-2.0903255814213253,0
TPH0474,2010-11-03,0,0,-0.4596809819545342,0
PNH0761,2010-11-01,0,0,-19.716597280933115,0
UBF0645,2011-04-28,0,0,-18.880151641464636,0
MHA0798,2010-04-21,0,0,-2.428405715878853,0
KBG0549,2010-02-09,0,0,-19.778618653217336,0
NGF0157,2010-01-05,0,0,-9.813314432457105,0
MCF0327,2011-03-10,0,0,-6.036649948233048,0
RHY0079,2010-03-15,0,0,-11.712457371276969,0
ASL0378,2010-01-28,0,0,-23.637646191971044,0
HWH0646,2011-02-22,0,0,-18.169172116727964,0
KJP0371,2010-10-27,0,0,-22.42936880440834,0
LCB0664,2010-06-03,0,0,-23.57765442309119,0
BIH0745,2010-06-23,0,1,-5.070636149169445,0
MAE0331,2011-01-10,0,0,-18.10882442076513,0
RHY0079,2011-02-11,0,0,-14.305321166236695,0
KKC0683,2010-01-20,0,0,-7.3010885691115845,0
DLF0377,2010-10-15,0,0,-1.9728548329812838,0
ZSB0649,2010-12-15,0,0,-19.973503437631962,0
LJJ0905,2011-02-28,0,0,-22.017591307112866,0
NAF0033,2010-08-13,0,0,3.9194133498394876,0
JXH0493,2010-07-30,0,0,-5.050439610533999,0
BLB0114,2010-11-01,0,0,-14.589486728091401,0
IYB0918,2010-10-19,0,0,-22.39239508846424,0
AMJ0297,2011-03-04,0,0,-0.7224114404158399,0
AHD0848,2011-05-03,0,0,-1.861560402184864,0
HKI0171,2011-03-16,0,0,-5.255290743743558,0
CMM0487,2010-11-15,0,0,-5.320858383289419,0
JJB0700,2011-03-11,0,0,-1.0831116803301484,0
DSB0731,2011-03-02,0,0,-4.834595938309803,0
JCR0172,2011-04-04,0,0,-1.3130712052077342,0
BMS0877,2010-05-06,0,0,-4.371312844330191,0
TJD0996,2011-04-14,0,0,-18.534839932675027,0
CEB0210,2011-05-09,0,0,4.4484797821187385,0
FWM0707,2011-04-27,0,0,-0.22543925009529175,0
PAD0773,2010-09-23,0,0,-19.82238329474751,0
MCJ0324,2011-05-03,0,0,-4.41645535700593,0
XAA0104,2010-07-30,0,0,-17.867357144823245,0
UCS0227,2010-09-01,0,0,-1.9400566787944626,0
ASD0577,2010-05-26,0,0,-0.7224114404158399,0
QNF0205,2011-01-12,0,0,3.8382923486840355,0
XWD0923,2010-03-11,0,0,-0.8627048950078233,0
BXJ0010,2010-06-16,0,0,-21.074999712338013,0
WIQ0567,2010-05-09,0,0,-25.014545451293998,0
USH0199,2010-08-27,0,0,-22.670579525371863,0
CMW0783,2010-12-15,0,0,-19.88698136452581,0
RZC0746,2010-05-21,0,0,-8.306932010603873,0
PKB0429,2010-09-03,0,0,-13.832208007014856,0
UJC0737,2010-08-04,0,0,-6.033684709844806,0
JCR0770,2010-08-12,0,0,-22.017591307112866,0
DRR0162,2011-01-06,0,1,-22.483667508096232,0
MPT0376,2010-11-08,0,0,-2.863266737542176,0
IIL0513,2010-01-06,0,0,-22.22950757293927,0
RSM0277,2011-02-21,0,0,-7.2531862247369645,0
MJB0588,2011-02-21,0,0,1.4486246928361197,0
SAB0781,2010-03-05,0,0,-22.01558496769303,0
LCB0664,2010-06-29,0,0,-26.539547768826537,0
IKP0472,2011-01-01,0,0,-5.515064662417444,0
LUR0896,2010-05-17,0,0,-17.22626616159266,0
WBC0315,2010-03-16,0,0,-4.619748713002423,0
QCH0110,2010-04-30,0,0,-20.43780331921505,0
LBF0214,2010-12-07,0,0,-6.1674932811178,0
HDS0367,2010-10-06,0,0,-19.1287178735613,0
SRH0155,2011-02-24,0,0,-27.439621736695358,0
MNC0717,2010-03-23,0,0,-3.7022810571497757,0
JRL0574,2010-04-20,0,0,-0.029480686207648432,0
GJD0298,2010-11-03,0,0,-0.4596809819545342,0
SRS0231,2010-03-08,0,0,-23.564641333483223,0
DMM0623,2010-12-16,0,0,-5.026160400305002,0
SHR0334,2010-06-15,0,0,-21.46958600392577,0
DPM0423,2011-03-30,0,0,-19.053830440407864,0
KCS0173,2011-03-10,0,0,-4.000327493981899,0
HWW0436,2011-04-05,0,0,-11.047354672405618,0
NRF0137,2010-04-15,0,0,-3.2683919445329366,0
MSH0040,2010-07-23,0,0,-20.233075367136394,0
EMS0317,2011-04-01,0,0,-5.972054333925712,0
BAM0611,2010-10-08,0,0,-7.14741396598663,0
TDG0962,2011-03-04,0,0,-4.331719763086312,0
CJP0952,2011-03-21,0,0,-1.2137761885505824,0
THR0873,2010-09-15,0,0,1.7803987402454595,0
IBP0883,2010-07-03,0,0,-13.11250238029163,0
SGS0268,2010-07-22,0,0,-7.052539868335657,0
CEL0561,2010-12-22,0,0,-28.5087836828111,0
WIF0691,2010-12-29,0,0,-23.255688905793363,0
RAB0589,2010-08-18,0,1,-3.8435272643762346,0
GLR0975,2011-02-09,0,0,-19.70701539447714,0
KPC0073,2010-04-06,0,1,-26.80026028910379,0
AJC0840,2010-06-24,0,0,-1.7712979978922476,0
JJM0203,2010-03-15,0,1,-21.92468481212302,0
JDB0169,2010-08-06,0,0,-0.4938946199113161,0
NOB0181,2010-04-14,0,0,-17.639431656363058,0
GTD0116,2011-02-21,0,0,-26.211819881633915,0
CRK0916,2011-05-06,0,0,-10.491604296415403,0
AOB0019,2010-06-25,0,0,-20.496923726264754,0
BLL0929,2011-01-25,0,0,-24.43502624220423,0
TSM0927,2011-01-24,0,0,-21.261035102127835,0
APG0307,2010-05-17,0,0,-0.029480686207648432,0
AHG0634,2010-05-28,0,0,-18.96486362878386,0
ZFM0468,2010-06-02,0,0,-2.3067309677462617,0
MBG0438,2010-10-08,0,0,-10.8103236475647,0
CAB0388,2010-07-16,0,0,-22.29711424234756,0
JCC0225,2011-04-12,0,0,-20.299003901057063,0
CPG0322,2010-07-19,0,0,0.2296463865205851,0
MBJ0312,2010-12-01,0,0,-3.6446212267569535,0
GCC0945,2010-05-06,0,0,-1.760974043643614,0
THR0873,2010-01-14,0,0,4.4440951777392,0
BJH0811,2010-10-25,0,0,-26.999777853832597,0
ABC0253,2010-02-18,0,0,-18.30598265906417,0
BMT0528,2010-11-24,0,0,-19.5938911955717,0
HTH0007,2010-01-05,0,0,-23.458920322408062,0
SES0477,2010-10-11,0,0,-7.833472225588821,0
CWR0502,2010-01-28,0,0,-6.991628494859583,0
GZB0469,2010-04-21,0,0,-0.029480686207648432,0
VLB0647,2010-04-06,0,0,-21.533921190172464,0
HPR0585,2011-01-26,0,0,-1.9297300539783464,0
IRT0491,2010-11-11,0,0,-5.965726897073864,0
WTR0563,2010-02-15,0,0,-27.622512855718128,0
AOK0844,2010-08-19,0,0,-2.258539417445377,0
JAV0361,2010-02-23,0,0,-22.29494242382964,0
HIW0536,2010-04-07,0,0,14.111817298955657,1
HCL0113,2010-09-29,0,0,-11.113028897335994,0
MHH0180,2010-06-07,0,0,-18.43378908679574,0
JPW0741,2010-09-13,0,0,-3.661623819660349,0
TSR0676,2010-01-28,0,0,-20.609487765435574,0
ILC0838,2010-01-15,0,0,-0.22543925009529175,0
MIC0726,2010-04-28,0,0,-5.1758769041316555,0
WBC0315,2010-05-19,0,0,-5.387936838424707,0
CRD0624,2010-02-25,0,0,-5.784173297725829,0
HIW0536,2010-06-11,0,0,18.623360711046303,1
GCL0016,2010-08-12,0,0,-26.94380445794502,0
MSH0040,2010-06-29,0,0,-22.323311449197377,0
KJP0371,2010-03-25,0,0,-22.115881169490308,0
ERH0449,2010-11-22,0,0,-0.7064905313396821,0
JMK0099,2011-04-19,0,0,-10.214769336479776,0
MSS0001,2011-02-28,0,0,-16.65642550078337,0
MKL0941,2010-12-27,0,0,-7.769292027404958,0
MFV0897,2011-04-29,0,0,-19.591256246888634,0
JDC0030,2010-04-19,0,0,-28.349062216350376,0
MYD0978,2010-04-30,0,1,-19.079533330313097,0
CAS0507,2010-12-15,0,0,-19.42905672493498,0
BRM0995,2011-04-19,0,0,-6.005224797055575,0
TDJ0998,2011-02-03,0,0,-15.649568484762199,0
MIL0255,2011-04-20,0,0,-18.618016061179333,0
YDN0198,2011-05-04,0,0,-26.900826612889546,0
DSB0731,2011-02-22,0,0,-6.494327931147836,0
LMF0980,2011-05-11,0,0,-21.010718390357056,0
SCP0130,2010-09-10,0,0,-1.9157297106664828,0
CLB0774,2010-02-24,0,0,-21.99263900761798,0
KKW0879,2010-02-11,0,0,-1.0078596488109497,0
ZFM0468,2011-04-20,0,0,-0.22543925009529175,0
CCR0863,2010-08-09,0,0,-5.135479986874657,0
CCA0046,2010-03-05,0,1,-21.702937310118728,0
KLH0596,2010-11-02,0,1,-0.029480686207648432,0
CFG0959,2010-01-21,0,0,-1.0498541092994174,0
JCC0225,2010-07-14,0,0,-21.197965070401324,0
IUY0279,2010-12-30,0,0,-10.993476780551305,0
LJB0826,2011-02-02,0,0,-0.9964347838972571,0
GNS0178,2010-11-04,0,0,-17.989828608017092,0
JZD0888,2011-03-03,0,0,-21.335937955741997,0
KPP0452,2010-09-24,0,0,-0.029480686207648432,0
BJM0111,2010-10-12,0,0,-24.40192947724495,0
VCY0751,2010-08-03,0,0,-5.369247440287836,0
ATF0274,2011-01-10,0,0,-22.935385209942638,0
JAJ0849,2010-05-24,0,0,-1.740870124750586,0
BSS0463,2010-06-15,0,0,-0.029480686207648432,0
PPF0435,2010-04-06,0,1,-14.194286632471517,0
SJF0094,2011-05-12,0,0,-11.706120298091832,0
HLM0933,2010-08-09,0,0,-6.547796905915561,0
LRW0970,2010-05-25,0,0,-0.22543925009529175,0
NCK0421,2010-07-30,0,0,-25.07898968384734,0
JDC0030,2010-07-17,0,0,-26.38113113663269,0
KJW0416,2010-10-18,0,0,-0.43717392278767875,0
EGD0132,2010-07-19,0,1,-3.219858382051825,0
IJR0825,2010-04-01,0,0,-0.7064905313396821,0
ALD0544,2011-05-03,0,0,-1.9422789046918751,0
DSM0591,2011-04-20,0,0,-1.2018865578410214,0
CMW0783,2011-02-24,0,0,-21.387727140010725,0
NSS0876,2011-01-06,0,0,-8.397395624613637,0
FPC0954,2010-03-10,0,0,-1.0498541092994174,0
OCB0805,2010-09-07,0,0,-4.184855759579591,0
MLG0475,2010-02-05,0,0,-0.029480686207648432,0
CLF0852,2010-03-19,0,0,-5.489871300438608,0
DRR0242,2011-04-13,0,0,-28.575391264957375,0
NKP0236,2010-05-12,0,0,-29.014056642674177,0
NAF0033,2010-11-29,0,0,3.183075051231185,0
JSH0330,2010-06-21,0,0,-19.243346497990274,0
RRP0568,2011-02-04,0,0,-24.029112532353338,0
RLG0856,2011-02-01,0,0,-4.489402639933132,0
UCH0519,2010-09-30,0,0,-19.88698136452581,0
KDS0349,2010-10-19,0,0,12.120119710319273,1
RSM0277,2011-03-16,0,0,-8.937723589319262,0
MIM0712,2011-02-28,0,0,-1.112927565131713,0
LDB0090,2010-10-22,0,0,-27.438442207689604,0
MJM0510,2010-11-01,0,0,-20.55304719159301,0
KMS0657,2010-02-15,0,0,-20.770102813937797,0
AVM0947,2011-05-03,0,0,-8.071706032870225,0
TJD0996,2010-09-14,0,0,-20.320358373332283,0
MCT0720,2011-03-23,0,0,-0.22543925009529175,0
SMY0792,2010-02-03,0,0,-3.074197419776965,0
CNE0352,2010-07-19,0,0,-13.104755461522927,0
KAT0489,2010-08-23,0,0,-6.196861738781536,0
VSS0154,2010-01-06,0,1,-29.806947069705643,0
DID0650,2010-03-16,0,0,-20.338059855949837,0
DIB0081,2010-02-23,0,0,-13.386080033924372,0
PPF0435,2011-02-18,0,1,-14.378274802363421,0
CLD0894,2010-05-18,0,0,-21.228307059185113,0
IIL0513,2010-01-15,0,0,-19.48647899906507,0
ZMC0284,2010-09-13,0,0,-16.632338655219883,0
CIM0271,2010-09-16,0,0,-19.209827077849695,0
CTR0697,2010-10-13,0,0,-1.760974043643614,0
ATE0869,2010-08-31,0,0,2.7504163243416997,0
AJD0074,2010-06-09,0,0,-27.85060501418741,0
MKP0861,2010-11-24,0,0,-6.201383761710531,0
CCA0046,2010-06-02,0,1,-20.39107122163398,0
MCD0125,2010-05-26,0,0,-18.629350044572448,0
JMC0925,2010-08-10,0,0,-8.443350613626649,0
HGH0595,2010-09-17,0,0,-2.7687114063107856,0
RJM0381,2010-11-16,0,0,-20.195882065093315,0
TLH0648,2010-05-05,0,0,-17.88319154693511,0
SEJ0677,2010-01-05,0,0,-2.6367843267779563,0
EIS0041,2010-04-16,0,0,-14.98456018939271,0
NBC0412,2010-11-11,0,0,-3.08889224665279,0
HCS0003,2010-09-03,0,0,-20.83264352379092,0
SOF0808,2010-06-01,0,0,-28.2680277426158,0
KSP0966,2011-03-15,0,0,-0.7261734935627828,0
ARD0509,2011-04-25,0,0,-16.141884555514252,0
KJP0371,2010-10-01,0,0,-22.191085523061247,0
BJH0811,2011-03-21,0,0,-27.740921028016714,0
CUD0795,2011-04-07,0,0,-11.317652351047627,0
CCM0855,2010-07-27,0,0,-7.826465599949984,0
RTO0313,2010-11-01,0,0,-4.5787875765744275,0
TLK0993,2010-06-10,0,0,-10.27909788436989,0
BBS0422,2010-08-20,0,0,-20.56346052640697,0
MDM0976,2010-08-02,0,0,-20.616787491313403,0
RAW0915,2011-01-26,0,0,-15.91357724828572,0
AHM0410,2011-01-12,0,0,-6.24191347976091,0
RAG0275,2010-12-02,0,0,-18.58312999453335,0
QRM0739,2011-01-13,0,0,-4.192956168049363,0
LJB0826,2011-01-05,0,0,-0.22543925009529175,0
GCC0945,2010-10-25,0,0,-4.557343643490412,0
MES0407,2011-04-25,0,0,-5.846418590035796,0
SED0886,2010-08-18,0,0,-21.068510552234216,0
WPE0538,2010-03-16,0,0,-1.2677701589115031,0
BJP0134,2010-06-07,0,0,-5.89927725339146,0
RTO0313,2011-03-29,0,0,-3.2605419979612407,0
MJS0890,2010-03-09,0,0,-21.335937955741997,0
GQF0659,2010-12-15,0,0,-19.309619787597853,0
LDG0459,2010-03-11,0,0,-1.5794869891409462,0
BRB0355,2011-01-13,0,0,-15.25358368685113,0
PDH0716,2010-09-08,0,0,-5.344053692142779,0
NBH0256,2011-02-16,0,0,-18.636374427398437,0
GOK0238,2010-02-23,0,0,-24.409208469118425,0
AJR0932,2010-07-15,0,1,-29.079316274574467,0
QCH0110,2010-09-13,0,0,-18.49374938643905,0
KCB0815,2010-05-26,0,0,-5.735004433979952,0
JFC0757,2010-01-25,0,0,-20.78053111880115,0
AAV0450,2011-02-08,0,0,-2.001422192468908,0
CAB0614,2010-03-01,0,0,-9.121253695901487,0
RMS0266,2010-08-16,0,0,-5.918108670238098,0
JJB0127,2010-12-22,0,0,-16.993691310244458,0
MLD0755,2011-04-25,0,0,-5.870278807359568,0
HPR0585,2010-12-01,0,0,-1.3361854307088379,0
LJB0826,2010-10-07,0,0,-2.7105248847627763,0
AAE0190,2010-10-21,0,0,-25.912781410024536,0
ZJS0269,2010-09-15,0,0,-21.197821322457344,0
RHY0079,2010-08-13,0,0,-13.75643530497598,0
AKK0329,2010-04-22,0,0,-17.071161779540603,0
LRW0970,2010-02-05,0,0,-1.0498541092994174,0
KVS0425,2010-07-29,0,0,-6.393875777176845,0
JJB0700,2010-07-02,0,0,-0.9603885267399619,0
FQA0854,2010-03-18,0,0,-5.8480737746951945,0
GQP0743,2010-09-08,0,0,-7.2708610372160365,0
HDD0806,2011-03-10,0,0,-5.933870422855193,0
HCL0113,2010-10-29,0,0,-12.367278882750156,0
IUY0279,2010-02-18,0,0,-9.289558437231221,0
FFC0891,2010-04-23,0,0,-21.160870686145017,0
ATP0662,2010-01-14,0,0,-24.889471922016696,0
CLH0703,2010-01-18,0,0,-0.3858800300046141,0
SES0477,2010-10-20,0,0,-5.235218214688189,0
AVM0947,2010-08-12,0,0,-4.026079637735506,0
IRT0491,2010-09-28,0,0,-4.871272825666551,0
HTF0641,2010-12-09,0,0,-21.60394742373387,0
BBH0810,2011-02-14,0,0,-27.613934413398397,0
ILR0304,2010-05-26,0,0,-0.7224114404158399,0
MVF0594,2011-05-04,0,0,-0.4596809819545342,0
BSS0369,2010-09-25,0,1,-19.771956930822284,0
ELH0960,2010-10-20,0,0,-0.9964347838972571,0
ALH0402,2011-02-14,0,0,-12.540751571520104,0
KMB0922,2010-09-07,0,0,-23.31033313096725,0
NLO0131,2010-02-18,0,0,-0.4596809819545342,0
GTD0898,2011-02-01,0,0,-19.591256246888634,0
CJV0286,2011-01-18,0,0,-21.32394317670355,0
GAF0570,2010-12-01,0,0,-6.0451120536755525,0
BWH0813,2010-01-19,0,0,-26.65963411112955,0
MLG0475,2010-04-08,0,0,-0.029480686207648432,0
JKF0465,2011-01-22,0,0,-0.6702730895577815,0
MHA0798,2011-02-14,0,0,-1.6930896638720014,0
WBC0192,2010-03-03,0,0,-26.874933538065875,0
RAW0915,2011-03-09,0,0,-20.787181561643592,0
CJG0470,2011-03-02,0,0,-0.029480686207648432,0
HWH0646,2010-01-22,0,0,-20.409291733654527,0
HGH0595,2010-10-29,0,0,-0.029480686207648432,0
PLH0862,2010-01-20,0,0,-4.894341368314144,0
MLD0755,2010-12-13,0,0,-4.594672062372638,0
KLH0596,2010-01-28,0,1,-0.029480686207648432,0
JNJ0556,2010-10-11,0,0,-22.115020168226806,0
IJM0776,2010-04-05,0,1,-19.878458058137653,0
LAM0911,2010-04-26,0,0,8.921019617570323,1
BSS0463,2011-03-15,0,0,-1.112927565131713,0
RMW0542,2010-03-02,0,1,-2.5751074824264606,0
NCH0179,2010-11-22,0,0,-28.08138255407357,0
CCM0855,2010-09-16,0,0,-3.480278662488786,0
BKW0374,2010-10-13,0,0,-21.67217599724097,0
VLB0647,2011-05-13,0,0,-18.310918872798766,0
COF0120,2010-08-30,0,0,-28.156491797689455,0
DMM0623,2011-01-17,0,0,-6.929536696663831,0
PID0426,2011-01-27,0,0,-12.186270484721717,0
SPA0141,2010-02-03,0,0,-27.110409996797557,0
CIM0271,2010-03-04,0,0,-19.948486687518198,0
CLS0296,2010-03-08,0,0,-0.029480686207648432,0
HCL0113,2010-06-11,0,0,-13.693669313486566,0
JMH0543,2010-05-18,0,0,-23.15804748674998,0
ASG0048,2011-02-18,0,0,-18.41808159979223,0
LAF0991,2010-01-06,0,0,-12.717301433091734,0
EMW0772,2010-04-21,0,0,-18.18034989044861,0
WPE0538,2010-05-06,0,0,-0.4928415707710201,0
DOP0562,2010-04-14,0,0,-28.620033053479915,0
SAH0599,2010-03-12,0,0,-0.4596809819545342,0
GLR0975,2010-01-05,0,0,-19.87105694382501,0
CMB0912,2010-07-02,0,0,-24.516555831996016,0
EGD0409,2010-05-25,0,0,-17.15378037366338,0
CBG0490,2010-10-25,0,0,-7.108583790964644,0
OCB0805,2010-11-29,0,0,-1.133522929987521,0
MIL0255,2010-02-12,0,0,-19.891729067523215,0
ZKS0899,2011-02-10,0,0,-22.03348547363612,0
JCR0172,2010-09-10,0,0,-4.094384826351529,0
THR0873,2010-05-17,0,0,-0.1420230025842102,0
TBT0461,2010-08-20,0,0,-0.029480686207648432,0
CSL0949,2010-01-14,0,0,-1.0498541092994174,0
ALD0544,2010-07-14,0,0,-2.0923396487613672,0
SCB0534,2011-01-10,0,0,-21.741885558658282,0
BJW0619,2011-04-14,0,0,-2.9986802691839785,0
LMF0980,2010-05-14,0,0,-21.227266070218548,0
SBN0866,2011-03-07,0,0,0.8433389132061393,0
CGF0337,2010-08-30,0,0,-18.10882442076513,0
DZC0228,2010-02-15,0,0,-7.747536715921797,0
KVS0425,2010-12-21,0,0,-4.951898689905079,0
SAH0599,2010-01-11,0,0,-0.7224114404158399,0
MSH0040,2010-05-21,0,0,-21.489612464549623,0
TLM0797,2010-07-30,0,0,0.6651938198052676,0
AAE0190,2011-02-22,0,0,-27.132541283501723,0
LBF0214,2011-03-07,0,0,-0.17647817511874564,0
HGN0287,2010-07-13,0,0,-13.660351680772578,0
AIM0627,2010-12-28,0,0,-4.08298434019116,0
CGF0337,2010-08-06,0,0,-18.535453888596635,0
BMC0547,2010-11-08,0,0,-9.938319313516217,0
JPW0741,2010-08-13,0,0,-5.695801904932637,0
JAV0361,2010-04-07,0,0,-21.70085128053813,0
CAS0507,2010-07-19,0,0,-23.298197242545598,0
ALH0402,2010-06-01,0,0,-9.481522690647466,0
ABM0845,2010-02-26,0,0,-1.2137761885505824,0
FDE0117,2010-06-28,0,0,-26.121629076784984,0
WDD0366,2010-10-06,0,1,-21.633250264310277,0
SBN0495,2010-06-14,0,0,-5.477398424643411,0
EDB0714,2010-07-26,0,1,-4.102514300717644,0
IIA0092,2010-12-15,0,0,-4.107124779386027,0
ARB0881,2010-08-13,0,0,-20.412769216833453,0
AMR0318,2010-06-23,0,0,-2.0622137826201197,0
SCF0608,2010-05-06,0,0,-7.237849751447129,0
NDM0417,2011-05-13,0,0,-18.852364318177365,0
HCC0344,2010-12-03,0,0,-18.2451995125532,0
AKH0758,2010-12-15,0,0,-20.291306403365866,0
SBH0537,2010-11-17,0,0,-24.479936236880917,0
RAS0432,2010-11-08,0,0,-13.03338066940114,0
ERH0449,2010-06-09,0,0,-0.7224114404158399,0
WVB0539,2011-05-10,0,0,-26.17853779925497,0
IIW0249,2011-01-04,0,0,-13.589264629985337,0
RVC0232,2010-03-25,0,0,-3.1362363370055846,0
KDS0349,2010-12-03,0,0,11.431295066225289,1
SAH0599,2010-11-12,0,0,-0.7224114404158399,0
JXH0493,2010-08-18,0,0,-5.191038834849223,0
CGB0637,2010-05-18,0,0,-22.092796673506427,0
WIF0691,2010-02-01,0,0,-20.819740995776897,0
CKH0144,2011-01-03,0,0,-26.443714474975764,0
LCD0622,2010-02-16,0,0,-5.5619341452946855,0
AIH0675,2011-01-28,0,0,-23.52431053898374,0
HTH0007,2011-03-31,0,0,-23.602103882236747,0
KNW0644,2010-04-27,0,0,-21.093473020204556,0
ASG0692,2010-08-16,0,0,-26.14971674422395,0
CSB0080,2010-01-05,0,0,-26.124190603911188,0
LAM0911,2011-04-29,0,0,19.125441621033588,1
RAH0440,2010-04-14,0,0,-19.26923675825708,0
GZB0469,2010-06-30,0,0,-0.029480686207648432,0
UBF0645,2010-02-08,0,0,-21.60394742373387,0
RRA0938,2010-05-06,0,0,-7.269746613453776,0
ILH0958,2011-04-05,0,0,-4.107690876061383,0
LJJ0905,2011-03-02,0,0,-21.21728237083846,0
NAB0903,2010-11-18,0,0,-18.36354071104654,0
BWH0813,2010-03-01,0,0,-26.24074560380143,0
EHB0420,2011-02-12,0,0,-16.918202102792634,0
DJS0682,2010-09-16,0,0,-4.157636451965345,0
CGA0629,2010-09-30,0,0,-3.9941824095100174,0
MJB0588,2010-08-24,0,0,-2.2832896928276796,0
COM0321,2010-09-09,0,0,-3.7394792592396016,0
HTF0641,2010-04-30,0,0,-19.309619787597853,0
NMG0766,2010-08-13,0,0,-20.88987158352893,0
LAM0911,2010-07-12,0,0,7.365223342825857,1
PMC0328,2010-09-21,0,0,-17.836147766687304,0
ILH0958,2010-06-04,0,0,-4.419042692513699,0
HSD0457,2011-02-07,0,0,-0.3858800300046141,0
AJR0319,2011-05-13,0,0,-4.77237575163781,0
HRW0550,2010-03-17,0,0,-21.723499466579938,0
SAK0375,2011-03-02,0,0,-22.061665487380537,0
BJM0111,2010-09-18,0,0,-12.295197487224414,0
PKB0429,2010-02-08,0,0,-12.573256318284507,0
AGB0643,2010-03-09,0,0,-18.204550946761856,0
GCS0518,2010-05-14,0,0,-22.300056690424185,0
NAB0801,2010-02-10,0,0,-4.1909984872131645,0
KBL0260,2010-03-22,0,0,-19.40949890152467,0
WPE0538,2011-03-09,0,0,-2.2288207170203123,0
MHA0798,2010-06-17,0,0,0.16943674276694765,0
DGW0752,2011-02-10,0,0,-5.430410718994267,0
NMF0780,2011-04-05,0,0,-19.01535304050435,0
RGG0064,2010-02-15,0,1,-4.617299829913009,0
CKB0482,2010-07-02,0,0,-6.977456212012271,0
KMW0545,2010-07-26,0,0,-11.155844835256516,0
HDD0806,2010-07-06,0,0,-11.948748112135377,0
JCR0770,2011-01-13,0,0,-21.30001129515665,0
OBH0499,2011-01-10,0,0,-4.570532491544213,0
ESH0283,2010-03-31,0,0,-16.21188917785389,0
AVM0947,2010-11-23,0,0,-7.2808806987032995,0
ATP0662,2010-08-19,0,0,-22.520778557970857,0
BMG0917,2011-01-11,0,0,-10.321140091062261,0
GCS0518,2011-03-11,0,0,-19.88698136452581,0
PTH0552,2011-01-04,0,0,-0.15184372148280545,0
NGF0157,2010-03-18,0,0,-10.398206145288555,0
DPM0423,2010-07-15,0,0,-20.076613205867147,0
MCF0327,2010-08-19,0,0,-3.334888143122157,0
HOB0994,2011-01-21,0,0,-11.853433103437396,0
WGS0516,2011-04-01,0,0,-21.30001129515665,0
KAT0489,2011-01-03,0,0,-6.050534060859377,0
JJH0613,2010-07-14,0,0,-4.800647298244257,0
FLM0213,2011-05-10,0,0,3.1385406029928617,0
OBH0499,2011-02-17,0,0,-3.7923207929939053,0
ELB0847,2010-08-10,0,0,-3.9971648671184994,0
BJH0354,2010-04-27,0,0,-28.06825292565111,0
OYM0026,2010-01-26,0,0,-4.5847186558874,0
SOB0360,2010-07-30,0,0,-22.233239146247,0
AIP0982,2011-04-07,0,0,-21.794333431006976,0
BSS0463,2010-12-14,0,0,-2.1954716241012875,0
LOM0086,2010-01-14,0,0,-14.312269279454995,0
RVC0232,2010-01-19,0,0,1.6540638058913828,0
AMR0318,2010-07-16,0,0,-6.941907884207467,0
MKW0441,2011-02-01,0,0,-13.740756708035633,0
DPM0423,2011-03-21,0,0,-17.898782404833128,0
WTR0563,2010-10-01,0,0,-28.985286715932034,0
MJB0588,2011-05-06,0,0,-2.0871602725209186,0
MAW0166,2010-12-03,0,0,-25.696938760949593,0
DVW0103,2011-04-26,0,0,-11.00404513650426,0
CLB0774,2010-09-09,0,0,-24.71356096517013,0
SGM0021,2011-05-05,0,0,-24.107706506881982,0
GTD0116,2011-04-06,0,0,-26.44283631200426,0
HCC0344,2011-04-01,0,0,-17.925074038960588,0
EMW0772,2010-06-01,0,0,-19.836397841411326,0
LMF0980,2010-08-05,0,0,-21.066620229309706,0
IIA0092,2010-11-02,0,0,-6.839100442259564,0
RBB0485,2010-10-05,0,0,-7.542734776422321,0
RLB0719,2010-05-28,0,0,-0.9964347838972571,0
DFH0188,2010-01-04,0,0,-20.36383118389108,0
NMF0780,2011-04-04,0,0,-21.148852660381976,0
DBB0384,2010-06-03,0,0,-21.818489278395077,0
DMK0257,2010-03-29,0,0,-16.953672313866605,0
DLH0029,2010-04-15,0,0,5.105507503844933,0
RHO0732,2010-09-08,0,0,-6.706347352973921,0
KMB0922,2010-08-17,0,0,-20.67197227740064,0
LEM0605,2010-11-09,0,0,-7.49733066038732,0
AOB0019,2010-11-01,0,0,-20.902774233230843,0
TYB0779,2010-05-18,0,0,-20.412769216833453,0
TDJ0998,2010-01-25,0,0,-15.498451301562795,0
BCR0581,2011-03-21,0,0,-1.833257527821047,0
BMG0917,2010-03-25,0,0,-6.366537462906763,0
CCM0467,2010-07-30,0,0,-0.7224114404158399,0
EJW0884,2010-07-26,0,0,-19.7744047319394,0
RNL0695,2010-12-20,0,0,-26.33541256900253,0
AMV0036,2010-03-22,0,0,4.59939280179276,0
KSP0966,2010-11-01,0,0,-3.5260224806002043,0
MFV0897,2010-05-18,0,0,-22.300056690424185,0
POB0343,2010-06-23,0,0,-17.837645431050646,0
HKF0831,2011-04-21,0,0,-0.7261734935627828,0
HLH0512,2010-03-13,0,0,-21.553794008806562,0
BRB0355,2011-04-06,0,0,-13.72026370908452,0
DTP0379,2010-02-26,0,0,-9.69316004674647,0
WSR0241,2011-01-06,0,0,-29.178041111468247,0
ACC0042,2010-03-10,0,0,-21.1207716485917,0
CKB0482,2010-12-02,0,0,-7.0996570069170275,0
HKF0831,2011-04-26,0,0,-1.0498541092994174,0
GZC0735,2010-01-07,0,0,-8.254028275289897,0
JMW0638,2010-06-10,0,0,-18.404408771753424,0
ADD0846,2010-03-31,0,0,-0.3858800300046141,0
JCG0316,2010-06-11,0,0,-1.2535290696426955,0
CMB0912,2010-05-27,0,0,-25.409689639488874,0
KDS0349,2010-11-18,0,0,15.427810164120842,1
NKH0979,2010-01-27,0,0,-20.821968733210042,0
DCH0843,2011-01-06,0,1,-0.7369174506420677,0
SOG0411,2010-06-18,0,0,-1.9029077936079375,0
BER0314,2010-09-24,0,0,-4.046529298539781,0
WTR0563,2010-08-06,0,0,-28.04081207166155,0
RAW0915,2010-12-30,0,0,-20.13976361183211,0
HKI0171,2010-03-02,0,0,-5.945258658854186,0
DCH0843,2010-10-14,0,1,-1.4904878636043577,0
JDB0169,2010-05-24,0,0,1.4429030754748737,0
CFG0959,2010-02-09,0,0,-0.22543925009529175,0
KBL0260,2010-07-13,0,0,-19.45137803850048,0
LJJ0905,2011-01-25,0,0,-20.64910862610907,0
EIM0156,2010-10-21,0,0,-17.814382114843852,0
RDM0150,2010-09-03,0,0,-1.2242025388474076,0
ECL0930,2010-09-09,0,0,-28.29316597480215,0
DRR0242,2010-03-25,0,0,-28.025948013175366,0
MAH0149,2010-08-11,0,0,-27.014536190722993,0
SRH0155,2011-01-11,0,0,-27.120747256014397,0
DIC0988,2010-11-18,0,0,5.425774298532133,0
XHG0902,2010-06-01,0,0,-22.017591307112866,0
JAV0361,2010-04-29,0,0,-22.316248548034082,0
CBG0398,2010-04-01,0,0,-11.420721915498348,0
CCC0393,2010-06-14,0,0,-27.79956112691673,0
VCC0396,2010-08-26,0,0,-7.272520878256387,0
PLH0862,2010-10-11,0,0,-5.777054910579295,0
DPS0262,2010-03-18,0,0,-19.55534225023439,0
KBS0874,2011-04-28,0,0,-5.693702777926205,0
JZD0888,2010-06-24,0,0,-22.475007947801032,0
GRM0868,2010-09-22,0,0,-4.472865531434536,0
IBP0883,2010-03-29,0,0,-20.992091671143612,0
BLB0114,2010-01-18,0,0,-19.045318203267584,0
BMM0112,2010-04-16,0,0,-19.88698136452581,0
JRH0455,2010-03-11,0,0,-0.7224114404158399,0
TVS0006,2011-02-03,0,0,-24.388765783799045,0
NAF0033,2010-03-25,0,0,2.3674582926316816,0
NJB0243,2010-04-12,0,0,-18.334200424636037,0
JCR0289,2010-04-28,0,0,-0.4596809819545342,0
AMW0392,2010-08-10,0,0,-26.291618027741833,0
HGN0287,2011-02-16,0,0,-14.625240021140598,0
AMV0036,2010-03-18,0,0,6.681796398238134,0
HRW0550,2010-10-18,0,0,-19.728491940596314,0
HCM0267,2011-03-09,0,0,-2.532634292439866,0
DEB0782,2010-01-12,0,0,-21.387727140010725,0
HWW0436,2010-02-04,0,0,-8.248942124988844,0
JMH0543,2010-03-31,0,0,-22.200732167495175,0
IIA0092,2010-11-29,0,0,-8.737403973489108,0
SAK0375,2010-07-01,0,0,-23.05352866269959,0
DTT0076,2010-04-08,0,0,-13.611357583712447,0
CLF0852,2010-08-27,0,0,-6.322471503123438,0
TVS0006,2011-04-12,0,0,-25.735207567795214,0
HVB0037,2011-04-07,0,0,3.1178100944196103,0
IJW0851,2010-05-14,0,0,-5.115057684598014,0
EWH0191,2010-07-13,0,0,-24.359442914445935,0
CNE0352,2010-08-02,0,0,-14.684927895130386,0
GBM0603,2010-10-26,0,0,-2.305037752377075,0
JKF0465,2011-01-30,0,0,-1.1910852763330695,0
OLW0689,2010-06-22,0,0,-2.3669125059615226,0
JXH0493,2010-09-15,0,0,-6.782609212490797,0
GMF0738,2011-01-10,0,0,-6.413391407973563,0
LBC0356,2011-04-21,0,0,-20.762171703556646,0
DIC0988,2011-04-26,0,0,0.13050467129869503,0
NRD0548,2010-04-27,0,0,1.3492792334983505,0
GNS0178,2010-11-16,0,0,-16.45081446910183,0
SGM0021,2010-06-03,0,0,-22.151968370635586,0
KDS0349,2010-06-10,0,0,9.105163006346515,1
CAH0936,2010-05-18,0,1,-24.924437486383567,0
IKP0472,2010-11-16,0,0,-0.036699960420037314,0
NMF0780,2011-02-23,0,0,-17.694965502625223,0
HBB0056,2011-05-10,0,0,-23.51873099915815,0
VCY0751,2010-06-30,0,0,-7.5724868442353,0
RVF0201,2011-01-31,0,0,-27.75567830505281,0
CNM0800,2010-09-01,0,0,-23.264535073607135,0
WAB0143,2010-09-14,0,0,-21.770495815058098,0
EBC0390,2010-03-02,0,0,-22.456341918292196,0
HAV0121,2010-02-25,0,0,-11.262291759682398,0
LTS0860,2010-03-12,0,0,-4.875139388213597,0
ECL0930,2010-02-01,0,0,-29.755057967095695,0
SES0477,2010-01-04,0,0,-6.650866523949389,0
KPP0452,2010-12-30,0,0,-0.029480686207648432,0
ABC0174,2010-06-26,0,1,2.900238231668027,0
QSV0778,2010-07-14,0,0,-21.232575671854647,0
NNS0059,2011-02-22,0,0,-21.000492200445706,0
LDM0587,2011-03-14,0,0,-0.029480686207648432,0
MNR0829,2010-04-23,0,0,-3.646875152346979,0
WNB0908,2010-08-25,0,0,-19.924857936307376,0
HCL0113,2010-01-04,0,0,-13.748794873792463,0
HCL0113,2010-09-14,0,0,-13.300226321435275,0
JJB0127,2010-07-16,0,0,-16.403401724725995,0
CBG0398,2010-01-12,0,0,-9.390000363773765,0
ICS0956,2010-02-03,0,0,1.984375414160013,0
JCC0225,2010-04-05,0,0,-19.189864337072663,0
JMK0099,2010-12-30,0,0,-9.29604057214874,0
CFG0959,2010-09-21,0,0,-0.9603885267399619,0
ASB0796,2010-10-29,0,0,-2.5059436956067884,0
JMB0308,2010-05-11,0,1,-3.4513877477943424,0
IYB0918,2010-08-27,0,0,-21.93230414848972,0
IHK0841,2011-01-19,0,0,-2.0903255814213253,0
CTW0500,2010-06-08,0,0,-6.449448592533486,0
DFH0188,2010-03-30,0,0,-20.0036942687301,0
LMF0980,2010-02-16,0,0,-21.547868998909053,0
MAH0864,2010-11-05,0,0,-5.4141668338171485,0
RSM0277,2011-04-01,0,0,-11.0760343325353,0
TIW0299,2010-12-03,0,0,-3.2683919445329366,0
SAC0592,2011-04-28,0,0,-0.692388082700063,0
AOK0844,2010-04-04,0,0,-1.4973484789213671,0
MGS0974,2010-11-30,0,0,-21.41289163815884,0
AMH0794,2010-04-19,0,0,-10.687702362732011,0
LJJ0905,2010-06-24,0,0,-15.830431098036911,0
YJV0699,2010-02-08,0,0,-1.112927565131713,0
JDF0593,2010-02-16,0,0,-3.567172897549767,0
NCE0097,2010-09-01,0,0,-7.32252342967206,0
TSR0676,2011-03-24,0,0,-20.75612203055516,0
CAN0842,2010-11-16,0,0,-0.7261734935627828,0
CAB0388,2011-04-20,0,0,-24.427405378547178,0
AGB0643,2010-09-03,0,0,-17.85875683477468,0
AOS0987,2010-11-18,0,0,-5.128270248269359,0
LHL0309,2010-02-19,0,0,-6.43959136925173,0
OJK0233,2011-03-02,0,0,-11.779824049025478,0
FKB0163,2010-05-06,0,0,-20.078702937744538,0
CWR0502,2011-03-28,0,0,-4.917107336116715,0
MJB0588,2010-03-29,0,0,-0.4596809819545342,0
MAH0864,2010-07-28,0,0,-6.153298842567892,0
BDB0453,2010-03-17,0,0,-1.4904878636043577,0
IYB0918,2010-04-27,0,0,-22.52304537704049,0
FSC0601,2010-05-10,0,1,-7.887545579668881,0
BIS0247,2010-02-15,0,0,-15.760317848385512,0
KNW0644,2010-09-01,0,0,-19.353254090634096,0
CTW0500,2010-09-01,0,0,-6.896309851728233,0
EBC0390,2010-01-12,0,0,-23.548339301622946,0
MKW0441,2011-01-21,0,0,-19.42831900671979,0
IBB0359,2010-01-05,0,0,-17.03844288955213,0
AKW0167,2011-04-26,0,0,-26.677345271553122,0
NRO0768,2010-12-07,0,0,-19.205362674649336,0
AKW0167,2010-04-13,0,0,-26.69430333497553,0
KSP0357,2010-06-25,0,0,-21.60667953738573,0
NNA0610,2010-08-10,0,0,-5.281161673695578,0
RAM0447,2011-03-29,0,0,-1.3361854307088379,0
GHL0460,2010-09-24,0,1,-0.4596809819545342,0
MFV0897,2011-01-03,0,0,-22.21812530487307,0
KJS0618,2010-07-23,0,0,-6.290661394142148,0
EIS0041,2010-01-04,0,0,-16.793296754662606,0
HRL0540,2010-03-19,0,0,-12.000409265542885,0
DTP0379,2010-09-17,0,0,-9.505635994315526,0
WDO0870,2010-06-04,0,0,-6.505482260515009,0
JRS0362,2011-01-06,0,0,-21.846107162572025,0
NSS0876,2010-01-07,0,0,-6.228097148941515,0
SDB0106,2011-03-16,0,0,-13.521965923387029,0
CHM0821,2010-09-22,0,0,-5.684506595591529,0
JCG0316,2011-01-21,0,0,-5.607945773769188,0
MYD0978,2010-10-19,0,1,-21.17614177899054,0
RSM0277,2010-07-30,0,0,-9.320754921618686,0
WNB0908,2010-04-05,0,0,-22.01558496769303,0
SCP0130,2011-05-05,0,0,1.3187065679757097,0
IIW0249,2010-06-15,0,0,-12.709500565700864,0
CAM0681,2011-03-02,0,0,-22.3095282546077,0
AIS0405,2010-04-14,0,0,-11.891656573766682,0
WSR0241,2010-03-09,0,0,-28.586168272562077,0
CEJ0109,2011-01-21,0,1,-8.510369624464602,0
KCS0173,2010-04-15,0,0,-7.044061715620501,0
JMK0099,2011-02-21,0,0,-5.0233185998276895,0
NNA0610,2010-10-12,0,0,-5.657159389594767,0
IHK0841,2010-01-08,0,0,-0.3858800300046141,0
ABM0845,2010-03-29,0,0,-1.5794869891409462,0
ZJE0857,2010-08-26,0,0,-5.857443676325374,0
FEB0306,2010-02-25,0,0,-5.588729106106371,0
LPC0492,2011-01-06,0,0,-3.5203165819846163,0
LCD0622,2011-01-21,0,0,-7.689990763155947,0
PMV0850,2010-11-17,0,0,-1.4202651581832697,0
AJC0840,2011-03-28,0,0,-1.4904878636043577,0
HGN0287,2010-06-24,0,0,-16.51986264224047,0
AMH0794,2011-04-14,0,0,-10.037373972994487,0
JAV0361,2010-12-14,0,0,-23.129686660661378,0
BEC0505,2011-05-16,0,0,-5.187846674352272,0
PGO0433,2010-10-29,0,0,-10.26103118134074,0
OYM0026,2011-05-16,0,0,-11.211731927064307,0
SBK0161,2011-04-18,0,0,-21.40054703569058,0
AQD0820,2011-02-02,0,0,-5.282627712734893,0
BLS0678,2010-07-26,0,1,1.2583583053337861,0
PNH0761,2010-08-18,0,0,-14.444991742287016,0
ABC0253,2011-01-24,0,0,-18.372860591468907,0
MJS0890,2010-06-02,0,0,-18.958950842231047,0
FEB0306,2010-01-04,0,0,-1.1558417878967475,0
KBB0189,2010-02-10,0,0,-27.37471663762426,0
AJF0370,2010-05-13,0,0,-18.87344315676637,0
TSG0906,2010-12-07,0,0,-21.654854343668717,0
GNZ0953,2010-10-07,0,0,-2.22460976006937,0
AMM0014,2010-10-06,0,0,-20.775536008725112,0
AKC0924,2010-07-27,0,0,-22.574726484159214,0
IJM0776,2010-05-07,0,1,-17.38164001818336,0
GCL0016,2010-07-22,0,0,-26.037992902221617,0
LBC0356,2010-12-01,0,0,-21.15396205971865,0
SMH0291,2010-12-23,0,0,-1.3361854307088379,0
BJH0811,2010-03-25,0,0,-28.42500110022945,0
ONW0083,2010-11-17,0,0,-17.116335708172528,0
TNM0961,2010-11-19,1,1,-1.9276563987754116,0
AIM0627,2010-02-12,0,0,-7.277746155302452,0
JMB0308,2010-06-15,0,1,-3.26042479647856,0
AIP0982,2010-01-22,0,0,-19.806170271580754,0
BCM0653,2010-08-18,0,0,-17.984128994391085,0
NGC0058,2010-11-14,0,0,8.05228082772021,1
YJF0532,2011-02-09,0,0,-14.722960347955905,0
SDO0170,2011-03-24,0,0,-6.473392627322255,0
AIB0948,2010-10-19,0,0,-5.394968196741161,0
PDW0259,2010-03-10,0,0,-21.122384170348028,0
SLB0049,2010-08-02,0,0,-20.68065456611248,0
MMB0488,2010-03-11,0,0,-6.790820651877993,0
HIW0536,2010-08-31,0,0,16.546873291029556,1
GHH0288,2011-05-04,0,0,-1.8091258051912291,0
VLB0647,2011-04-21,0,0,-21.33705964801686,0
ZSK0258,2011-04-15,0,0,-19.76161688051502,0
HBO0413,2010-05-13,0,1,-6.051159357373422,0
LHB0967,2011-05-03,0,0,-1.589437420292029,0
MAH0149,2011-01-31,0,0,-26.26740296283549,0
SAK0375,2010-09-10,0,0,-22.38648810742086,0
KKC0683,2011-05-03,0,0,-6.367916412123122,0
KMS0657,2010-03-25,0,0,-20.034807572132195,0
IKR0401,2011-02-08,0,1,-4.716385188407003,0
SRH0155,2011-04-08,0,0,-28.558645304410106,0
TJG0582,2010-07-28,0,0,-0.7224114404158399,0
RKD0604,2010-05-12,0,1,-3.3406292349843625,0
MCF0600,2010-06-21,0,1,-0.4596809819545342,0
NKH0807,2011-04-25,0,0,-28.692783724693527,0
NBC0412,2010-08-20,0,0,-6.093165816933947,0
AHM0410,2010-06-23,0,0,-4.392513586473456,0
CJV0286,2010-08-06,0,0,-21.436374009158044,0
LMF0980,2010-07-12,0,0,-20.53297642244104,0
JJH0613,2010-09-10,0,0,-2.216729508092726,0
ABN0239,2010-06-01,0,0,-7.39446496785763,0
TOR0193,2010-09-27,0,0,-26.837043889460347,0
PMV0850,2010-07-07,0,0,-1.2137761885505824,0
LCC0819,2010-06-23,1,1,-23.118649890384404,0
JRS0362,2010-02-01,0,0,-22.240202546833075,0
ORB0473,2010-05-24,0,0,-0.029480686207648432,0
DIC0988,2010-06-22,0,0,0.09025998699360116,0
HGN0287,2010-04-09,0,0,-17.89276121909552,0
CKP0721,2010-11-18,0,0,-1.912432975742263,0
MOP0763,2010-05-28,0,0,-21.14364623941958,0
HKB0418,2010-12-20,0,0,-11.22190191356367,0
PEV0323,2010-07-23,0,0,-4.031740022062536,0
DJS0682,2010-12-29,0,0,-8.475171870686836,0
RUM0880,2010-08-10,0,0,-0.7014745623331464,0
AAM0658,2010-06-22,0,1,-20.99632023464278,0
MDM0625,2010-10-11,0,0,-5.77439721393705,0
HRB0351,2011-04-26,0,0,-14.482585850635246,0
GCL0016,2010-03-18,0,0,-27.0909169507255,0
BHW0458,2011-03-15,0,0,-0.22543925009529175,0
VMJ0546,2010-01-21,0,0,-12.609543334685213,0
RBB0485,2010-12-15,0,0,-6.934672317763102,0
DLM0051,2010-09-10,0,0,-15.336923599021702,0
SJO0209,2010-01-29,0,0,1.0179649780604905,0
CBG0490,2010-06-24,0,0,-5.918336664678122,0
BJH0811,2010-08-17,0,0,-26.824225330812055,0
MTB0620,2010-05-19,0,0,-2.2280268110896486,0
DTP0379,2011-05-16,0,0,-11.458063073920925,0
HBB0056,2010-09-24,0,0,-21.60248827240673,0
CAB0614,2010-10-18,0,0,-5.028566291281777,0
BJH0354,2010-06-17,0,0,-27.607331788742613,0
NLO0131,2010-05-03,0,0,-0.4596809819545342,0
NUL0471,2010-11-03,0,0,-1.9297300539783464,0
NCO0666,2010-06-28,0,0,-20.386933131807723,0
LTS0860,2011-03-23,0,0,-5.490710412138924,0
KLH0596,2010-09-23,0,1,-2.2832896928276796,0
SNC0187,2010-10-07,0,0,-17.667062360821888,0
SRH0155,2010-03-03,0,0,-28.270164859955457,0
ZKS0899,2010-02-08,0,0,-20.90244752225658,0
CCM0136,2011-03-15,0,0,-1.5922265419379755,0
ALH0402,2010-01-29,0,0,-7.894018772557615,0
TYB0779,2010-03-23,0,0,-20.291306403365866,0
DLM0051,2010-09-11,0,0,-14.349426165952082,0
BBS0422,2010-07-17,0,0,-17.647409204027895,0
AMR0400,2010-08-18,0,0,-7.854998823220512,0
SBN0495,2011-05-12,0,0,-7.182831485841689,0
BSH0445,2011-03-16,0,0,-10.669221068643196,0
KBB0189,2011-04-05,0,0,-27.245716875380822,0
HSP0290,2010-09-24,0,0,-0.029480686207648432,0
FRR0832,2010-02-02,0,0,-0.22543925009529175,0
NMG0766,2010-07-14,0,0,-20.78053111880115,0
MJB0588,2011-03-04,0,0,-0.4596809819545342,0
HMW0713,2011-02-07,0,0,-0.7064905313396821,0
PNH0761,2010-09-15,0,0,-21.34686771193958,0
DFH0188,2011-02-08,0,0,-20.18780294602948,0
TSM0363,2010-12-10,0,0,-22.925450413122462,0
FTM0406,2010-10-29,0,1,-5.258455292820599,0
OQH0183,2011-01-07,0,0,-19.894673940187545,0
MKS0204,2011-03-29,0,0,-4.378181606950761,0
SMB0804,2010-05-14,0,0,-21.64149841643473,0
CCM0855,2011-03-07,0,0,-6.400172013442443,0
JDF0593,2010-04-08,0,0,-4.237426168796446,0
BSB0990,2010-06-08,0,0,-10.421886503426663,0
EGK0893,2010-08-31,0,0,-21.14364623941958,0
AMW0392,2011-04-27,0,0,-27.963496673699638,0
TOR0193,2010-06-30,0,0,-27.60183875269729,0
KRL0062,2010-02-23,0,0,-27.698129121636384,0
LTS0860,2011-05-12,0,0,-5.214030156903618,0
ACV0812,2010-09-09,0,0,-30.118507006501318,0
ETR0177,2010-04-15,0,0,-26.232951543288664,0
COM0321,2010-07-20,0,0,-7.461666553631062,0
DVW0103,2010-11-19,0,0,-7.808803041789474,0
HLH0512,2010-05-04,0,0,-20.412769216833453,0
EMS0317,2011-04-04,0,0,-4.541193738968332,0
AAL0706,2011-04-29,0,0,-0.9964347838972571,0
SAA0999,2010-11-29,0,0,-13.131362071533431,0
DJS0682,2010-06-01,0,0,-7.563799503185237,0
HIW0536,2010-01-07,0,0,15.202317781883607,1
HRL0540,2010-02-03,0,0,-12.241944220662845,0
JDB0169,2010-10-25,0,0,0.3137921391028158,0
TQS0212,2010-03-23,0,0,2.8297975941374034,0
KBP0008,2011-03-24,0,0,-22.816995010623373,0
ORB0473,2010-06-10,0,0,-0.22543925009529175,0
HGN0287,2010-10-07,0,0,-17.19591410580074,0
EGK0893,2010-10-21,0,0,-19.193573626783405,0
MDH0686,2011-03-24,0,0,-6.803990603873785,0
ADD0846,2010-12-10,0,0,-0.7064905313396821,0
LAF0991,2010-05-12,0,0,-11.880545966858563,0
BSB0990,2010-04-30,0,0,-6.357852580055578,0
AAL0706,2010-09-02,0,0,-0.7369174506420677,0
JZD0888,2010-09-07,0,0,-21.741885558658282,0
DTP0379,2010-11-12,0,0,-10.991156781572613,0
HWW0436,2010-01-15,0,0,-10.736763539873436,0
MFV0897,2010-07-22,0,0,-20.291306403365866,0
NNS0059,2010-06-11,0,0,-22.76244788133056,0
SJO0209,2011-03-16,0,0,0.512289697551978,0
DJS0682,2010-10-22,0,0,-8.632378303880387,0
AIB0948,2011-01-21,0,0,-5.65061326376599,0
KBG0549,2011-03-11,0,0,-22.481577158825417,0
ELB0847,2010-03-19,0,0,-0.3858800300046141,0
TOR0193,2010-04-06,0,0,-26.665477463660523,0
MAR0955,2010-11-30,0,1,-0.9603885267399619,0
AIS0405,2011-04-21,0,0,-3.753706137144377,0
KSH0569,2010-07-21,0,0,-9.112728370977493,0
GLR0975,2010-08-26,0,0,-20.842553890926865,0
AMW0392,2011-01-28,0,0,-26.072259712324012,0
DCC0160,2010-07-23,0,0,-21.794280838579994,0
ANP0555,2011-01-21,0,0,-3.812287509364978,0
AAE0190,2011-04-07,0,0,-27.086860831448007,0
CEJ0109,2010-08-20,0,1,-11.3544623563198,0
KCB0815,2010-11-08,0,0,-10.193794150004805,0
ACC0042,2010-05-28,0,0,-21.4914075791429,0
BRB0355,2010-02-17,0,0,-13.861070176354133,0
BNG0237,2011-01-28,0,0,-8.637070757687525,0
VFM0814,2010-09-13,0,0,-25.517493135166433,0
SIJ0661,2010-05-20,0,0,16.994168315012757,1
HGN0287,2010-12-27,0,0,-17.69902178066934,0
NOB0181,2011-02-19,0,0,-14.070885768179664,0
PLH0862,2011-04-04,0,0,-5.7660504901467675,0
NHH0185,2010-06-21,0,0,-20.308445272954714,0
MAD0753,2010-04-15,0,0,-6.696345979308603,0
NAH0503,2010-09-16,0,0,-7.778149311370498,0
JKJ0698,2010-01-20,0,0,-3.988861446707915,0
BAM0611,2011-05-04,0,0,-6.281957323778784,0
HCL0113,2011-02-25,0,0,-12.684310207181511,0
XLB0710,2010-11-08,0,0,-0.7369174506420677,0
RMS0266,2010-03-12,0,0,-6.785708638914684,0
DGM0754,2010-02-10,0,0,-7.8411109217396415,0
NRO0768,2010-12-15,0,0,-20.934313054350014,0
KBG0549,2010-08-11,0,0,-22.089915334004445,0
IBS0836,2011-04-25,0,0,-2.959420495691461,0
MGS0974,2011-01-30,0,0,-21.584061784883943,0
YCE0983,2010-09-08,0,0,-24.468692675177635,0
MKG0711,2010-05-05,0,0,-0.9964347838972571,0
TSB0437,2011-01-07,0,0,-20.94661782029334,0
HCL0651,2011-03-03,0,0,-12.515537547685085,0
ATE0869,2010-11-28,0,0,-1.8878883450544208,0
PID0426,2011-03-31,0,0,-12.2637902973172,0
ADC0391,2010-05-11,0,0,-5.823986034355926,0
WGS0516,2010-06-11,0,0,-20.78053111880115,0
ASL0378,2011-03-31,0,0,-23.200497927095853,0
BIS0247,2011-02-25,0,0,-13.187168246327701,0
DBS0235,2010-07-29,0,0,-21.44829664944973,0
GTD0116,2011-02-04,0,0,-25.973539501622668,0
MVF0594,2011-05-03,0,0,-0.4596809819545342,0
LJT0817,2010-10-04,0,0,-15.069083471995441,0
CTR0341,2010-09-25,0,0,-16.362036276499907,0
AJR0319,2010-11-22,0,0,-5.427859790689922,0
CSL0949,2010-11-09,0,0,-0.22543925009529175,0
RAB0589,2010-03-03,0,1,-2.0829632363322617,0
FUM0015,2010-11-24,0,0,-18.484003441129403,0
NCE0097,2010-02-12,0,0,-10.8157430350808,0
CJC0494,2010-04-21,0,0,-6.832187453733695,0
TBT0461,2011-01-17,0,0,-1.951465366480079,0
NNS0059,2010-10-28,0,0,-23.358017271874246,0
DLM0051,2010-12-16,0,0,-14.091450237346862,0
CGB0637,2011-04-29,0,0,-13.640379532669954,0
NRD0548,2010-11-08,0,0,-0.1473598186559002,0
NCH0179,2010-11-18,0,0,-27.182735295999464,0
UIR0043,2010-01-29,0,0,-21.127764984365513,0
IBB0359,2010-09-08,0,0,-20.695992771335796,0
KJW0416,2011-04-20,0,0,-9.54953029755984,0
IIW0249,2010-12-16,0,0,-13.86825444054125,0
CKP0721,2011-01-25,0,0,-0.3858800300046141,0
CAS0507,2010-04-26,0,0,-20.801077864955687,0
KMW0545,2011-03-22,0,0,-10.34583998589585,0
JGM0934,2010-10-13,0,0,-7.880126257444886,0
CCM0855,2010-02-17,0,0,-4.30064304451912,0
AMH0464,2010-06-22,0,0,-0.3858800300046141,0
MSG0839,2011-04-29,0,0,-0.22543925009529175,0
MJM0510,2010-01-25,0,0,-21.472325159310003,0
PNH0761,2010-06-22,0,0,-21.52988090250153,0
LTS0860,2010-10-14,0,0,-4.096982647260688,0
QSV0778,2010-05-05,0,0,-21.741885558658282,0
GNZ0953,2011-03-25,0,0,-4.050985096778504,0
ALH0402,2010-06-22,0,0,-8.569328061189822,0
MKW0441,2010-06-28,0,0,-20.534336537660693,0
SBN0971,2010-10-30,0,0,-1.0928902816564232,0
FSB0399,2010-12-17,0,0,-10.125180382353392,0
KDT0346,2010-01-12,0,0,-20.143695022162547,0
AHD0848,2011-02-20,0,0,-4.2966542573494735,0
KDT0346,2010-12-07,0,0,-21.004611909077198,0
WPR0368,2010-01-29,0,0,-22.34186766252924,0
KRM0541,2010-08-02,0,0,-21.226571017101605,0
JSH0330,2010-05-13,0,0,-16.39316821126056,0
CJM0521,2010-08-26,0,0,-20.291306403365866,0
AOK0844,2010-08-18,0,0,-4.903262746131645,0
DTT0076,2011-05-09,0,0,-14.221865265405427,0
BMT0528,2011-04-04,0,0,-19.34620899987806,0
CNE0352,2010-03-17,0,0,-13.18514800226751,0
BCB0679,2010-02-26,0,0,2.073099282284602,0
RSM0277,2010-07-23,0,0,-12.901610274044288,0
GKO0078,2011-03-30,0,0,-10.81133847899332,0
YWW0660,2010-09-10,0,0,-22.102131168685446,0
CAC0889,2010-02-17,0,0,-18.958950842231047,0
OHC0973,2010-04-09,0,0,-2.1652036406785555,0
NRD0548,2010-02-24,0,0,-2.289607434863001,0
MNC0717,2010-04-30,0,0,-3.8310533702319844,0
WKD0013,2010-09-02,0,0,-20.948853175592262,0
GHH0288,2011-03-15,0,0,-2.4187215415980745,0
AKC0924,2010-03-25,0,0,-20.91405638702372,0
GRC0145,2010-05-25,0,0,-26.98616842404533,0
JMC0925,2010-09-09,0,0,-7.639839552282183,0
EBC0390,2010-07-14,0,0,-22.737840958532843,0
JCC0225,2010-08-10,0,0,-20.892920960660717,0
BAM0636,2010-03-16,0,0,-17.760728960146366,0
SCF0608,2011-04-08,0,0,-7.959353633725527,0
NGO0690,2011-01-26,0,0,-5.819029290708954,0
TLK0993,2010-02-19,0,0,-10.608153900412958,0
CGA0629,2010-06-24,0,0,-5.568934120021368,0
EBC0390,2010-04-08,0,0,-22.74793960157126,0
EJW0884,2010-08-20,0,0,-20.75158947995044,0
BWH0813,2010-08-18,0,0,-26.03395906154958,0
TYB0779,2011-01-10,0,0,-20.154943938043402,0
OBH0499,2011-04-10,0,0,-2.3982211001927,0
KJP0371,2011-04-06,0,0,-23.177599031092086,0
EHD0584,2010-09-07,0,1,-2.0711351343322804,0
KBS0874,2010-03-26,0,0,-7.548263602778434,0
RAG0275,2010-10-15,0,0,-18.986788546364664,0
ZDW0859,2011-01-26,0,0,-3.8342346016618194,0
FTM0406,2010-09-20,0,1,-6.619872735910349,0
CCH0685,2010-07-15,0,0,-27.210169255523738,0
MOP0763,2011-01-14,0,0,-20.844096365091673,0
NKH0979,2010-11-01,0,0,-21.43381387298507,0
CJG0470,2011-05-05,0,0,-3.2814880105289603,0
AMM0014,2010-02-24,0,0,-19.63105304862097,0
BDI0533,2011-01-16,0,0,-20.709264365840795,0
BSS0463,2010-04-23,0,0,-0.029480686207648432,0
MFV0897,2010-03-19,0,0,-21.741885558658282,0
JXH0493,2011-03-24,0,0,-6.75165681028966,0
CSH0626,2010-09-20,0,0,-2.089675051331028,0
MAD0496,2010-04-30,0,0,-6.701234494128016,0
LAP0338,2010-04-14,0,0,-20.16325966894351,0
KKC0683,2010-02-09,0,0,-3.012894890502025,0
IWM0816,2010-02-26,0,0,-10.524832323101805,0
ETR0177,2010-03-23,0,0,-27.877266665807838,0
KTG0091,2011-03-02,0,0,-6.710672210908228,0
PSF0133,2010-08-31,1,1,-0.6438631479608148,0
DLF0377,2011-02-07,0,0,2.9360122722843016,0
VMJ0147,2010-04-29,0,0,-27.30848989424817,0
HDJ0446,2010-02-18,0,0,-0.029480686207648432,0
RKF0164,2010-06-11,0,0,-21.133532792029428,0
GCS0518,2011-02-14,0,0,-21.14364623941958,0
CEB0210,2010-10-25,0,0,4.736920281727407,0
MAD0753,2011-04-13,0,0,-5.996323066236528,0
LJJ0905,2011-02-02,0,0,-17.850898548206487,0
ALH0402,2010-06-16,0,0,-4.877166074237493,0
OMS0101,2010-12-27,0,0,-26.228550781995978,0
DCC0160,2010-04-23,0,0,-19.068061931900957,0
BAM0611,2011-04-14,0,0,-7.13053707621259,0
RAG0275,2010-08-23,0,0,-19.984342928551882,0
HPR0585,2010-07-26,0,0,-2.775121886143893,0
ZSL0305,2010-10-26,0,0,-1.2191903865591485,0
MLG0475,2010-07-28,0,0,-0.4596809819545342,0
ASS0517,2010-03-08,0,0,-18.986528697332915,0
NWT0098,2010-01-25,0,1,-16.073933130668138,0
MJM0510,2010-10-26,0,0,-18.67122469886624,0
OHC0973,2010-10-06,0,0,-2.782491437155045,0
DSM0591,2011-03-31,0,0,-0.4596809819545342,0
MAS0025,2010-03-15,0,1,-19.120414859566722,0
KBC0054,2010-06-07,0,0,-21.438415994085744,0
BCR0581,2010-07-20,0,0,-1.833257527821047,0
JCC0225,2010-07-28,0,0,-20.25592922908106,0
TSB0437,2010-11-12,0,0,-16.04034221592417,0
GTD0116,2010-10-25,0,0,-26.028299631967343,0
NGO0690,2010-02-04,0,0,-6.547292688942207,0
ILH0958,2010-12-27,0,0,-1.6270987266143493,0
MOS0047,2010-07-12,0,1,-16.434311788623518,0
LJJ0905,2010-02-26,0,0,-17.54179173476018,0
XBN0229,2011-04-13,0,0,-22.09201919283032,0
NCH0179,2010-07-01,0,0,-26.474952510601724,0
NMG0766,2010-01-06,0,0,-22.405398223773545,0
KPR0497,2011-02-22,0,0,-6.189004984354597,0
HRB0351,2011-01-03,0,0,-14.206178294242932,0
MLM0950,2010-06-17,0,0,-2.435251198584183,0
PTH0552,2010-01-26,0,0,-0.04874358617666985,0
EFS0882,2010-08-25,0,0,-21.68843689264645,0
TQS0212,2011-03-01,0,0,7.037768546729012,1
BTS0011,2010-06-11,0,0,-20.875583920088047,0
ASL0378,2010-12-09,0,0,-22.829181130622374,0
ASL0378,2010-02-09,0,0,-23.927135748176283,0
THR0873,2010-08-02,0,0,3.1723965101709837,0
JCV0245,2010-11-30,0,0,-15.651349406514328,0
CMW0783,2010-12-20,0,0,-20.412769216833453,0
PES0085,2010-07-26,0,0,-27.62114368264554,0
HSD0457,2010-05-11,0,0,-0.3858800300046141,0
HTH0007,2010-11-19,0,0,-21.83592525455356,0
DIC0988,2010-04-06,0,0,3.141579352426902,0
AKC0924,2010-03-23,0,0,-19.945050655341902,0
NMF0780,2011-05-06,0,0,-19.849755086682308,0
VMJ0147,2010-10-26,0,0,-24.718416916633714,0
SNC0187,2010-12-08,0,0,-19.782260953310015,0
KDS0349,2010-08-11,0,0,13.589006728115578,1
IBS0836,2011-01-27,0,0,-2.030704097777061,0
HCV0478,2010-10-25,0,0,-7.428537482999673,0
LJR0523,2010-02-19,0,1,-18.958950842231047,0
DEB0782,2010-11-01,0,0,-18.958950842231047,0
KBL0260,2010-09-24,0,0,-18.451171529149292,0
KWE0082,2010-11-03,0,0,-19.483628554440656,0
KCO0122,2010-02-11,0,0,-6.8744548322823675,0
CKD0680,2010-08-10,0,0,-22.833669895285993,0
CLB0774,2010-05-21,0,0,-22.232268445589057,0
PTH0830,2010-02-19,0,0,-0.3858800300046141,0
AKK0329,2010-10-06,0,0,-20.047990670827176,0
EGD0132,2010-07-01,0,1,-1.2049892285186843,0
RDT0424,2010-12-16,0,0,-8.074722994245576,0
HSP0290,2010-05-19,0,0,-0.4596809819545342,0
MCD0125,2010-01-05,0,0,-18.74832858648938,0
CAS0507,2010-04-23,0,0,-20.3231515964369,0
CMW0783,2010-12-21,0,0,-20.412769216833453,0
KJG0910,2011-02-15,0,0,-19.88698136452581,0
BAJ0654,2010-08-11,0,0,-17.88983586620111,0
MNC0717,2011-01-24,0,0,-3.5260224806002043,0
SGS0268,2011-01-31,0,0,-1.7327961672805259,0
RHY0079,2011-03-04,0,0,-13.146822571995358,0
SBN0971,2010-07-16,0,0,-4.1779188877025035,0
IIW0249,2011-01-12,0,0,-19.03004210104973,0
VAA0087,2010-07-27,0,0,-18.240817146702057,0
RSM0277,2010-02-03,0,0,-6.642913551135507,0
CSL0949,2010-04-16,0,0,-2.3067309677462617,0
MSZ0310,2010-07-16,0,0,-1.673965777500598,0
RTO0313,2010-07-26,0,0,-8.198029067660059,0
CJH0702,2010-10-05,0,0,-1.0498541092994174,0
FGW0853,2010-05-03,0,0,-6.360390830743086,0
HDS0367,2010-07-02,0,0,-17.65882136869982,0
HCC0344,2010-01-13,0,0,-15.150075101758716,0
FKB0163,2010-08-04,0,0,-21.280346218961768,0
BTL0226,2010-08-03,0,1,-11.648351583845624,0
SSJ0784,2010-02-24,0,0,-20.55304719159301,0
LOF0311,2010-07-16,0,0,-4.297096617487682,0
GBM0603,2010-01-20,0,0,-3.1263632614958397,0
AOK0844,2010-05-11,0,0,-5.519614692040932,0
IRT0491,2010-06-01,0,0,-4.280250501735168,0
KJP0371,2010-04-09,0,0,-20.423985314709626,0
LHN0151,2010-01-12,0,0,-0.8789656704597064,0
CJM0521,2011-01-07,0,0,-21.397253974013893,0
JKF0465,2010-12-25,0,0,-0.6083313730092641,0
IRM0931,2010-02-10,0,0,-28.292130130946248,0
WTF0387,2011-05-11,0,0,1.499265160242203,0
CHG0146,2011-05-03,0,0,-26.57694442839511,0
PGH0184,2010-03-29,0,0,-20.437265469030763,0
WJD0576,2011-02-07,0,0,-0.4596809819545342,0
AKW0167,2011-03-10,0,0,-28.18233069372775,0
LAP0338,2010-11-19,0,0,-19.810878874703235,0
RHP0484,2011-03-17,0,0,-8.792251950366676,0
ENL0100,2011-02-07,0,0,-18.88292563466746,0
EMB0531,2010-09-09,0,0,-19.35631405932122,0
AAM0658,2010-05-12,0,1,-18.293185966135866,0
GZC0735,2010-07-29,0,0,-2.987858644336825,0
HRB0351,2010-12-05,0,0,-13.070410253473142,0
KCF0045,2011-02-11,0,0,-21.4736155530494,0
AAN0823,2011-03-11,0,0,-0.7064905313396821,0
ORB0473,2010-02-23,0,0,-1.2191903865591485,0
VLB0647,2010-10-07,0,0,-19.309619787597853,0
HKF0831,2010-12-10,0,0,-0.9603885267399619,0
LOF0311,2011-04-05,0,0,-5.331119255346607,0
TLM0797,2010-03-10,0,0,-3.047794520972161,0
DJB0159,2010-03-31,0,0,-19.074423701751584,0
SVL0940,2010-02-09,0,0,-8.298378670404873,0
RRP0568,2010-07-22,0,0,-23.35958811708292,0
AKH0758,2010-01-04,0,0,-21.14364623941958,0
AJR0932,2010-09-17,1,1,-17.535453081357105,0
FKK0055,2010-03-25,0,0,-20.24767503270334,0
BNG0237,2010-12-20,0,0,-5.926261827497683,0
SMY0792,2010-01-29,0,0,-0.6868558776610598,0
XAA0104,2010-06-23,0,0,-24.029455676194402,0
NMC0486,2010-04-09,0,0,-5.798345401746701,0
IJM0139,2011-02-04,0,0,-3.2683919445329366,0
SSJ0784,2011-02-24,0,0,-21.32394317670355,0
HSD0457,2010-04-12,0,0,-0.22543925009529175,0
AJP0723,2010-05-27,0,0,-0.3858800300046141,0
IMG0320,2010-05-25,0,0,-3.8162244607613047,0
BEC0505,2011-02-08,0,0,-6.617971540912663,0
OHC0973,2010-12-08,0,0,-0.9865584613565943,0
PNL0301,2010-02-02,0,1,-2.5503320250212482,0
HSP0290,2010-07-06,0,0,-1.2191903865591485,0
TJD0996,2011-02-14,0,0,-21.131582288418144,0
EIS0041,2010-05-19,0,0,-17.50381776570771,0
WGS0516,2010-03-15,0,0,-21.335937955741997,0
RLG0856,2010-03-31,0,0,-2.283982697293027,0
SMW0084,2010-04-05,0,0,-17.555483600760795,0
JKF0465,2011-04-05,0,0,-1.7712979978922476,0
KJJ0293,2010-01-14,0,0,-2.504802854355148,0
AQD0820,2010-08-12,0,0,-5.421740567478992,0
TEB0251,2011-01-20,0,0,-17.471519052913663,0
LCD0622,2010-11-03,0,0,-7.485369427102796,0
SMY0792,2010-09-27,0,0,-2.7117229868412096,0
VEB0935,2010-07-22,0,0,-25.41983544572645,0
OKB0439,2010-08-19,0,0,-18.125329537976313,0
CBG0490,2011-04-04,0,0,-7.392453600980502,0
BSA0431,2010-05-27,0,0,-9.978319347851311,0
CCC0393,2010-06-08,0,0,-27.969317889652757,0
OQH0183,2010-11-19,0,0,-19.993731460641015,0
GCC0744,2010-10-08,0,0,-5.438503390755386,0
KES0729,2010-06-22,0,0,-3.6398733862242807,0
POB0343,2011-01-28,0,0,-21.060266289502806,0
LIM0674,2011-01-28,0,0,-10.160372081903006,0
CJG0470,2011-04-29,0,0,-0.22543925009529175,0
MSO0222,2010-03-03,0,1,-20.395503356936842,0
RVC0232,2010-06-04,0,0,-0.041106472996489174,0
RIH0777,2010-04-09,0,0,-22.017591307112866,0
FMG0527,2010-04-23,0,1,-22.405398223773545,0
IJR0825,2010-10-01,0,0,-1.589437420292029,0
GCR0554,2010-12-29,0,0,-11.682070034387607,0
KNB0022,2011-01-17,0,0,-20.9943283495395,0
BDI0533,2010-05-11,0,0,-21.168702712480922,0
TSG0906,2010-08-03,0,0,-19.900377560808693,0
RJM0381,2010-08-20,0,0,-19.041335616002357,0
ALD0529,2011-03-24,0,0,-19.43632746191372,0
VSA0230,2010-08-26,0,0,-2.699565710119259,0
NAH0503,2010-02-28,0,0,-5.894590849417455,0
LOF0311,2011-01-17,0,0,-4.804715506692332,0
CCM0855,2010-02-22,0,0,-4.470241753324331,0
BJH0354,2010-12-06,0,0,-28.698342567420013,0
LBH0942,2010-04-23,0,0,-5.943495941260039,0
FRR0832,2010-12-07,0,0,-0.7261734935627828,0
CGF0337,2011-04-14,0,0,-17.837645431050646,0
GNS0178,2010-02-10,0,0,-20.62015772225118,0
THR0873,2010-07-08,0,0,-1.6556407411654845,0
DLM0051,2010-11-08,0,0,-16.00868672888396,0
NKH0979,2011-03-21,0,0,-21.268623567784516,0
MLL0598,2011-03-17,0,0,-4.18523863988014,0
TDS0984,2010-05-21,0,0,-26.110841258592814,0
KNB0022,2010-01-25,0,0,-20.622863960939185,0
NKP0236,2011-01-13,0,0,-25.291733947149055,0
NMC0486,2010-12-07,0,0,-6.96391712661989,0
GZC0735,2011-02-03,0,0,-2.919570117772082,0
HCL0651,2010-11-30,0,0,-17.696020416385068,0
LFS0071,2010-01-28,0,0,-8.209117939203793,0
AMH0794,2011-01-31,0,0,-10.201303541073912,0
WVB0539,2010-02-11,0,0,-25.677835123587556,0
NGO0690,2011-02-04,0,0,-6.965272679198961,0
OKB0439,2010-06-29,0,0,-14.817018498113384,0
AKR0057,2010-06-21,0,1,-23.4376030259574,0
RLB0719,2010-09-09,0,0,-0.7064905313396821,0
SOF0808,2010-10-18,0,0,-28.224468198000636,0
KLM0639,2010-01-08,0,0,-22.367352863390806,0
NAB0903,2010-09-17,0,0,-20.877394705498318,0
IJM0444,2010-05-28,0,0,-8.730462191571064,0
JCR0172,2010-03-18,0,0,-6.104281648697452,0
GMF0738,2011-02-28,0,0,-6.550844586440462,0
SNS0129,2010-12-22,0,0,-26.992686142108028,0
DAG0558,2010-04-16,0,0,-28.44777050882965,0
HBB0056,2010-03-08,0,0,-23.905343753549914,0
RVF0201,2010-11-16,0,0,-27.821172833670403,0
KBS0874,2010-08-06,0,0,-4.393131846500751,0
HAM0985,2010-09-24,0,0,-23.657049654781986,0
CSJ0340,2010-06-17,0,0,-20.530883976637256,0
MLM0950,2011-02-24,0,0,-4.4973745999049015,0
KJP0371,2011-05-05,0,0,-20.868607396039465,0
PIS0522,2010-04-06,0,0,-21.464675151895108,0
CKH0144,2010-03-22,0,0,-26.796078875813123,0
WPE0538,2010-12-29,0,0,-1.8646437860742253,0
CEL0561,2010-05-04,0,0,-28.104339748283564,0
SAA0999,2011-03-18,0,0,-16.545955354764374,0
JDF0593,2010-12-08,0,0,-4.109538979996046,0
DLH0029,2010-08-25,0,0,3.0688075986245167,0
AAE0190,2010-07-30,0,0,-25.55050006294789,0
ADF0397,2010-08-16,0,0,-4.584565887043709,0
JJM0203,2010-01-28,0,1,-18.85863371593689,0
AIP0982,2010-05-25,0,0,-20.89317279069735,0
HXL0968,2010-02-15,0,1,-0.7261734935627828,0
HTH0007,2010-03-22,0,0,-23.33401960921742,0
DIW0118,2010-04-16,0,0,-25.745297368621777,0
MDH0686,2010-05-08,0,0,-4.53776177305167,0
IKP0472,2010-09-09,0,0,-4.291807736166788,0
WGS0516,2010-05-27,0,0,-19.830551687494108,0
MSZ0310,2011-05-05,0,0,-7.142624832269462,0
EZT0640,2010-12-16,0,0,-20.023116210941566,0
JMH0543,2010-08-18,0,0,-21.938079797978162,0
BBH0810,2011-03-28,0,0,-28.150331342002005,0
NNS0059,2010-04-05,0,0,-20.073071375217523,0
RAH0440,2010-10-04,0,0,-19.401078861186193,0
AIM0627,2010-11-01,0,0,-6.924912451014961,0
IUB0565,2010-06-11,0,1,-8.536273477311283,0
GCR0554,2010-10-29,0,0,-11.834221102874835,0
BVC0790,2011-02-12,0,0,-14.651539902029072,0
JCW0858,2010-02-15,0,0,-3.935642263051591,0
CUD0795,2010-06-24,0,0,-9.759832756260607,0
SES0477,2010-06-14,0,0,-6.612726539276309,0
BSH0445,2010-11-15,0,0,-11.12429386406427,0
JDB0169,2010-11-16,0,0,-0.27526329931174587,0
KQS0415,2010-12-07,0,0,-1.4989225220011804,0
CCM0855,2011-03-09,0,0,-4.329670624137293,0
WSR0241,2010-07-12,0,0,-28.366342937189415,0
YCE0983,2010-04-14,0,0,-25.371067121579358,0
JER0404,2011-01-27,0,0,-0.7240001972562595,0
KES0729,2011-03-18,0,0,-8.262231114320116,0
RJM0381,2011-03-22,0,0,-23.114421157524248,0
ASM0575,2011-01-11,0,0,-1.9297300539783464,0
AKW0167,2010-06-10,0,0,-27.615427029779994,0
ORM0669,2010-12-22,0,0,2.7048677030051067,0
HPH0075,2011-04-12,0,0,-8.16785706839471,0
LNS0989,2011-03-25,0,0,3.893483836622295,0
HPH0075,2010-08-05,0,0,-9.517222971408387,0
WGS0516,2010-12-28,0,0,-21.387727140010725,0
HAM0985,2010-08-11,0,0,-22.332536602471123,0
QNF0205,2010-12-27,0,0,-3.681781576807225,0
LRR0148,2010-06-30,0,0,-26.6351829390602,0
PID0426,2011-04-01,0,0,-14.14361280899891,0
KKS0119,2011-03-22,0,0,-25.944939231178523,0
PNH0761,2010-04-08,0,0,-21.08388905072161,0
HCM0267,2010-02-24,0,0,-9.94984506191588,0
NKH0807,2011-01-28,0,0,-27.539674487374327,0
JNA0559,2010-03-11,0,0,-5.3491303328078175,0
SHR0334,2011-02-03,0,0,-18.771839278389166,0
MIC0726,2010-03-08,0,0,-3.776114464912439,0
EWH0191,2010-07-16,0,0,-24.44320732957192,0
ECL0930,2010-07-02,0,0,-29.41662519319584,0
GQF0659,2011-03-16,0,0,-18.957229297662707,0
BJH0354,2010-09-20,0,0,-25.683797687227184,0
JJM0203,2010-03-30,0,1,-24.47119194274603,0
BLS0678,2010-04-19,0,1,2.7392133808709787,0
MKG0711,2010-05-13,0,0,-0.7064905313396821,0
CYA0506,2010-01-19,0,0,-21.741885558658282,0
NGC0058,2011-04-18,0,0,0.7011951017830143,0
JKF0465,2010-02-28,0,0,-1.1910852763330695,0
AIP0394,2010-08-16,0,0,-9.452868551817119,0
TEM0977,2010-01-22,0,0,-20.467501276541952,0
RAM0447,2010-11-13,0,0,-3.1629025784167197,0
SJC0333,2011-04-07,0,0,-19.102967743277645,0
FHO0630,2011-03-11,0,0,-4.969416148281539,0
WIF0691,2010-08-31,0,0,-22.052433863189208,0
XAA0104,2010-03-01,0,0,-23.058222094554708,0
DBG0261,2010-08-12,0,0,-17.558681592350126,0
AMR0400,2010-12-20,0,0,-6.130195055999593,0
MLG0475,2011-04-07,0,0,-0.9964347838972571,0
ZJE0857,2011-04-07,0,0,-5.772750319071292,0
JNJ0556,2010-10-15,0,0,-24.078727605149993,0
TET0621,2011-01-25,0,0,-6.578080235175435,0
ATE0869,2011-02-27,0,0,0.12808298048992128,0
RAM0447,2010-10-18,0,0,-1.23947277238085,0
KDS0349,2010-07-15,0,0,12.642975495594897,1
RAM0447,2010-09-13,0,0,-0.9431118171253274,0
RTO0313,2010-08-31,0,0,-6.962458315845083,0
EBC0390,2011-03-31,0,0,-23.897084063615466,0
CTW0500,2011-03-15,0,0,-8.885124431588565,0
JBM0350,2010-06-15,0,0,-25.531963926675303,0
BER0314,2010-09-09,0,0,-4.823369293904989,0
JBM0350,2011-02-09,0,0,-28.342546747273786,0
FXF0957,2010-06-14,0,0,-2.782491437155045,0
MDH0580,2010-03-04,0,1,-3.124974566191213,0
HIW0536,2010-10-21,0,0,14.116114086356447,1
BWP0202,2010-06-30,0,0,-4.849257699247119,0
LFS0071,2011-02-28,0,0,-2.3266048670512873,0
CAH0936,2010-06-11,0,1,-26.117453163048935,0
GCS0571,2010-09-13,0,0,6.760363067025423,1
JFC0757,2011-04-29,0,0,-18.609996424408678,0
EDB0714,2010-09-07,0,1,-3.23357661127568,0
OLF0504,2011-03-03,0,0,-5.968736229477372,0
MKP0861,2010-04-06,0,0,-5.159040519583414,0
SAB0781,2011-05-16,0,0,-19.54649626645812,0
MDH0686,2011-02-13,0,0,-8.598335171353142,0
RTO0313,2010-01-18,0,0,-5.2304280458427,0
CAN0842,2010-05-25,0,0,-0.3858800300046141,0
MES0407,2010-03-08,0,0,-7.989698575103716,0
HGN0287,2010-03-08,0,0,-14.681293410541116,0
SSS0345,2010-09-23,0,0,-19.600212087821774,0
QPM0727,2010-09-09,0,0,-3.61437921423817,0
JRL0574,2011-01-03,0,0,-0.029480686207648432,0
UFK0208,2011-03-14,0,0,2.3069315931260235,0
PES0085,2010-05-24,0,0,-27.844342880384715,0
WTF0387,2010-04-09,0,0,1.762560145231987,0
JMB0308,2010-04-14,0,1,-3.443339242143338,0
BNR0965,2011-02-01,0,0,-0.7261734935627828,0
NKP0236,2010-10-06,0,0,-29.343833630235395,0
CCW0031,2010-10-19,0,0,-27.884345295824005,0
JJB0700,2011-04-25,0,0,-0.22543925009529175,0
FBA0348,2010-08-06,0,1,-25.455565167256395,0
MJM0510,2010-12-07,0,0,-21.42631668050285,0
FKK0055,2010-02-04,0,0,-21.794996078606346,0
BIH0745,2010-04-01,0,1,-4.573806510184113,0
TLH0648,2010-08-17,0,0,-18.151683102751917,0
HKR0628,2010-11-22,0,0,-7.601749755267633,0
ORM0669,2010-03-31,0,0,-3.0762758981467186,0
UJC0737,2010-03-15,0,0,-3.226269362699327,0
MBR0724,2011-01-18,0,0,-0.22543925009529175,0
EJW0884,2011-02-23,0,0,-20.88987158352893,0
MSH0040,2010-03-10,0,0,-19.609379152024076,0
NMB0972,2011-01-28,0,0,-0.9603885267399619,0
ESA0642,2010-09-28,0,0,-19.961356265044174,0
CJM0521,2010-02-28,0,0,-15.369499835087595,0
MIM0712,2010-06-01,0,0,-0.7369174506420677,0
WDD0366,2010-02-19,0,1,-21.36197164741111,0
TLK0993,2011-04-12,0,0,-12.148780142901387,0
BSS0369,2010-08-22,0,1,-17.12266866695836,0
KCF0045,2010-10-27,0,0,-19.053564132357565,0
HIA0414,2010-09-15,0,0,-5.532232854116501,0
YIC0195,2010-10-18,0,0,-2.272159846374052,0
MVB0515,2011-05-02,0,0,-20.701675177019865,0
NWT0098,2010-09-24,0,1,-19.2371200403868,0
CJK0200,2010-12-17,0,0,-2.1971530505196597,0
TAC0300,2010-11-08,0,0,-1.404150611370028,0
DBB0384,2010-01-27,0,0,-21.362131963443062,0
AES0827,2010-03-01,0,0,-0.3858800300046141,0
NMF0780,2010-09-01,0,0,-17.67225372458745,0
WIF0691,2010-07-12,0,0,-21.332502464594086,0
JKJ0698,2010-04-01,0,0,-0.9964347838972571,0
GTD0898,2010-06-09,0,0,-20.412769216833453,0
GCS0571,2010-10-12,0,0,-1.23947277238085,0
HCW0419,2010-10-04,0,0,-22.170936620976136,0
TSG0906,2010-04-21,0,0,-18.434204802993918,0
RAH0440,2010-09-03,0,0,-18.87242032530969,0
NAB0801,2010-03-08,0,0,-1.6523894086776636,0
RDT0424,2011-02-02,0,0,-5.878144388202486,0
CKB0427,2011-02-25,0,0,-11.975823810410247,0
JMC0925,2010-12-03,0,0,-9.624543555869764,0
RNP0211,2010-12-13,0,0,0.7883943149378183,0
MDM0625,2010-08-12,0,0,0.18633527749477707,0
TVS0006,2011-01-05,0,0,-24.3875762124012,0
MFV0897,2010-01-14,0,0,-18.892361859914217,0
IRT0491,2010-05-06,0,0,-5.598650119465333,0
ZDW0859,2010-09-21,0,0,-4.117324980958074,0
OMS0101,2010-06-29,0,0,-25.791858089015932,0
RNF0765,2010-08-24,0,0,-19.823912687201982,0
QNF0205,2010-01-28,0,0,-5.281205912425207,0
KQS0415,2010-12-20,0,0,-11.791044734904403,0
AOK0844,2010-08-20,0,0,2.5400495369103737,0
AAL0706,2010-08-13,0,0,-0.3858800300046141,0
AAE0190,2011-02-01,0,0,-26.50500628364705,0
LHL0309,2011-02-17,0,0,-4.431687659294425,0
CUD0795,2011-04-05,0,0,-11.509771800299973,0
AMW0392,2010-12-10,0,0,-25.55838177035514,0
TBT0461,2010-04-08,0,0,-0.029480686207648432,0
MAE0331,2011-02-03,0,0,-22.102131168685446,0
CSJ0340,2011-02-16,0,0,-20.56237986981114,0
KJJ0293,2010-08-30,0,0,-5.0804697879796095,0
AHD0848,2010-06-14,0,0,-1.8311822238694049,0
RAH0440,2010-09-29,0,0,-20.137940055532454,0
CWR0502,2010-05-10,0,0,-3.4711607518273695,0
CNE0352,2011-04-28,0,0,-15.929084503957142,0
CJH0702,2011-04-07,0,0,-0.22543925009529175,0
HDH0928,2010-06-25,0,0,-0.6113296110754618,0
AIM0627,2010-08-31,0,0,-6.012094347828338,0
EZT0640,2010-05-14,0,0,-19.787523010313862,0
KKC0683,2011-02-22,0,0,-10.271477350038936,0
SDO0170,2010-07-13,0,0,-5.020813615683437,0
WKD0013,2011-05-10,0,0,-21.569678219281627,0
QJR0688,2011-04-17,0,0,-26.76859694471466,0
KMS0657,2011-03-24,0,0,-19.810820757696206,0
HWH0646,2010-05-26,0,0,-18.34373610586863,0
CRO0027,2011-03-23,0,0,-5.413928300155362,0
KDT0346,2010-06-28,0,0,-19.10909443955518,0
VSS0154,2010-06-24,0,1,-25.94103573230359,0
SMW0084,2010-03-25,0,0,-15.233545144559343,0
MDM0625,2010-05-18,0,0,-3.9079318952573203,0
NMC0486,2010-01-29,0,0,-6.656548165379604,0
UCS0227,2010-03-26,0,0,1.8740255691114953,0
ATF0274,2011-01-12,0,0,-22.61755944622621,0
BSS0463,2010-12-17,0,0,-2.2832896928276796,0
LPC0492,2010-06-22,0,0,-6.959324618934943,0
CCM0136,2011-02-14,0,0,-1.9724280921411719,0
SJW0451,2011-03-08,0,0,-1.2018865578410214,0
LHB0967,2011-05-12,0,0,-0.3858800300046141,0
TBT0461,2010-09-28,0,0,-1.1703446480004231,0
BMC0547,2011-04-12,0,0,-9.904074243950049,0
CWR0502,2010-07-22,0,0,-3.8569242762017666,0
CNE0352,2010-04-15,0,0,-13.04448324792429,0
CNM0800,2010-04-16,0,0,-22.000742268658428,0
NBC0412,2010-12-20,0,0,-1.0317462921544802,0
YWW0660,2010-11-08,0,0,-18.966040526622578,0
EHB0824,2010-04-14,0,1,-0.22543925009529175,0
MNS0224,2010-12-28,0,0,-22.175841030571746,0
TJD0996,2011-01-04,0,0,-18.61406697158452,0
XBN0229,2010-07-26,0,0,-23.501737451963322,0
ORB0473,2010-01-29,0,0,-0.029480686207648432,0
SBN0971,2010-11-26,0,0,-0.3858800300046141,0
HAC0282,2010-08-24,0,0,-17.446994301811174,0
LJB0826,2010-10-04,0,0,-2.3067309677462617,0
RDM0150,2010-10-25,0,0,-1.9930753741202807,0
FFC0891,2010-04-29,0,0,-16.311749221375067,0
JKM0303,2010-11-04,0,0,-0.4596809819545342,0
CJK0200,2010-11-11,0,0,-1.669717205857637,0
UCH0519,2010-11-05,0,0,-20.412769216833453,0
KRG0158,2010-02-24,0,0,-27.523723818959866,0
HCV0478,2011-03-29,0,0,-6.331421466789493,0
ORB0473,2010-12-13,0,0,-0.22543925009529175,0
WGR0833,2010-11-09,0,0,-0.22543925009529175,0
DIC0988,2010-08-09,0,0,1.9285390714454707,0
MDH0686,2010-04-08,0,0,-9.112728370977493,0
CCW0524,2011-03-23,0,0,-20.70275629792411,0
MFV0897,2011-03-23,0,0,-20.78053111880115,0
LMF0980,2010-06-10,0,0,-20.89278724647795,0
CKP0721,2010-08-27,0,0,-1.112927565131713,0
BHC0665,2011-02-03,0,0,-17.41736643083243,0
HRB0351,2010-07-07,0,0,-13.508476928904997,0
PKB0281,2010-10-19,0,0,-19.553980860778438,0
DOL0332,2010-08-31,0,0,-20.24162330236345,0
MSG0839,2010-11-29,0,0,-1.4904878636043577,0
CNB0900,2010-08-03,0,0,-21.191168826380817,0
ASS0517,2010-06-09,0,0,-22.405398223773545,0
FHS0837,2010-01-26,0,0,-0.7064905313396821,0
UJC0737,2010-09-03,0,0,-6.22900187661071,0
JER0404,2011-01-31,0,0,-11.24031464573875,0
OQH0183,2011-04-12,0,0,-21.58829450874191,0
UJC0737,2010-03-03,0,0,-7.033984067091296,0
PBP0002,2010-10-18,0,0,-27.868523895662292,0
ELH0960,2011-05-04,0,0,-1.4904878636043577,0
RCC0617,2010-04-29,0,0,-5.014236267070942,0
NJB0243,2010-03-01,0,0,-16.38679520146536,0
CQW0652,2010-11-02,0,1,-17.24246975670451,0
PMV0850,2010-04-22,0,0,-4.458469656766397,0
KJM0887,2010-05-20,0,0,-22.177337964509547,0
QSV0778,2010-05-10,0,0,-21.14364623941958,0
KJP0371,2010-01-08,0,0,-21.846365282309648,0
DSM0591,2010-08-04,0,0,-0.029480686207648432,0
BJM0111,2010-04-12,0,0,-23.209856909966106,0
RRA0938,2011-03-07,0,0,-3.606949644632664,0
SJW0451,2010-10-12,0,0,-0.4596809819545342,0
LBF0214,2010-10-16,0,0,-2.230455222246519,0
AJN0607,2010-01-04,0,0,-3.633306313563253,0
FMG0527,2011-01-26,0,1,-21.335937955741997,0
QSV0778,2010-02-16,0,0,-20.291306403365866,0
HGH0595,2010-03-12,0,0,-2.2832896928276796,0
OLF0504,2010-07-02,0,0,-6.120283835283431,0
TPH0474,2010-08-03,0,0,-1.404150611370028,0
DPM0423,2011-04-29,0,0,-22.684174409599677,0
BSS0369,2010-09-13,0,1,-20.08536548983477,0
ORB0473,2010-09-23,0,0,-0.029480686207648432,0
LEM0605,2010-10-22,0,0,-4.058411025878513,0
LCD0622,2010-01-20,0,0,-6.1291565689541585,0
COF0120,2010-02-01,0,0,-28.70061473750627,0
DRR0242,2010-08-25,0,0,-28.32263872137719,0
WXH0872,2010-10-11,0,0,-3.255552154413408,0
WKD0013,2010-02-08,0,0,-19.657724828948176,0
MES0407,2010-12-06,0,0,-3.4338249220477337,0
DGW0752,2010-06-09,0,0,-6.430859794709249,0
WGS0516,2010-08-12,0,0,-20.160601202722432,0
ORM0669,2010-04-08,0,0,-1.4404596344237461,0
HMW0713,2011-03-23,0,0,-0.22543925009529175,0
IJM0444,2011-02-10,0,0,-12.426553600862007,0
EMW0772,2010-10-27,0,0,-21.14364623941958,0
MMG0943,2010-02-26,0,0,-7.367420632729704,0
DGN0480,2011-01-25,0,0,-7.7133541736679945,0
ILC0838,2010-12-17,0,0,-0.9865584613565943,0
PNH0761,2010-06-09,0,0,-21.28700941762611,0
WLV0566,2010-01-22,0,0,-9.326516686268974,0
TET0621,2010-10-06,0,0,-6.013673221422778,0
HCC0344,2010-02-12,0,0,-19.07530718663736,0
FSB0399,2010-03-01,0,0,-11.93731404602238,0
KRG0158,2010-12-21,0,0,-27.596915834630977,0
BBS0422,2010-01-28,0,0,-14.89728452046893,0
MHG0244,2010-01-19,0,0,-17.153582818202267,0
YJV0699,2011-04-11,0,0,5.1538075130462175,0
BMM0112,2010-08-04,0,0,-18.43011282349198,0
ELT0769,2010-08-02,0,0,-22.360773409824674,0
ABH0663,2010-02-01,0,0,-0.936600723083302,0
SAA0999,2010-10-08,0,0,-17.02898926758337,0
SVL0940,2010-01-27,0,0,-4.7108517727031085,0
CLF0852,2010-09-07,0,0,-3.766768197376564,0
TSM0927,2010-01-11,0,0,-22.52304537704049,0
NNS0059,2010-04-23,0,0,-20.070856982740793,0
LFS0071,2010-09-15,0,0,-0.5622487441014528,0
SBN0495,2010-01-13,0,0,-4.716408394255723,0
BJW0619,2011-04-25,0,0,-8.226160560418293,0
IMG0320,2010-07-21,0,0,-6.325312618562066,0
PES0085,2011-03-28,0,0,-29.260228187957978,0
CSP0197,2010-01-28,0,0,-1.3172938508670313,0
HWW0436,2011-02-17,0,0,-8.143419536850729,0
NIH0969,2010-06-18,0,0,-2.0968323255412997,0
PRM0740,2010-08-04,0,0,-5.029104443175015,0
AGB0186,2010-11-10,0,0,-19.243346497990274,0
NGO0690,2010-03-17,0,0,-7.505935276647506,0
SDB0106,2010-06-22,0,0,-16.791975041009096,0
DGN0480,2010-04-06,0,0,-6.548938886096835,0
EMW0772,2010-03-04,0,0,-21.910924689027297,0
TJB0302,2010-02-18,0,0,-0.7224114404158399,0
JCR0921,2010-04-22,0,0,-10.798245229081203,0
CKH0144,2010-10-04,0,0,-24.85833652701581,0
SVL0803,2010-06-08,0,0,-2.6173346412265346,0
NAB0801,2010-05-07,0,0,-1.4639228461936682,0
CCW0031,2010-01-08,0,0,-25.193017489859926,0
CCR0863,2010-06-16,0,0,-4.819868187858219,0
BSH0445,2010-10-05,0,0,-13.171229788700316,0
NAB0903,2011-01-26,0,0,-19.723851714775037,0
ELH0960,2010-11-05,0,0,-1.3883418056542496,0
MMB0488,2011-02-28,0,0,-5.74468567260476,0
ABC0174,2010-10-01,0,1,-2.9726448440260356,0
JNJ0556,2010-06-08,0,0,-23.339817130529013,0
FBW0747,2010-03-30,0,0,-5.214061353386114,0
HRW0550,2010-09-13,0,0,-21.58524269093664,0
SOG0411,2010-08-30,0,0,-7.622692369322522,0
TIW0299,2010-07-13,0,0,-0.4596809819545342,0
CKD0680,2010-10-08,0,0,-22.986585574065316,0
BTL0722,2010-03-10,0,0,-0.9603885267399619,0
ASD0577,2010-12-01,0,0,-1.2191903865591485,0
USH0199,2010-02-03,0,0,-21.947137185473366,0
ALD0544,2011-05-11,0,0,-3.0705941162669887,0
FPC0954,2011-01-27,0,0,-0.9964347838972571,0
GCG0951,2010-01-08,0,0,-2.0968323255412997,0
MBG0438,2010-03-16,0,0,-10.491133765624454,0
KNW0644,2011-03-16,0,0,-20.736071902906247,0
LAF0991,2010-08-30,0,0,-10.13497897099819,0
CSP0197,2010-06-28,0,0,-1.411212178471942,0
SSS0345,2010-09-30,0,0,-20.16325966894351,0
DAG0558,2010-09-08,0,0,-27.60625826070043,0
CCW0524,2010-08-25,0,0,-20.88987158352893,0
CQW0652,2010-05-10,0,1,-13.485492514898056,0
MOH0273,2010-01-14,0,0,-15.412956670676635,0
MBJ0312,2010-08-26,0,0,-7.220559604156961,0
LFS0071,2011-02-18,0,0,-9.531673668481517,0
SEJ0677,2010-06-30,0,0,-1.2495069316379386,0
JZD0888,2010-02-15,0,0,-21.30001129515665,0
WPR0368,2010-06-08,0,0,-20.929910715064807,0
BBG0325,2010-02-26,0,0,-3.5494160047322794,0
TAC0300,2011-04-06,0,0,-0.029480686207648432,0
HGG0240,2010-08-04,0,0,-26.225581693503386,0
FBW0747,2010-02-19,0,0,-3.9089279985470284,0
HPH0075,2011-01-11,0,0,-9.132869552637317,0
HIA0414,2010-09-17,0,0,-3.660776153010147,0
JCW0858,2011-02-23,0,0,-4.110413358882397,0
JCR0172,2010-08-27,0,0,-3.599246517698134,0
UCS0227,2010-03-24,0,0,4.143626763614293,0
SSH0799,2010-12-22,0,0,-21.84279888939045,0
ORG0339,2010-04-20,0,0,-19.747349517216207,0
OQH0183,2011-01-13,0,0,-19.243346497990274,0
SOG0411,2010-02-11,0,0,-8.495098655301604,0
HCW0419,2010-04-05,0,0,-22.576846276247352,0
CNB0900,2010-09-16,0,0,-19.7744047319394,0
NNS0059,2010-02-25,0,0,-21.511806203914944,0
BJH0354,2010-11-16,0,0,-26.592568704704604,0
RVC0232,2010-02-05,0,0,-0.18237192858327944,0
HBO0413,2010-10-04,0,1,-3.7796941228270953,0
BMG0917,2011-01-03,0,0,-8.294256059658323,0
TAC0300,2010-01-28,0,0,-0.029480686207648432,0
CCW0031,2010-12-28,0,0,-25.084937908637926,0
MSG0839,2010-07-13,0,0,-0.7369174506420677,0
RAG0275,2010-03-02,0,0,-17.87259823631632,0
GLR0975,2010-08-10,0,0,-20.25929520095417,0
KBB0189,2011-04-29,0,0,-27.957728242649864,0
KPR0497,2010-01-12,0,0,-8.516855563250829,0
FIR0920,2011-04-08,0,0,-22.609508387149617,0
ILR0304,2010-08-02,0,0,-0.7224114404158399,0
AIS0405,2010-10-07,0,0,-4.197748745011722,0
KRV0372,2010-07-16,0,0,-22.44302277884651,0
GAF0060,2010-09-16,0,0,0.00029191865905886516,0
DCH0843,2010-06-24,0,1,-1.4904878636043577,0
CKH0144,2011-03-18,0,0,-24.248607120253496,0
MNC0717,2010-10-27,0,0,-3.500463774829427,0
UBF0645,2011-05-13,0,0,-18.45544914801519,0
LIM0674,2010-06-15,0,0,-11.06653252335991,0
PMJ0564,2010-05-25,0,0,-27.626638086814978,0
LUR0896,2010-12-17,0,0,-19.716597280933115,0
BWH0813,2010-11-04,0,0,-25.23686816944428,0
NOB0181,2010-08-07,0,0,-18.926513235516495,0
FSC0601,2011-02-07,1,1,-1.4185445919745234,0
SPA0141,2010-11-23,0,0,-27.443251749709248,0
KSH0569,2011-01-17,0,0,-0.5622487441014528,0
AMR0318,2010-04-05,0,0,-0.1741520312081093,0
RRA0938,2010-04-09,0,0,-10.189771637305284,0
XHG0902,2010-02-04,0,0,-21.741885558658282,0
NCK0421,2010-02-18,0,0,-26.412715703778645,0
MIC0726,2010-02-12,0,0,-7.647491316469996,0
ROB0272,2010-02-10,0,0,-7.245763441083227,0
HAV0121,2011-02-11,0,0,-12.025347754385507,0
FHO0630,2011-03-23,0,0,-6.591411597466163,0
LRR0148,2010-08-30,0,0,-24.475795236847944,0
JSA0775,2010-02-08,0,0,-22.017591307112866,0
WLV0566,2011-01-14,0,0,-6.2910753586378405,0
MSZ0310,2011-01-07,0,0,-5.004700749292397,0
DRR0162,2010-11-16,1,1,-27.14966310876457,0
SHR0334,2010-01-08,0,0,-20.316652735130447,0
NJC0705,2010-07-27,0,0,-0.9964347838972571,0
PDW0259,2011-05-03,0,0,-19.9925227268418,0
KSH0569,2010-11-30,0,0,-7.273075210915636,0
FKK0055,2010-04-27,0,0,-21.673102918943982,0
ESH0283,2010-07-12,0,0,-18.9594908921689,0
NMB0972,2010-03-02,0,0,-1.1260412373189865,0
SXM0895,2011-01-24,0,0,-22.017591307112866,0
TSM0927,2010-03-26,0,0,-21.004851541274547,0
GCG0951,2010-05-05,0,0,3.2165876335358234,0
TET0621,2010-01-19,0,0,-3.8228980469889393,0
GRC0145,2011-03-01,0,0,-27.84253052849806,0
EZH0736,2010-12-14,0,0,-5.164179272807246,0
XHG0902,2011-04-18,0,0,-21.741885558658282,0
NKH0807,2010-11-29,0,0,-28.259989772283348,0
HSB0196,2010-11-30,0,0,2.5365544121082166,0
ILH0958,2010-09-21,0,0,-1.765124657373235,0
BTW0005,2010-09-16,0,0,-23.58234813783747,0
TLK0993,2011-01-26,0,0,-10.08704750175923,0
TSG0906,2010-03-25,0,0,-19.206805523342496,0
IBM0671,2010-04-13,0,0,-9.363784777497244,0
NAH0503,2010-03-25,0,0,-7.193919834450071,0
OKB0439,2010-07-30,0,0,-17.543482733303676,0
ASL0378,2010-04-13,0,0,-22.28553540107339,0
OKB0439,2010-07-15,0,0,-17.898880176946932,0
LFS0071,2011-04-07,0,0,-4.661634358188394,0
UAD0771,2010-07-13,0,0,-23.395787480153672,0
DTP0379,2011-02-28,0,0,-11.610350019723,0
RJB0088,2011-01-11,0,0,-17.799614770453786,0
DEB0782,2010-07-19,0,0,-19.88698136452581,0
KRG0158,2010-08-11,0,0,-27.087220941395344,0
NAF0033,2010-08-18,0,0,3.260383365817802,0
PLH0715,2010-02-02,0,0,-0.9865584613565943,0
ELH0960,2011-01-26,0,0,-1.0498541092994174,0
WSR0241,2010-07-30,0,0,-28.586368444979712,0
KPP0452,2010-12-27,0,0,-0.4596809819545342,0
THD0448,2010-10-27,0,0,6.760363067025423,1
LJT0817,2011-01-28,0,0,-22.012444239389424,0
RZC0746,2010-08-04,0,0,-6.341083995847953,0
HTF0641,2010-01-04,0,0,-21.788344348040823,0
CHM0821,2011-02-25,0,0,-1.8311822238694049,0
MCF0600,2010-03-29,0,1,-0.029480686207648432,0
LDM0587,2010-05-27,0,0,-1.2191903865591485,0
AKF0709,2010-10-22,0,0,-0.9964347838972571,0
BMT0528,2010-02-12,0,0,-17.36206481613874,0
ALH0402,2011-03-01,0,0,-4.637820302963746,0
MES0407,2010-12-02,0,0,-8.506178765909794,0
ECF0828,2010-03-18,0,0,-0.22543925009529175,0
IIL0513,2011-03-11,0,0,-19.59498964169279,0
ASM0575,2010-09-30,0,0,-1.23947277238085,0
WAS0254,2010-11-02,0,0,-19.670938460994307,0
KLH0596,2010-12-15,0,1,-2.7687114063107856,0
BHC0665,2011-04-08,0,0,-18.816393385541232,0
RTO0313,2010-07-15,0,0,-5.593951362901862,0
XRS0633,2011-02-07,0,0,-21.029561126627073,0
WAB0143,2010-10-08,0,0,-22.256183634752574,0
SSR0278,2010-02-23,0,0,-13.03338066940114,0
IRT0491,2010-10-14,0,0,-7.183304750372031,0
FXF0957,2010-06-17,0,0,-0.7064905313396821,0
BJM0111,2011-03-29,0,0,-23.147887746570063,0
CAC0889,2010-01-29,0,0,-21.68843689264645,0
SBQ0786,2010-12-21,0,0,11.941422939039398,1
ORM0669,2010-06-09,0,0,-1.332885745026033,0
CGA0629,2011-02-22,0,0,-4.589850204726872,0
ANP0555,2010-05-25,0,0,-3.4966783731907753,0
BJH0811,2010-08-11,0,0,-28.450343567704863,0
HAM0985,2010-12-30,0,0,-22.392977857533538,0
DLM0051,2010-11-10,0,0,-14.151628405097426,0
MCS0035,2011-03-08,0,0,6.840751995734763,1
HCL0651,2010-03-08,0,0,-16.168748643682306,0
FBA0348,2010-01-13,0,1,-25.96138277682951,0
BBS0422,2010-08-31,0,0,-20.912241802924314,0
BTL0722,2010-12-27,0,0,-0.22543925009529175,0
SDB0106,2010-12-03,0,0,-17.98275996031373,0
BJW0619,2010-08-26,0,0,-7.364951364589615,0
SBD0913,2010-05-07,0,0,-1.373568409079894,0
MFV0897,2011-04-06,0,0,-21.741885558658282,0
HIW0536,2011-05-11,0,0,16.56541409518195,1
CCM0855,2011-01-28,0,0,-4.877679638324025,0
SDB0106,2010-10-20,0,0,-18.521546450609776,0
KRG0158,2010-05-18,0,0,-25.832610348677463,0
DLM0051,2010-04-25,0,0,-10.298444186479628,0
PTH0830,2011-05-09,0,0,-0.22543925009529175,0
CTR0697,2010-06-16,0,0,-2.2752449809245263,0
MKG0711,2010-10-13,0,0,-1.1703446480004231,0
DLM0051,2011-03-28,0,0,-13.501340245415804,0
AIS0405,2011-02-08,0,0,-7.491795630513366,0
PLH0715,2010-11-11,0,0,-1.112927565131713,0
NHH0185,2010-08-25,0,0,-19.405631886830975,0
MMG0943,2010-03-16,0,0,-7.853548044008107,0
CIM0271,2011-01-27,0,0,-19.445850923612966,0
LJR0523,2010-05-06,0,1,-19.591256246888634,0
MAE0331,2010-06-23,0,0,-20.40186915401432,0
IIL0513,2010-10-12,0,0,-20.1411338579544,0
QCH0110,2010-12-21,0,0,-20.160601202722432,0
OSH0655,2010-04-01,0,0,-21.28098549114975,0
CFM0767,2011-04-11,0,0,-16.525282723151918,0
TSG0906,2011-03-24,0,0,-21.0505857399354,0
AJR0319,2010-06-16,0,0,-6.677961726383501,0
CTR0697,2010-04-16,0,0,-2.5114861009300284,0
RAW0915,2011-02-22,0,0,-21.175867304354142,0
OLF0504,2010-02-10,0,0,-9.203283994735784,0
BLB0114,2010-06-29,0,0,-17.890732474270862,0
RAR0725,2010-03-22,0,1,-3.2258425743758607,0
JGM0934,2010-11-18,0,0,-3.9710751409390923,0
FXF0957,2010-09-03,0,0,-0.22543925009529175,0
AAF0791,2010-10-28,0,0,-10.765182072410767,0
ASL0378,2010-04-06,0,0,-23.367182225191073,0
HWH0646,2011-03-03,0,0,-20.053549164408082,0
AAV0450,2011-03-29,0,0,-0.029480686207648432,0
KPC0073,2010-01-20,0,1,-25.8264062150663,0
RHC0335,2010-07-26,0,0,-17.09009637994984,0
IAT0263,2010-06-03,0,0,-6.82834492651034,0
WXH0872,2010-11-01,0,0,0.32506889793262417,0
PGC0066,2010-01-27,0,0,-27.985499775771245,0
EGD0409,2010-02-22,0,0,-17.982985934565136,0
GRM0868,2010-10-07,0,0,-4.073803377408581,0
MFV0897,2011-03-08,0,0,-14.60833134402833,0
IBS0836,2010-04-08,0,0,-3.6200786595559293,0
DLM0051,2011-01-17,0,0,-14.096804780774278,0
PLH0715,2010-03-15,0,0,-0.7369174506420677,0
EPW0434,2010-05-03,0,0,-11.253697859394379,0
AJC0840,2010-11-08,0,0,-3.0463533321355953,0
DLH0029,2011-01-03,0,0,3.4840306829953533,0
ASS0206,2010-07-12,0,0,2.4937513913212115,0
HSP0290,2010-07-12,0,0,-3.2683919445329366,0
ADD0846,2010-03-19,0,0,-0.7369174506420677,0
AKR0057,2010-03-08,0,1,-28.71623266186782,0
PLH0862,2011-04-08,0,0,-6.29630390521811,0
HKB0418,2011-01-31,0,0,-12.102659001293432,0
KJP0371,2010-04-27,0,0,-21.891754021684733,0
PNH0761,2010-11-04,0,0,-19.319271264226245,0
NIH0969,2011-03-18,0,0,-2.736408815198729,0
RRA0938,2011-02-11,0,0,-6.162382315016771,0
ZJE0857,2011-05-03,0,0,-3.890221245913608,0
BTL0722,2011-03-18,0,0,3.3192509359057567,0
VLB0647,2010-11-01,0,0,-21.46958600392577,0
BNR0965,2010-05-10,0,0,-1.9109707501006596,0
NIH0969,2011-01-28,0,0,-1.2137761885505824,0
ENL0100,2010-02-23,0,0,-19.152627904342467,0
AGB0643,2010-11-01,0,0,-19.94129318422563,0
JLM0364,2010-03-04,0,1,-22.344897373841036,0
EPW0434,2010-03-10,0,0,-12.782019105281393,0
LQP0508,2010-07-12,0,0,-19.961473945176294,0
JRL0574,2010-04-12,0,0,-2.2832896928276796,0
DIW0118,2010-10-15,0,0,-22.750981306692893,0
RHO0732,2010-06-02,0,0,-2.44738049040609,0
FHS0837,2011-03-17,0,0,-3.540148131093815,0
SAK0375,2010-11-08,0,0,-21.9661191043067,0
BAL0044,2010-07-08,0,0,-13.613531256832744,0
SAC0592,2010-09-16,0,0,-2.775121886143893,0
CNB0900,2010-07-21,0,0,-21.387727140010725,0
AJH0175,2010-08-18,0,0,-2.9020670844497545,0
BWP0202,2010-03-04,0,0,-4.372307532080299,0
POB0343,2010-03-08,0,0,-18.0594908339051,0
JMC0925,2010-12-01,0,0,-7.664329952418484,0
AIP0982,2010-09-29,0,0,-23.1666940364222,0
LDM0587,2010-02-17,0,0,-2.7687114063107856,0
WXH0872,2011-03-09,0,0,-3.2656802040751245,0
LAF0991,2010-09-13,0,0,-10.720931479070373,0
SLB0049,2010-12-02,0,0,-21.833054225815886,0
ARD0509,2010-03-25,0,0,-20.934313054350014,0
WTF0387,2010-06-25,0,0,1.2549476653235843,0
KPP0452,2010-09-07,0,0,-0.22543925009529175,0
MLD0755,2010-05-07,0,0,-5.681733198818847,0
LDD0560,2010-01-07,0,0,-26.650314512921227,0
TSB0437,2010-08-16,0,0,-19.88698136452581,0
ALC0788,2011-05-09,0,0,-0.8610919042910155,0
CJM0138,2011-01-11,0,0,-3.6442671602233077,0
DBB0384,2010-07-19,0,0,-22.194713724724465,0
XAA0104,2010-09-07,0,0,-17.374572877687456,0
KDT0346,2010-05-13,0,0,-19.309619787597853,0
ASG0692,2010-06-02,0,0,-24.964493946757216,0
KRL0062,2011-01-26,0,0,-27.424134144167056,0
MIM0712,2010-07-15,0,0,-0.22543925009529175,0
WBC0192,2010-09-22,0,0,-25.004889446989637,0
RJB0088,2010-02-03,0,0,-16.630637135339725,0
KAC0124,2011-02-21,0,0,-19.821772351847017,0
CJM0521,2010-06-29,0,0,-17.409423266080125,0
TUC0632,2010-06-29,0,0,-20.80206988291002,0
JCG0316,2010-01-20,0,0,-0.9053859103159994,0
SHR0334,2010-11-05,0,0,-19.625491027840667,0
CNB0900,2010-02-16,0,0,-22.405398223773545,0
GAF0570,2010-10-18,0,0,-4.445125395168816,0
AAV0450,2010-02-15,0,0,-0.9603885267399619,0
KRG0158,2010-08-23,0,0,-26.978844251337023,0
OHC0973,2010-06-08,0,0,-4.050053880398195,0
JDB0169,2011-02-16,0,0,-0.6258848310628764,0
CPG0322,2010-03-26,0,0,3.6092820810508783,0
SSR0278,2010-04-26,0,0,-9.240894364056658,0
AHC0142,2010-06-18,0,0,-27.372099956928878,0
NMF0780,2011-03-18,0,0,-19.214414378415313,0
CFG0959,2010-08-10,0,0,-1.4904878636043577,0
PMJ0564,2011-01-27,0,0,-27.0476617263447,0
DAL0673,2010-02-08,0,0,-9.924864832730691,0
CQW0652,2010-08-16,0,1,-16.40408662592074,0
WKF0012,2011-01-26,0,0,-21.548985266693876,0
SJF0094,2010-04-12,0,0,-11.615751065178415,0
ATE0869,2010-08-03,0,0,0.6527278991142111,0
WIF0691,2010-01-14,0,0,-21.73539534537008,0
IRM0931,2011-03-31,0,0,-27.276003970340412,0
IWM0816,2011-03-07,0,0,-7.86874906396838,0
HDD0806,2010-11-30,0,0,-12.321910843324531,0
AJL0462,2010-04-16,0,0,-3.4382802449287055,0
XRS0633,2010-10-27,0,0,-19.129793478160423,0
LIM0674,2010-10-21,0,0,-11.042209752158328,0
ZSK0258,2010-10-12,0,0,-21.366261959075473,0
AJR0319,2011-04-27,0,0,-5.492118416781409,0
XRS0633,2010-11-18,0,0,-18.057771800177193,0
PMC0328,2010-05-11,0,0,-17.073519141413726,0
ABC0253,2011-01-14,0,0,-18.59020085531654,0
LUR0896,2010-05-19,0,0,-21.536153252842382,0
VMJ0546,2010-06-14,0,0,-13.164605137480862,0
VMJ0147,2010-02-22,0,0,-27.542848126799413,0
MDH0686,2010-01-28,0,0,-6.506502759840487,0
RCC0617,2011-04-12,0,0,-6.311652740564909,0
BJH0811,2010-01-08,0,0,-26.90662559475504,0
DZC0228,2010-05-04,0,0,-12.5497336387225,0
EHR0096,2010-05-12,0,0,-27.345024411403074,0
CNB0900,2010-01-07,0,0,-21.741885558658282,0
ZJS0269,2011-02-03,0,0,-20.163759494841884,0
KRL0062,2011-01-31,0,0,-27.844022552249044,0
DLF0377,2011-03-09,0,0,-2.5076545949945057,0
TSM0363,2011-01-03,0,0,-20.455615144501166,0
CIG0052,2010-07-12,0,0,-28.88482799405051,0
NBC0412,2010-11-29,0,0,-4.172625388203528,0
AIP0982,2010-11-29,0,0,-21.82550264837232,0
ZSL0305,2011-05-11,0,0,-1.2191903865591485,0
JAM0382,2010-01-21,0,0,-24.336291242426228,0
VTT0385,2011-04-20,0,0,-22.243225039734853,0
ASS0517,2010-05-03,0,0,-18.889249757147127,0
NAF0326,2010-02-07,0,0,-3.859833402626464,0
AGB0643,2010-11-12,0,0,-18.6549801239089,0
HJB0742,2010-01-28,0,1,-6.875890043885988,0
LDG0459,2010-05-03,0,0,-3.3476586294807475,0
DMK0257,2010-09-22,0,0,-12.187961673683276,0
THR0873,2010-09-17,0,0,-1.8095341533276041,0
TET0621,2010-03-08,0,0,-6.593409096482333,0
FGW0853,2010-06-07,0,0,-6.786427282433351,0
LQP0508,2010-01-18,0,0,-21.9152524410531,0
WBC0315,2010-12-27,0,0,-5.3512233318218705,0
XHG0902,2011-05-06,0,0,-18.428991344851966,0
FKK0055,2010-04-16,0,0,-21.342828749479963,0
HIA0414,2010-12-10,0,0,0.37178931151015604,0
AJP0723,2010-10-13,0,0,-0.7064905313396821,0
LBH0942,2010-04-18,0,0,-2.21023504892662,0
VLB0647,2010-01-15,0,0,-18.45544914801519,0
SKG0759,2010-08-05,0,0,-18.760651244296128,0
EPW0434,2010-08-17,0,0,-11.19344441103749,0
GQF0659,2011-05-04,0,0,-21.915775441595315,0
ETR0177,2010-10-21,0,0,-27.026225100897705,0
FBW0747,2010-09-23,0,0,-5.040016266157636,0
SDO0170,2010-03-29,0,0,-7.363943131611791,0
MSS0001,2010-10-06,0,0,-17.5891760928057,0
NSS0876,2010-02-19,0,0,-4.857142829964687,0
BWH0813,2011-03-31,0,0,-26.73396237326176,0
SDO0170,2010-07-23,0,0,-5.355529934952187,0
DLM0051,2011-04-28,0,0,-14.815063161663033,0
OJK0233,2010-06-11,0,0,-10.922384210440782,0
AMW0392,2010-08-08,0,0,-22.921852557344664,0
TVS0006,2010-10-07,0,0,-24.67113158997836,0
YJF0532,2011-04-11,0,0,-21.32394317670355,0
RSC0089,2011-02-15,0,0,-17.842509683068556,0
JDC0030,2010-12-20,0,0,-23.949693569932606,0
QCH0110,2010-04-06,0,0,-20.88987158352893,0
NAH0503,2011-04-02,0,0,-6.879995169497079,0
AJD0074,2010-07-16,0,0,-28.076281907614998,0
GCS0518,2011-02-16,0,0,-19.591256246888634,0
JKJ0698,2010-03-19,0,0,-2.822060863980596,0
RDM0115,2010-04-30,0,0,-27.2680769940215,0
OCB0805,2011-03-07,0,0,-3.143576698038032,0
SRH0155,2010-02-12,0,0,-26.233811138173905,0
DFH0188,2011-02-16,0,0,-18.97818181742673,0
JKM0303,2011-01-18,0,0,-0.4596809819545342,0
TJB0302,2011-01-12,0,0,-0.4596809819545342,0
FMG0527,2010-11-05,0,1,-21.387727140010725,0
BAM0636,2011-02-15,0,0,-19.031705476802586,0
DAG0558,2011-01-18,0,0,-28.412380591841043,0
SHW0578,2010-07-19,0,0,-0.029480686207648432,0
SCP0130,2010-06-21,0,0,-0.41355143626833524,0
ESJ0670,2010-04-03,0,0,-20.629089487558417,0
CLF0852,2010-09-14,0,0,-4.928053533854836,0
CCM0136,2011-03-22,0,0,-2.0829632363322617,0
IRM0931,2011-03-12,0,0,-18.73699603738828,0
GRC0145,2011-04-13,0,0,-27.193115508860615,0
JSA0775,2010-04-19,0,0,-21.30001129515665,0
LJR0523,2010-04-27,0,1,-22.017591307112866,0
SVL0940,2011-01-06,0,0,2.378946199790903,0
ERH0449,2010-05-13,0,0,-0.9964347838972571,0
MDH0686,2011-03-08,0,0,-11.348691972285337,0
GCC0945,2010-09-28,0,0,-0.7261734935627828,0
MSG0839,2011-02-17,0,0,5.1538075130462175,0
DLM0051,2010-09-15,0,0,-11.738782061751635,0
MYD0978,2010-06-23,0,1,-21.003373950407536,0
VEB0935,2010-03-29,0,0,-26.604801905097133,0
HCL0113,2010-06-16,0,0,-11.216841157332851,0
SBN0866,2011-04-19,0,0,4.022512515973403,0
JNA0559,2010-02-04,0,0,-6.780622976503537,0
AJD0074,2010-12-09,0,0,-23.008444691370187,0
TRK0914,2010-04-27,0,0,-1.120215039545542,0
JJH0613,2011-02-01,0,0,-4.347838832746561,0
JCR0289,2010-08-12,0,0,-0.029480686207648432,0
EZT0640,2011-05-09,0,0,-17.476831906958296,0
HKR0628,2011-02-18,0,0,-6.326880297876642,0
KQS0415,2010-07-16,0,0,-7.579326326370392,0
LLV0602,2010-04-14,0,0,-4.804715506692332,0
DIW0118,2010-07-02,0,0,-26.198382489708138,0
PLH0862,2010-10-20,0,0,-5.2605125687560985,0
RNP0211,2010-05-14,0,0,2.117970392011216,0
MAH0864,2010-10-12,0,0,-2.567077530880624,0
DJB0159,2011-01-13,0,0,-17.920017676908515,0
DBW0483,2010-01-27,0,0,-6.929677088038488,0
NSS0876,2011-03-21,0,0,-4.5377383562445175,0
XRS0633,2010-06-08,0,0,-17.903642115395087,0
TPH0474,2011-05-12,0,0,1.4484525318397345,0
AHC0142,2011-03-24,0,0,-27.024184418196455,0
CJM0521,2011-02-10,0,0,-20.248463042755475,0
IIA0092,2010-07-07,0,0,-9.61938317203385,0
DIW0118,2010-07-22,0,0,-24.666195429726145,0
DIW0118,2010-11-29,0,0,-24.097184109467207,0
JOM0750,2010-08-16,0,0,-6.248363497255923,0
HBO0413,2010-06-01,0,1,-5.970483890277251,0
AMR0318,2010-08-19,0,0,-4.840868328889201,0
ORB0473,2010-08-12,0,0,-0.3858800300046141,0
CWR0502,2010-02-05,0,0,-4.196863585935716,0
SDO0170,2010-08-23,0,0,-4.128915463230442,0
CSH0626,2010-11-25,0,0,-7.156742714499956,0
CUD0795,2010-07-20,0,0,-11.497526457278582,0
AMW0392,2010-02-23,0,0,-27.776289104275747,0
WAS0254,2010-07-23,0,0,-18.474282778115935,0
TVS0050,2010-09-28,0,0,-17.385702578640007,0
DCC0160,2010-05-18,0,0,-21.883985122717604,0
USH0199,2010-07-02,0,0,-20.947737546227017,0
DAL0673,2010-03-17,0,0,-8.488123148217142,0
ESH0135,2010-06-11,0,0,-0.7224114404158399,0
MBG0438,2010-11-24,0,0,-11.967148061625721,0
SJO0209,2010-03-29,0,0,2.2353175013201962,0
KRL0062,2010-06-10,0,0,-25.46159292577704,0
PTH0830,2010-11-07,0,0,1.5981798516889967,0
AMM0014,2010-02-23,0,0,-19.645872540617233,0
CGF0337,2011-03-28,0,0,-21.60860276657229,0
MLL0598,2011-01-14,0,0,-3.8579330120483064,0
DDM0579,2010-06-29,0,0,-0.7224114404158399,0
WTR0563,2010-08-26,0,0,-28.35833617672415,0
QJR0688,2010-11-15,0,0,-23.65688641221857,0
BAL0044,2010-07-14,0,0,-17.279337073555553,0
KBG0549,2010-10-01,0,0,-22.60081443067736,0
EIP0997,2010-10-05,0,0,-18.72187756070116,0
EHR0096,2011-02-28,0,0,-25.627674476013,0
RAB0589,2010-06-03,0,1,-3.4491423278442426,0
NAB0903,2011-01-03,0,0,-18.958950842231047,0
BJM0111,2010-09-08,0,0,-22.777594007403536,0
CJK0200,2010-03-10,0,0,-1.2869763220621735,0
FDE0117,2010-12-17,0,0,-25.670084284869063,0
SOB0586,2011-02-03,0,0,-0.029480686207648432,0
RTO0313,2010-12-06,0,0,-5.81810253610081,0
HWM0342,2010-06-25,0,0,-17.926200301864014,0
WBC0192,2011-05-09,0,0,-24.660910106749384,0
NGC0058,2010-08-16,0,0,7.463649945939551,1
LCC0819,2010-07-08,1,1,-22.172166258357493,0
HVF0067,2010-01-07,0,0,1.5617459718254167,0
MMG0943,2010-02-12,0,0,-4.632137590212324,0
KAT0489,2010-03-19,0,0,-5.6171649570108,0
AJP0723,2010-03-05,0,0,-3.067758533759161,0
ZKS0899,2010-07-19,0,0,-21.181641945936803,0
CMB0912,2010-02-14,0,0,-25.990638813266173,0
KJJ0293,2010-08-31,0,0,-2.366858360845754,0
CUD0795,2010-07-30,0,0,-10.80092869520206,0
SPA0141,2010-03-12,0,0,-28.249029016659165,0
HKI0171,2010-11-12,0,0,-3.9613897413058794,0
PTH0552,2011-03-09,0,0,-5.0035095800014915,0
BJH0354,2010-07-01,0,0,-27.076836812203624,0
NNA0610,2011-01-24,0,0,-4.884608001330662,0
MDH0580,2010-03-02,0,1,-5.3538374528839086,0
FHO0630,2011-02-22,0,0,-4.611477669846181,0
FQA0854,2010-09-15,0,0,-3.998546690850503,0
AAN0823,2010-05-03,0,0,-1.3883418056542496,0
KCB0815,2010-11-22,0,0,-6.222197018900033,0
TLM0797,2010-11-18,0,0,-3.812287509364978,0
BAM0611,2010-03-03,0,0,-7.589867765532176,0
ESH0135,2010-10-11,0,0,-0.4596809819545342,0
MMB0488,2010-04-15,0,0,-6.609532761409014,0
RAB0589,2010-04-19,0,1,-6.369298221134386,0
BBG0325,2010-06-11,0,0,-3.9539517284197245,0
CKP0721,2010-09-28,0,0,3.3192509359057567,0
DGF0443,2010-10-01,0,0,-12.776141375705606,0
JCW0858,2010-08-27,0,0,-3.5047501256611895,0
QNP0216,2010-09-10,0,0,-22.12719099929211,0
MNR0829,2010-06-30,0,0,-1.4553188204467915,0
PKB0429,2010-02-17,0,0,-12.10398966377113,0
JAV0361,2011-03-18,0,0,-20.828710501088835,0
CHM0821,2010-03-26,0,0,-2.4753163129437326,0
OMS0101,2010-09-01,0,0,-27.263908952004385,0
ASS0517,2011-02-17,0,0,-21.42631668050285,0
KMB0922,2010-11-17,0,0,-21.110017621060592,0
ELH0960,2010-09-08,0,0,-0.9964347838972571,0
HDL0748,2010-03-30,0,0,-5.42743953062859,0
DVW0103,2011-04-04,0,0,-4.887888958735516,0
JMD0520,2010-10-11,0,0,-22.346061282664095,0
ECL0930,2011-04-13,0,0,-27.82154726832232,0
CQW0652,2010-07-15,0,1,-18.577898488825667,0
SMW0084,2010-04-14,0,0,-20.131798910059615,0
ZJS0269,2011-05-11,0,0,-20.884982228898366,0
KBG0549,2010-07-13,0,0,-22.97371555683992,0
ABN0239,2010-12-09,0,0,-8.401139221498283,0
NCK0295,2011-03-21,0,0,-0.029480686207648432,0
UIR0043,2010-08-03,0,0,-21.57593476071986,0
RKF0164,2011-01-26,0,0,-19.983642024178266,0
ARL0034,2010-08-18,0,0,3.4258559066769294,0
MOS0047,2010-02-08,0,1,-17.760869043925823,0
FKK0055,2010-08-06,0,0,-22.478698391048624,0
KQS0415,2010-01-20,0,0,-10.559030759496977,0
HGN0287,2010-10-06,0,0,-14.998983549705827,0
DGF0443,2010-09-28,0,0,-18.064370655258017,0
HIW0536,2010-10-01,0,0,18.380827015668274,1
SRS0231,2011-04-14,0,0,-22.607103993598457,0
CCM0467,2010-02-25,0,0,-0.029480686207648432,0
RMS0266,2011-01-18,0,0,-2.996218505035131,0
JDF0593,2010-05-20,0,0,-4.726879646437169,0
GTD0898,2011-04-15,0,0,-21.335937955741997,0
ADD0846,2011-02-07,0,0,-1.589437420292029,0
SSG0250,2011-03-11,0,0,-16.48936699879812,0
DHM0937,2010-06-14,0,0,-28.747870160514367,0
EMB0531,2010-10-07,0,0,-21.654854343668717,0
ALD0529,2010-01-15,0,0,-21.654854343668717,0
XLB0710,2010-02-15,0,0,-0.3858800300046141,0
JDF0593,2010-12-20,0,0,-4.237426168796446,0
SJW0451,2011-02-16,0,0,-0.029480686207648432,0
JMW0638,2010-05-14,0,0,-18.6549801239089,0
CCH0182,2010-07-26,0,0,-18.10882442076513,0
KMB0922,2010-09-27,0,0,-20.668618707249834,0
LDB0090,2010-02-05,0,0,-26.927798232797954,0
XHW0498,2010-01-13,0,1,-4.93707074986321,0
ESH0283,2010-01-19,0,0,-17.39823110841894,0
AOB0019,2010-04-14,0,0,-20.806482686606387,0
LBH0942,2010-06-22,0,0,-1.5119464400172546,0
LAM0911,2010-10-07,0,0,11.372845064220883,1
AAF0791,2010-06-22,0,0,-11.479331759822003,0
FXF0957,2010-05-18,0,0,-0.7064905313396821,0
OKC0107,2010-11-18,0,0,-14.03733335288166,0
TAP0551,2010-07-06,0,1,-11.234456075815729,0
CFM0767,2010-11-16,0,0,-20.47317746832391,0
SRH0155,2010-12-21,0,0,-27.0252666537682,0
NLO0131,2010-03-31,0,0,-0.4596809819545342,0
GCR0554,2010-10-18,0,0,-11.413619456896072,0
JCR0921,2011-05-12,0,0,-12.69841307602303,0
FRL0511,2010-09-10,0,0,-20.291306403365866,0
PEV0323,2011-01-31,0,0,-6.6439621812925225,0
DMG0358,2011-03-24,0,0,-21.65008798408053,0
AAW0353,2010-10-18,0,0,-0.9545859785923767,0
MHG0244,2011-03-23,0,0,-19.351190879157343,0
NNS0059,2010-11-10,0,0,-22.07128580903975,0
CJM0521,2010-01-18,0,0,-21.741885558658282,0
JSH0330,2011-03-11,0,0,-16.888657744516422,0
JRL0574,2010-02-24,0,0,-0.029480686207648432,0
TLM0797,2011-02-10,0,0,1.9042246609226368,0
KJJ0293,2010-03-04,0,0,-0.4596809819545342,0
DEB0782,2010-01-22,0,0,-20.88987158352893,0
BTL0226,2010-06-07,0,1,-9.703052848993025,0
NCE0097,2010-10-04,0,0,-10.679265344698138,0
AJC0840,2010-02-08,0,0,-3.2814880105289603,0
MLP0668,2010-06-07,0,0,2.100580909058408,0
KNB0022,2010-06-16,0,0,-21.18249229730668,0
RRA0938,2010-03-24,0,0,-4.541595451726039,0
KRL0062,2011-02-09,0,0,-27.562792703175546,0
WKF0012,2011-04-15,0,0,-19.30406267448018,0
CTW0500,2011-03-25,0,0,-5.830797536498608,0
TVS0050,2010-07-12,0,0,-21.79719650421214,0
KJS0618,2010-07-07,0,0,-5.796945725076625,0
NMS0280,2010-12-20,0,0,-17.654868056778014,0
SNC0187,2010-09-09,0,0,-17.950998669880505,0
AHC0142,2011-01-01,0,0,-25.206856550489874,0
CTR0341,2010-02-25,0,0,-19.40521631536467,0
FKK0055,2011-03-31,0,0,-21.53242974719865,0
CFM0767,2010-09-01,0,0,-19.30966625359349,0
EZH0736,2010-11-01,0,0,-6.836810344554237,0
ATP0662,2010-03-27,0,0,-25.390083486748495,0
MAS0025,2010-09-03,0,1,-20.520143144574376,0
NIH0969,2010-05-04,0,0,2.5400495369103737,0
NSC0597,2011-01-12,0,0,-0.029480686207648432,0
IWM0816,2010-10-22,0,0,-7.999406066716233,0
ICS0956,2010-01-25,0,0,-0.22543925009529175,0
LAM0911,2010-04-09,0,0,12.64940041124089,1
VAA0087,2010-10-04,0,0,-17.17718403723552,0
JLM0364,2011-01-05,0,1,-22.343588585776615,0
FRR0832,2010-04-07,0,0,-1.1260412373189865,0
TPH0474,2010-08-25,0,0,-3.451653225405721,0
XAA0104,2010-01-18,0,0,-23.541309976689263,0
AWM0764,2010-09-08,0,0,-18.892361859914217,0
JAV0361,2010-06-18,0,0,-21.04683330451462,0
CAN0842,2010-04-21,0,0,-0.7064905313396821,0
LBC0356,2010-09-10,0,0,-22.16302589838483,0
MIB0904,2010-06-01,0,0,-18.760651244296128,0
NRF0137,2011-01-27,0,0,-0.029480686207648432,0
HDS0367,2010-09-24,0,0,-18.219437796322495,0
WKD0013,2010-03-06,0,0,-8.162522318670653,0
AMW0392,2010-05-27,0,0,-26.120651127531232,0
HCS0003,2010-02-05,0,0,-19.955190527636432,0
DOP0562,2010-09-15,0,0,-28.942996258979633,0
PDH0716,2010-10-21,0,0,-5.709012973450854,0
NNA0610,2011-01-27,0,0,-7.764948652951375,0
HLH0512,2010-07-03,0,0,-21.32612917473432,0
COM0321,2010-12-13,0,0,-3.5650479316520887,0
CLB0774,2010-10-06,0,0,-23.41600187335621,0
MDM0976,2010-10-05,0,0,-20.408994043479993,0
SAC0592,2010-04-15,0,0,-1.3361854307088379,0
NHH0185,2010-11-12,0,0,-20.345276237602434,0
NLO0131,2010-02-24,0,0,-0.029480686207648432,0
SSJ0784,2011-05-09,0,0,-21.440585778851982,0
HGH0595,2010-02-18,0,0,-0.7224114404158399,0
NCE0097,2010-04-06,0,0,-3.477350147037214,0
WAB0143,2010-06-23,0,0,-20.550315924651954,0
HDJ0446,2011-03-25,0,0,-0.4596809819545342,0
GCS0518,2010-02-26,0,0,-22.017591307112866,0
ASM0575,2010-10-04,0,0,-1.3361854307088379,0
NCK0295,2010-06-24,0,0,-1.2191903865591485,0
CQW0652,2010-02-04,0,1,-15.67990073503779,0
ETR0177,2010-10-01,0,0,-26.766908864902348,0
EMS0317,2011-02-09,0,0,-4.1007806064262695,0
JCR0289,2010-08-27,0,0,-0.4596809819545342,0
MKG0711,2010-11-08,0,0,-0.9964347838972571,0
SJC0333,2011-05-02,0,0,-20.180356869754064,0
MTB0620,2010-07-27,0,0,-8.097530472805943,0
VTT0385,2010-06-21,0,0,-22.11434529310202,0
ALB0892,2010-05-05,0,0,-22.017591307112866,0
HVB0037,2010-04-09,0,0,3.9229283693081243,0
CHG0146,2011-04-05,0,0,-24.921919418371886,0
AMR0318,2010-12-28,0,0,-4.828939403027789,0
LPC0492,2011-05-11,0,0,-6.69040020074965,0
ASB0796,2010-11-09,0,0,-2.7742293842063646,0
TTD1000,2011-03-22,0,0,-17.94814471560801,0
ASG0692,2010-07-09,0,0,-27.33137106516267,0
NAB0801,2011-01-07,0,0,-2.129261251251478,0
EZH0736,2010-07-09,0,0,-7.5672890793965735,0
XRS0633,2010-07-13,0,0,-20.437265469030763,0
IJM0139,2010-09-24,0,0,-0.4596809819545342,0
AVM0947,2010-01-26,0,0,-7.128795103765015,0
KNB0022,2010-05-07,0,0,-20.280030754714176,0
CMB0912,2010-08-19,0,0,-24.34099647431526,0
RLG0856,2010-08-19,0,0,-4.097952643717576,0
KAC0124,2010-06-09,0,0,-20.00820878299146,0
DOL0332,2011-02-25,0,0,-17.507300006025616,0
GCC0945,2010-01-13,0,0,-0.3858800300046141,0
BBS0422,2010-03-03,0,0,-20.48856009646329,0
AKF0709,2011-05-06,0,0,-0.7261734935627828,0
WIF0691,2010-09-22,0,0,-21.448997204168563,0
ERH0449,2010-08-10,0,0,-3.2683919445329366,0
ABN0239,2011-03-21,0,0,-7.535983961764487,0
CEL0561,2010-02-05,0,0,-28.469624197749113,0
QPM0727,2010-11-02,0,0,-5.6918310177461535,0
SDF0017,2010-06-16,0,0,-15.994649158582888,0
BVC0790,2010-08-02,0,0,-16.74564957666348,0
RRA0938,2010-07-27,0,0,-5.443094398392645,0
ESH0283,2010-09-03,0,0,-18.571254198349266,0
HKI0171,2010-04-29,0,0,-4.56960209194051,0
MFV0897,2010-10-18,0,0,-21.21294958209728,0
WKF0012,2010-08-26,0,0,-19.49993708222064,0
KAT0489,2010-02-18,0,0,-9.214171055346469,0
IWM0816,2011-04-15,0,0,-4.646584683431456,0
JCV0245,2011-04-14,0,0,-18.53901559752319,0
NLO0131,2010-02-03,0,0,-0.029480686207648432,0
LLV0602,2010-10-01,0,0,-3.9603295491722292,0
MJB0588,2010-10-22,0,0,-1.404150611370028,0
IBB0696,2010-07-26,0,0,-4.411816547718445,0
JAV0361,2010-09-22,0,0,-22.144322238764516,0
AHC0142,2011-01-27,0,0,-26.235071412885418,0
HRW0550,2010-11-08,0,0,-22.959759776502892,0
LHN0151,2010-10-22,0,0,-1.0616200190563632,0
EMW0772,2010-06-30,0,0,-20.412769216833453,0
KSP0966,2010-05-24,0,0,-3.067758533759161,0
PNH0761,2011-02-04,0,0,-20.40984068659236,0
EIM0156,2010-03-05,0,0,-20.475924234504646,0
AVM0947,2010-09-13,0,0,-7.594555126245382,0
HBO0413,2010-09-21,0,1,-8.785551570399775,0
HFB0347,2010-10-12,0,0,-19.499318916416087,0
DLS0383,2010-07-01,0,0,-21.85124537074705,0
JRG0207,2010-02-09,0,1,1.2479460961131963,0
ROB0272,2011-01-28,0,0,-4.404844352250848,0
HCL0651,2010-06-16,0,0,-20.98968210490989,0
IBB0696,2010-08-19,0,0,-1.7243522062336751,0
NCE0097,2010-12-06,0,0,-8.102530290496816,0
CBG0398,2010-07-07,0,0,-5.754424065656849,0
QPM0727,2010-02-19,0,0,-4.954286707729125,0
QSV0778,2011-04-05,0,0,-20.160601202722432,0
IMG0320,2011-02-15,0,0,-3.851943176244049,0
AHM0410,2010-04-14,0,0,-4.213964660693023,0
BMG0917,2011-01-27,0,0,-8.305558939228035,0
UCS0227,2010-09-22,0,0,-4.866953645980516,0
CIM0926,2010-05-11,0,0,-20.854385782740565,0
TDJ0998,2010-06-24,0,0,-16.516889679780206,0
KJJ0293,2010-02-18,0,0,-3.7741437162100056,0
LQC0479,2010-01-21,0,1,-7.9898418410434715,0
BJP0134,2010-10-19,0,0,-6.289468488494663,0
OLF0504,2010-04-28,0,0,-5.690524110568731,0
BMC0547,2011-01-05,0,0,-10.538149806055571,0
RUM0880,2010-07-22,0,0,1.5743218866845154,0
QJR0688,2010-02-17,0,0,-24.298059993372362,0
DSM0591,2011-04-27,0,0,-0.4596809819545342,0
CTR0697,2010-11-09,0,0,-2.329964725832724,0
MGS0974,2011-02-07,0,0,-21.131780183301544,0
LHB0967,2010-09-10,0,0,-1.3883418056542496,0
JER0404,2010-09-24,0,0,-8.379523324269144,0
AGB0643,2011-03-15,0,0,-19.129832024324855,0
ONL0276,2010-05-03,0,0,-26.08929083619205,0
ORB0473,2010-04-07,0,0,-0.22543925009529175,0
QOS0878,2010-02-05,0,0,-2.9914429879471527,0
CKB0482,2010-12-03,0,0,-6.205177272768083,0
NHH0185,2010-03-24,0,0,-19.018298212056607,0
SAK0375,2010-04-30,0,0,-21.187929507805052,0
JMK0099,2010-08-26,0,0,-7.602255168375905,0
GAF0570,2010-07-06,0,0,-5.294810811528578,0
HWW0436,2010-05-28,0,0,-11.523528131161015,0
DDA0476,2010-09-08,0,0,-6.912713612573157,0
VMJ0147,2011-03-10,0,0,-26.114449661964613,0
BER0314,2010-11-05,0,0,-4.376426231302389,0
QNP0216,2010-11-12,0,0,-19.857884029594743,0
EMB0531,2010-04-29,0,0,-21.42631668050285,0
EIS0041,2010-02-01,0,0,-14.490870495172658,0
KMB0922,2011-03-16,0,0,-22.705115302723357,0
PLH0862,2011-01-20,0,0,-5.416487592782801,0
SAT0194,2010-11-24,0,0,-3.0283907043789213,0
NAF0326,2010-11-28,0,0,-2.4987810082761825,0
MDH0686,2010-04-28,0,0,-10.619352983128579,0
AAL0706,2010-02-18,0,0,-0.22543925009529175,0
JBD0616,2010-08-11,0,0,-4.221220815345077,0
ICH0294,2011-02-17,0,0,-0.7042444304277069,0
MIM0712,2010-03-25,0,0,-0.7369174506420677,0
GNZ0953,2010-12-09,0,0,-0.7369174506420677,0
ZDW0859,2010-05-11,0,0,-4.22046816922898,0
BAM0611,2010-01-25,0,0,-5.909963159226436,0
DHM0937,2010-04-21,0,0,-26.981975232611717,0
JCV0245,2011-01-12,0,0,-17.816896277749493,0
SBN0495,2010-07-06,0,0,-5.610446010185228,0
PRM0740,2011-02-24,0,0,-6.152553251144127,0
SKG0759,2010-02-09,0,0,-18.892361859914217,0
CSL0949,2010-09-13,0,0,-0.9865584613565943,0
FLM0213,2010-03-03,0,0,1.2695137828306997,0
MOH0273,2010-12-15,0,0,-17.48956504532464,0
TAP0551,2010-07-20,0,1,-6.994511058678995,0
MBJ0312,2010-06-17,0,0,-2.585390869274761,0
KJJ0293,2010-06-09,0,0,-3.3476586294807475,0
BAJ0654,2011-05-06,0,0,-20.538159584777077,0
CGA0629,2011-04-01,0,0,-6.6749050433577395,0
CMB0912,2010-05-03,0,0,-24.27942987500819,0
MCD0125,2010-03-29,0,0,-16.78221679730109,0
MNR0829,2010-07-28,0,0,-0.22543925009529175,0
HMW0713,2010-01-07,0,0,-0.22543925009529175,0
SJC0333,2010-10-26,0,0,-17.925074038960588,0
JMK0099,2011-02-28,0,0,-4.634678913174298,0
BVC0790,2010-11-04,0,0,-16.277404579815652,0
DMK0257,2010-08-16,0,0,-11.314379258908048,0
ETR0177,2010-08-30,0,0,-26.502792437076096,0
AIH0675,2011-03-03,0,0,-24.122502186898828,0
BVC0790,2011-03-08,0,0,-16.585307300211184,0
RAW0915,2010-07-19,0,0,-22.32991107602834,0
RCC0617,2011-02-16,0,0,-5.493844598801843,0
NKH0807,2010-01-07,0,0,-26.731711621738782,0
CQW0652,2011-02-24,1,1,-20.16320053927916,0
HSD0457,2011-01-11,0,0,-0.4596809819545342,0
TVS0006,2011-05-13,0,0,-25.10380739918753,0
HAM0985,2010-11-05,0,0,-22.367389198346928,0
GHH0288,2010-02-25,0,0,-4.103643958301291,0
JIG0128,2010-12-21,0,0,-17.125478415316138,0
PLH0862,2011-03-23,0,0,-2.0830085675842156,0
CGA0629,2010-02-09,0,0,-7.723293067357417,0
CJK0200,2011-04-01,0,0,-0.5983772238251959,0
BAM0611,2010-01-29,0,0,-9.958930411693586,0
SMY0792,2010-07-27,0,0,-2.6679184669593496,0
HIW0536,2010-10-08,0,0,15.95309541123072,1
LQP0508,2011-01-11,0,0,-21.32394317670355,0
ROB0272,2010-02-17,0,0,-5.474922681043836,0
CJG0470,2010-10-20,0,0,-0.7224114404158399,0
HGH0595,2011-03-23,0,0,-1.2191903865591485,0
BMT0528,2010-05-07,0,0,-23.15262925259026,0
BSA0431,2011-02-17,0,0,-13.689755388882077,0
EHR0096,2010-09-28,0,0,-25.065456770495416,0
QRM0739,2010-12-14,0,0,0.1154019893642726,0
SHW0578,2010-12-13,0,0,6.760363067025423,1
KBS0874,2010-12-16,0,0,-7.251221027776978,0
AKR0057,2010-03-18,0,1,-27.959114995858158,0
ONW0083,2011-05-16,0,0,-17.60027844538945,0
LJJ0905,2010-07-14,0,0,-20.651707400147075,0
KMS0657,2010-10-21,0,0,-20.367376032475136,0
JCC0225,2010-10-14,0,0,-21.258294780388383,0
CMW0783,2010-09-14,0,0,-20.78053111880115,0
FBA0348,2010-09-23,0,1,-26.43407986137788,0
KVT0028,2010-12-20,0,0,-5.59233176503551,0
ZJE0857,2010-04-21,0,0,-5.867393965269116,0
JKJ0698,2010-09-30,0,0,-2.3067309677462617,0
GMF0738,2010-09-15,0,0,-4.661189878532127,0
WDO0870,2011-01-21,0,0,-7.030071124533151,0
CAA0612,2011-02-24,0,0,-8.344850050500554,0
DVM0265,2010-06-10,0,0,-9.101591968939715,0
JCG0316,2010-06-30,0,0,-1.5572698373695175,0
GAF0060,2010-08-23,0,0,1.188950812216035,0
FIR0920,2010-10-28,0,0,-23.357412986461895,0
EHB0420,2010-01-26,0,0,-18.54236545583842,0
IBB0359,2010-07-22,0,0,-20.45368801545567,0
HSG0818,2010-03-24,0,0,-26.104449620005767,0
CEJ0109,2010-12-01,0,1,-5.652710430415823,0
QCH0110,2010-04-12,0,0,-16.263625327758973,0
SAC0687,2010-03-31,0,0,-26.424012965803286,0
BVC0790,2010-02-24,0,0,-19.070202016707867,0
AMM0014,2010-05-24,0,0,-20.07860773428638,0
WSR0241,2010-08-16,0,0,-29.103888567074023,0
CCM0136,2011-02-25,0,0,-2.0829632363322617,0
IUY0279,2010-09-27,0,0,-11.617649723282511,0
CAA0612,2010-06-16,0,0,-10.339883072749672,0
PDH0716,2011-02-03,0,0,-3.681647066081723,0
DVM0265,2010-09-14,0,0,-2.32961428302292,0
CTR0697,2010-08-27,0,0,-1.2137761885505824,0
AJL0462,2011-03-14,0,0,-2.859977556439503,0
UBF0645,2010-08-12,0,0,-20.529313628046566,0
CCL0068,2010-08-16,0,1,-21.192142792264008,0
DCC0160,2010-06-28,0,0,-20.879050883048194,0
MLD0755,2011-05-03,0,0,-4.197629116484677,0
ADC0391,2010-07-23,0,0,-9.38183256845889,0
KNW0644,2010-07-15,0,0,-21.513113993117486,0
SPA0141,2011-03-07,0,0,-28.136699385060297,0
ORB0473,2011-02-14,0,0,-3.2814880105289603,0
TJD0996,2010-11-22,0,0,-16.08529870713346,0
DID0650,2010-08-10,0,0,-20.501713681202318,0
NKH0979,2010-02-26,0,0,-20.252376490568395,0
FRB0023,2010-07-28,0,0,-21.203257835286536,0
ADF0397,2010-07-21,0,0,-7.528813931457421,0
JNA0559,2010-07-13,0,0,-10.851159962546149,0
RMS0266,2011-03-25,0,0,-11.203048600222019,0
HKF0831,2011-01-04,0,0,-0.9964347838972571,0
IAR0694,2011-04-11,0,0,-27.701486507266964,0
NCH0179,2010-09-08,0,0,-28.028139841039433,0
XHG0902,2010-09-27,0,0,-20.888079761187782,0
AES0827,2010-02-12,0,0,-0.7064905313396821,0
GJT0386,2011-04-05,0,0,8.075062983235966,1
AVM0947,2010-01-22,0,0,-4.778514329629161,0
DCC0160,2011-01-26,0,0,-18.42306618138946,0
SRH0155,2010-03-26,0,0,-26.597299341908524,0
CJV0286,2010-04-22,0,0,-21.97060233034688,0
MDH0686,2010-10-21,0,0,-10.541012520091954,0
BMT0528,2011-01-28,0,0,-18.21650477524861,0
HWH0646,2010-03-17,0,0,-17.903642115395087,0
IRM0931,2010-06-01,0,0,-27.46533709339485,0
HGG0240,2010-05-17,0,0,-28.086877312661613,0
NGO0690,2011-03-17,0,0,-6.74659566725677,0
XHW0498,2010-09-27,0,1,-4.19431412847598,0
HWM0342,2010-09-22,0,0,-19.654068817977873,0
EMS0317,2011-02-25,0,0,-3.726139948033733,0
JFC0557,2011-05-02,0,0,-2.6578730821374847,0
RAH0440,2011-05-06,0,0,-19.341496639847833,0
ETR0428,2010-01-04,0,0,-11.769977071991207,0
DBS0235,2010-10-21,0,0,-21.874844083447556,0
SAT0194,2010-02-09,0,0,-1.4615973522127206,0
ONL0276,2010-01-19,0,0,-24.584783376618134,0
DZC0228,2010-01-11,0,0,-11.422028169250552,0
EBC0390,2011-02-22,0,0,-24.52221975149621,0
NCK0295,2010-03-10,0,0,-0.029480686207648432,0
BVN0514,2010-03-12,0,0,-22.017591307112866,0
MLL0598,2010-08-11,0,0,-3.9793987935618134,0
SOB0360,2010-03-24,0,0,-22.08072026373611,0
HDS0367,2010-12-27,0,0,-17.90215084025465,0
MSG0839,2010-09-09,0,0,-0.9865584613565943,0
DEB0782,2010-06-29,0,0,-18.958950842231047,0
TRK0914,2010-11-01,0,0,-1.657849544611281,0
NRO0768,2010-02-12,0,0,-18.394595586046194,0
NGF0157,2010-12-29,0,0,-12.726196932770222,0
IUY0279,2010-07-21,0,0,-10.325766396422523,0
GJT0386,2010-02-23,0,0,-0.3838956324177616,0
HCL0113,2010-09-16,0,0,-13.87423989078843,0
AMD0077,2010-10-20,0,0,-13.323177812743438,0
CCA0046,2010-06-09,0,1,-21.870663659622323,0
TET0621,2010-02-18,0,0,-8.641698138502989,0
ASS0517,2010-08-20,0,0,-19.35631405932122,0
AIP0982,2010-10-20,0,0,-21.54149014284576,0
CFM0767,2010-04-05,0,0,-15.613803851518128,0
KJJ0293,2010-11-23,0,0,-5.516524184543982,0
RCP0785,2010-12-27,0,0,-19.849755086682308,0
ORM0669,2010-12-21,0,0,-2.086959604600679,0
ZMC0284,2010-05-11,0,0,-17.43440969826179,0
KPP0452,2010-04-09,0,0,-0.4596809819545342,0
SBN0866,2011-03-02,0,0,-2.425196153494767,0
YWW0660,2010-06-14,0,0,-18.895875922044866,0
TDG0962,2011-02-22,0,0,-0.22543925009529175,0
HWM0342,2011-02-22,0,0,-21.735661173758217,0
CPG0322,2011-01-21,0,0,-3.1716697168376413,0
AIH0675,2010-07-06,0,0,-24.11219979954444,0
DLF0377,2010-11-01,0,0,-3.684290069874578,0
VCC0396,2010-01-19,0,0,-1.4775885630880339,0
RJB0088,2010-07-13,0,0,-20.064678173000857,0
DIW0118,2010-10-19,0,0,-24.329883464801696,0
FFC0891,2010-01-15,0,0,-18.583666084139963,0
CFM0767,2011-03-09,0,0,-21.436374009158044,0
BWH0813,2011-03-09,0,0,-26.826308264710974,0
GCL0016,2011-04-01,0,0,-22.49154332667524,0
JBD0616,2010-04-23,0,0,-5.66396902714564,0
BCB0679,2010-05-14,0,0,0.004150103687379669,0
RVF0201,2010-03-01,0,0,-27.603384621624514,0
HMM0108,2010-01-19,0,0,-10.836787553080399,0
KAL0395,2010-07-01,0,0,-25.932223723281822,0
EIM0156,2010-04-05,0,0,-20.65553869527014,0
CJP0952,2010-12-28,0,0,-1.765124657373235,0
JKB0126,2011-03-23,0,0,-18.44071007367438,0
PBP0002,2011-01-10,0,0,-27.369351063655813,0
NLO0131,2010-08-18,0,0,-1.2191903865591485,0
MNC0717,2011-02-15,0,0,-4.790221638591447,0
AAL0706,2010-12-29,0,0,-0.22543925009529175,0
FRR0832,2010-02-23,0,0,-2.822060863980596,0
BXJ0010,2011-04-26,0,0,-21.37786050951172,0
IRM0931,2010-09-25,0,0,-28.2717095649748,0
DIW0118,2011-02-22,0,0,-22.37735017143075,0
VCC0396,2010-03-18,0,0,-4.442663415629454,0
CMM0487,2011-05-10,0,0,-6.9511371039334335,0
RKD0604,2010-03-05,0,1,-5.464129579162659,0
MBG0438,2010-08-09,0,0,-13.016063503280748,0
BTL0722,2010-08-27,0,0,-2.822060863980596,0
KQC0708,2011-02-25,0,0,-0.7064905313396821,0
JNA0559,2011-03-03,0,0,-5.566720395995162,0
HBB0056,2010-11-30,0,0,-23.386702250175972,0
SAC0687,2010-09-27,0,0,-25.43869531228154,0
FSC0601,2010-12-03,0,1,1.8508028705520019,0
AJP0723,2010-09-10,0,0,-2.3067309677462617,0
KCF0045,2010-09-09,0,0,-22.163114956915024,0
YEV0793,2011-02-11,0,0,-22.63782995129725,0
HAH0760,2011-01-06,0,0,-22.334221253224314,0
GLR0975,2011-04-26,0,0,-20.372487922907453,0
USH0199,2010-10-11,0,0,-20.436491569381246,0
BAM0611,2010-05-25,0,0,-4.455810522693696,0
DIB0285,2010-03-01,0,1,-12.979377101487103,0
RAS0432,2010-03-25,0,0,-13.09242987768505,0
ONW0083,2010-03-03,0,0,-19.681024804654953,0
WPR0368,2011-03-18,0,0,-21.34994800102527,0
AAM0658,2010-05-18,0,1,-21.093473020204556,0
JFC0557,2010-06-07,0,0,-5.482937021280804,0
TNM0961,2010-07-15,0,1,-3.3031086445049596,0
ANP0555,2011-04-29,0,0,1.6991997630268543,0
JCR0921,2010-08-16,0,0,-9.463903733968095,0
LQC0479,2010-05-06,0,1,-5.825981979065091,0
HTF0641,2010-08-27,0,0,-19.102773176020378,0
BWH0813,2010-09-08,0,0,-27.69184870501158,0
TIW0299,2011-01-28,0,0,-0.7224114404158399,0
CKB0427,2010-05-14,0,0,-11.889804463497399,0
LBF0214,2010-08-25,0,0,-1.947273726761864,0
MLM0950,2010-09-03,0,0,-2.8360660935867372,0
QOS0878,2010-01-06,0,0,-3.2126714731487027,0
QPM0727,2010-12-09,0,0,-5.538004538634141,0
CEB0210,2011-04-04,0,0,1.4702499946398575,0
MLM0950,2010-08-12,0,0,-4.401333603471244,0
MCF0600,2010-07-15,0,1,-0.7224114404158399,0
IWM0816,2010-05-20,0,0,-7.0309796682471415,0
EDB0714,2010-11-22,1,1,-2.5519993328090322,0
NHH0185,2010-10-15,0,0,-18.71067749747442,0
HCL0651,2010-02-26,0,0,-17.913136754516017,0
AIP0394,2010-10-05,0,0,-11.949323222975863,0
AMH0794,2011-04-25,0,0,-9.67741478111975,0
IRT0491,2010-07-28,0,0,-7.276870480820094,0
CHG0146,2010-05-11,0,0,-27.518277132326148,0
BER0314,2011-02-23,0,0,-3.67692491803723,0
TNM0961,2010-01-13,0,1,-3.1888078688631367,0
KBS0874,2010-04-28,0,0,-3.9399201604294376,0
BJW0619,2010-06-29,0,0,-5.825981979065091,0
DMM0623,2011-04-14,0,0,-3.7547556797042034,0
TLK0993,2010-09-16,0,0,-10.099340493013301,0
HMW0713,2010-11-30,0,0,-0.3858800300046141,0
TRK0914,2011-02-24,0,0,0.6763931867836845,0
ARL0034,2010-05-27,0,0,4.546230426552825,0
QNP0216,2010-02-02,0,0,-21.63661206897109,0
MJS0890,2011-01-27,0,0,-20.412769216833453,0
VIA0063,2011-02-11,0,0,-25.164611251687006,0
ICS0956,2010-06-11,0,0,-0.22543925009529175,0
JMW0638,2010-11-01,0,0,-20.484025030057865,0
IAR0694,2010-11-01,0,0,-27.149273010921547,0
KSH0569,2010-02-10,0,0,-5.125711127846444,0
VIA0063,2010-09-08,0,0,-24.208464635771065,0
CJK0200,2010-01-12,0,0,0.219521342819462,0
KAC0124,2010-02-04,0,0,-18.40274808588083,0
BHW0458,2010-09-03,0,0,-0.029480686207648432,0
RAM0447,2010-04-11,0,0,-2.1475169769719287,0
CCA0046,2010-05-17,0,1,-16.856783081061053,0
IBP0883,2010-03-08,0,0,-18.387640922234482,0
WNB0908,2011-03-28,0,0,-19.322685656683575,0
CLF0852,2010-10-19,0,0,-4.612053882408986,0
VCY0751,2011-01-19,0,0,-7.2245434437135145,0
ESH0135,2010-09-10,0,0,-0.4596809819545342,0
SSH0799,2011-02-28,0,0,-19.873878566887583,0
JSH0330,2011-05-04,0,0,-20.890597905650907,0
DLH0029,2010-04-28,0,0,2.6366444148112578,0
UIR0043,2010-05-11,0,0,-22.66467275994637,0
EDB0714,2010-03-24,0,1,-4.06899792505169,0
SMH0291,2010-01-03,0,0,-1.740853558214667,0
WTF0387,2010-10-20,0,0,1.8807439406341473,0
KAC0124,2010-03-03,0,0,-17.587284440761096,0
EHR0096,2010-03-08,0,0,-24.981678343145973,0
LBC0356,2011-04-01,0,0,-22.2322669824473,0
TEM0093,2010-08-02,0,0,-6.08934669969608,0
SEJ0677,2010-06-15,0,0,-1.5572089257381094,0
JCR0921,2011-01-12,0,0,-11.017954743246605,0
ATE0869,2010-08-16,0,0,-7.0282518496047715,0
DLH0029,2010-08-05,0,0,2.4578603063016544,0
TJB0302,2011-03-11,0,0,-0.029480686207648432,0
HKR0628,2010-08-17,0,0,-6.376594847792717,0
CMB0912,2010-04-22,0,0,-25.575823825835982,0
LDB0090,2010-02-24,0,0,-27.754158285258427,0
DJB0159,2010-08-06,0,0,-20.198595126008968,0
SMH0291,2010-04-05,0,0,6.467536869065157,0
SGG0787,2010-03-25,0,0,-26.346813424205607,0
BDI0533,2011-05-05,0,0,-19.287236590384964,0
AJN0607,2010-01-18,0,0,-2.4001079657235778,0
KCO0122,2010-06-23,0,0,-6.79634176101888,0
AAL0706,2010-04-15,0,0,-1.1703446480004231,0
MKW0441,2010-09-21,0,0,-20.027542462194106,0
MCS0035,2011-03-29,0,0,3.525554299461419,0
SSJ0784,2010-12-02,0,0,-21.436374009158044,0
DJS0682,2010-06-16,0,0,-9.695588805336456,0
BTS0011,2011-01-31,0,0,-19.717642090619165,0
XAA0104,2010-09-14,0,0,-19.240612441786766,0
THR0873,2010-02-05,0,0,-4.453900871546239,0
IIL0513,2010-04-20,0,0,-20.934313054350014,0
JRG0207,2010-10-13,0,1,5.977508039146073,0
AGB0643,2010-01-26,0,0,-19.098921175144483,0
MAR0955,2010-06-29,0,1,-0.9964347838972571,0
BCM0653,2010-12-16,0,0,-17.760728960146366,0
ANP0555,2011-02-18,0,0,0.4400481728031309,0
MHG0733,2011-03-28,0,0,-4.816549767236779,0
PKB0429,2010-02-15,0,0,-14.59119531511385,0
PMJ0564,2010-12-22,0,0,-26.92731488162542,0
TET0621,2011-05-06,0,0,-5.763773122860812,0
VIA0063,2010-11-22,0,0,-24.367753375307075,0
UIR0043,2010-09-29,0,0,-19.388387797627047,0
ASD0577,2010-02-12,0,0,-0.029480686207648432,0
IRM0931,2011-01-22,0,0,-24.032635581441696,0
QNF0205,2010-08-11,0,0,-2.290272168865272,0
ERH0449,2010-07-13,0,0,-2.2832896928276796,0
JJH0613,2010-04-05,0,0,-1.68921822643631,0
FRB0023,2010-09-15,0,0,-21.321292913653565,0
CJV0286,2010-09-20,0,0,-19.35631405932122,0
ZKS0899,2010-01-12,0,0,-22.951390709393422,0
RZC0746,2010-05-28,0,0,-7.682408579205116,0
CNE0352,2010-02-04,0,0,-14.238392576538786,0
QSV0778,2010-12-09,0,0,-19.37143917311994,0
TTD1000,2010-09-13,0,0,-19.505414765134333,0
BJM0111,2010-05-19,0,0,-21.110111903403663,0
DSM0591,2010-09-17,0,0,-0.7224114404158399,0
FRL0511,2010-01-18,0,0,-21.68843689264645,0
DIW0118,2011-05-10,0,0,-23.04500042580264,0
RAR0725,2010-07-12,1,1,-4.4437011235104364,0
TSM0927,2011-02-01,0,0,-22.050992508613035,0
JSA0775,2010-12-29,0,0,-16.07223347027059,0
ACC0042,2010-05-10,0,0,-20.95865132313338,0
DIW0118,2010-02-03,0,0,-19.220622019709367,0
HRL0540,2010-08-10,0,0,-12.01247989419221,0
MYD0978,2010-04-05,0,1,-21.21529486762722,0
MDM0976,2011-03-24,0,0,-20.565464037125366,0
AJN0607,2010-06-09,0,0,-3.0143765863311955,0
SOB0586,2011-04-08,0,0,-1.2191903865591485,0
GCC0744,2011-05-11,0,0,-6.126020513795993,0
MLG0475,2010-01-14,0,0,-2.3067309677462617,0
SJC0333,2010-08-12,0,0,-19.158632006295875,0
MNC0717,2011-03-10,0,0,-0.3858800300046141,0
BJH0354,2010-10-18,0,0,-26.325869772196484,0
CMB0912,2010-06-21,0,0,-24.691134643422174,0
SPA0141,2010-04-06,0,0,-27.62563548210585,0
MIL0255,2010-10-27,0,0,-19.574338500718113,0
WPE0538,2011-01-04,0,0,0.4080626359227608,0
ICS0956,2010-03-01,0,0,-1.0498541092994174,0
HPH0075,2010-12-29,0,0,-8.440407717169933,0
RVF0201,2011-01-14,0,0,-27.47108384868693,0
AJL0462,2010-07-19,0,0,-5.939214519040888,0
DZC0228,2010-07-14,0,0,-12.171596708359743,0
SAT0194,2011-04-20,0,0,-2.1066569520620533,0
WBC0192,2010-07-27,0,0,-26.568347997105093,0
KCO0122,2010-06-15,0,0,-8.342731018294671,0
MNC0717,2010-06-04,0,0,-1.2137761885505824,0
DLH0029,2011-04-25,0,0,1.6617491019181898,0
UBF0645,2010-03-03,0,0,-19.863901837430035,0
HAC0282,2010-01-13,0,0,-17.6516723118923,0
TLH0648,2010-06-30,0,0,-20.338059855949837,0
DLF0377,2010-03-23,0,0,-0.5776598861109505,0
ADF0397,2010-01-04,0,0,-4.8003823396933285,0
EBC0390,2010-05-26,0,0,-22.54536867642628,0
PDH0716,2010-04-09,0,0,-3.372396543901118,0
RNF0765,2010-09-14,0,0,-14.631135209324725,0
CMS0454,2010-06-10,0,0,-0.22543925009529175,0
BHC0665,2010-10-01,0,0,-19.582249356105535,0
IJR0825,2011-05-10,0,0,-1.49582182495692,0
SBN0971,2010-12-31,0,0,-1.0498541092994174,0
OKC0107,2010-05-19,0,0,-3.3757218559367175,0
NJC0705,2010-05-10,0,0,-0.3858800300046141,0
HAV0121,2010-05-20,0,0,-11.84184149296027,0
SAB0781,2011-02-22,0,0,-22.466933258137146,0
JML0909,2011-01-31,0,0,-22.01558496769303,0
JCC0225,2010-04-16,0,0,-21.194200252216774,0
AIM0627,2011-05-16,0,0,-7.019559809430689,0
NJC0705,2010-06-01,0,0,-1.419977410782053,0
MDM0976,2010-10-26,0,0,-20.234881829671394,0
PGO0433,2011-04-14,0,0,-10.070464416449,0
KNW0644,2010-01-22,0,0,-19.243346497990274,0
EIM0156,2010-04-23,0,0,-21.14509414475117,0
EMB0531,2011-02-24,0,0,-20.864226899001437,0
HLH0512,2010-11-10,0,0,-21.68843689264645,0
EHR0096,2011-05-13,0,0,-24.710289320188167,0
FKK0055,2010-07-13,0,0,-22.05778816985014,0
PID0426,2010-06-28,0,0,-14.094735456858189,0
TMA0069,2011-04-19,0,0,-4.357167166429235,0
HLH0512,2010-06-10,0,0,-20.412769216833453,0
RAH0440,2011-02-24,0,0,-17.58166354005823,0
JAV0361,2010-06-10,0,0,-21.5187145580461,0
FBW0747,2011-04-08,0,0,-7.705607140230995,0
CTR0341,2010-06-30,0,0,-18.634458830326935,0
FRL0511,2010-04-29,0,0,-19.591256246888634,0
GZB0469,2010-02-26,0,0,-0.4596809819545342,0
DTT0076,2011-01-25,0,0,-14.659094451364581,0
YJF0532,2010-05-28,0,0,-20.81061411270298,0
PGC0066,2011-01-27,0,0,-26.828160370859223,0
BBS0422,2010-02-26,0,0,-19.290842699556833,0
EZH0736,2010-12-27,0,0,-7.630654697868636,0
MOH0273,2010-02-19,0,0,-16.660983824922482,0
OLW0689,2010-03-04,0,0,1.7854616115140516,0
GZC0735,2010-01-21,0,0,-0.49750982586817827,0
BHC0665,2011-02-09,0,0,-3.7611198000424793,0
CBG0398,2010-08-31,0,0,-7.136077244494572,0
NMF0780,2010-05-03,0,0,-22.405398223773545,0
KJM0887,2010-10-01,0,0,-20.291306403365866,0
DVM0265,2010-08-16,0,0,-3.8790648218335946,0
CRP0456,2010-04-19,0,0,-0.22543925009529175,0
IUY0279,2010-04-23,0,0,-10.602089802682485,0
AAF0791,2010-10-18,0,0,-11.435295115232634,0
HJA0018,2010-08-20,0,0,-20.53937744254631,0
AAL0706,2010-11-17,0,0,-0.22543925009529175,0
ZSK0258,2011-01-03,0,0,-18.543166608565684,0
RAG0275,2010-07-21,0,0,-19.895023484164085,0
PEV0323,2010-06-15,0,0,-3.745240791061974,0
SOB0360,2010-03-22,0,0,-21.511080104278108,0
VLB0647,2010-09-09,0,0,-21.654120549873937,0
AJC0840,2011-04-26,0,0,-0.9865584613565943,0
QSV0778,2010-03-18,0,0,-20.291306403365866,0
ESH0135,2010-11-04,0,0,-0.029480686207648432,0
JMD0520,2011-04-14,0,0,-22.1142292060282,0
IUY0279,2010-07-22,0,0,-13.939222031966779,0
TVS0050,2011-04-07,0,0,-17.60572076812673,0
ACV0812,2011-02-15,0,0,-27.35126013212914,0
ASG0048,2010-01-21,0,0,-26.19001996438078,0
SAC0687,2010-12-14,0,0,-26.07528122860049,0
GTD0898,2010-10-01,0,0,-21.387727140010725,0
HDS0367,2010-08-09,0,0,-17.047968687301136,0
HSG0818,2010-11-23,0,0,-27.473338639537474,0
ECL0930,2010-12-15,0,0,-27.043825701075434,0
DSM0591,2010-04-13,0,0,-0.7224114404158399,0
BVC0790,2010-06-15,0,0,-17.85879953540757,0
JRG0207,2011-01-17,0,1,1.9320357850004939,0
NAF0326,2010-11-27,0,0,-0.5566825523962962,0
EZT0640,2010-01-12,0,0,-19.148373567586304,0
SAK0375,2010-12-09,0,0,-21.4205963261295,0
KSH0569,2010-09-03,0,0,-10.480754551246605,0
ASS0206,2011-01-04,0,0,3.2287200307384865,0
JDB0169,2010-07-30,0,0,0.43987209540819094,0
JKM0303,2010-06-11,0,0,-0.7224114404158399,0
IBB0359,2011-01-10,0,0,-18.44902602435411,0
NCH0179,2010-02-09,0,0,-27.99674360437939,0
NMS0280,2010-04-29,0,0,-20.38367483047034,0
CMM0487,2011-01-27,0,0,-6.63650681437332,0
DIC0988,2010-07-27,0,0,-0.7803737515138209,0
HPH0075,2010-03-30,0,0,-7.805620193064897,0
FGW0853,2010-02-17,0,0,-2.5452829176825844,0
DGN0480,2011-02-03,0,0,-7.158011953318692,0
MHG0244,2010-10-29,0,0,-17.71355935516749,0
KCO0122,2010-09-07,0,0,-6.979307667214243,0
DTT0076,2011-04-08,0,0,-12.601437569843483,0
NMG0766,2010-05-18,0,0,-20.88987158352893,0
DBW0483,2010-11-09,0,0,-7.712286423913383,0
GMF0738,2010-03-25,0,0,-8.505823639788673,0
HCM0267,2010-11-01,0,0,-3.871286286005102,0
WTF0387,2010-03-02,0,0,10.398383386762134,1
MBG0438,2010-06-11,0,0,-10.019257488358107,0
FQA0854,2011-02-08,0,0,-4.257631779212147,0
OJK0233,2010-03-15,0,0,-11.147448333410125,0
RJB0088,2010-02-11,0,0,-18.643615694530126,0
DVM0265,2010-01-04,0,0,-3.494915198749027,0
ORM0669,2011-03-29,0,0,-1.9620451596285875,0
ZDW0859,2010-01-20,0,0,-3.3327128995673547,0
MDM0625,2011-04-06,0,0,0.5421099821727466,0
DTT0076,2010-02-08,0,0,-14.39496396686377,0
RNL0695,2010-10-25,0,0,-28.18377745908674,0
DOL0332,2010-03-03,0,0,-17.88319154693511,0
HIA0414,2010-09-09,0,0,-6.9790176804524435,0
IMP0530,2010-10-08,0,0,-21.228307059185113,0
RAW0915,2010-08-20,0,0,-21.161320419922276,0
JLW0053,2011-03-11,0,0,12.662418941599299,1
MLD0755,2010-09-29,0,0,-3.2529135890677026,0
BLB0114,2010-12-07,0,0,-18.893171110727167,0
FBA0348,2011-01-17,0,1,-28.45012977729084,0
HKR0628,2010-10-06,0,0,-6.379686861315122,0
RVC0232,2010-01-20,0,0,-0.5197288354194143,0
TEB0251,2010-05-19,0,0,-18.950656087199718,0
KAC0124,2011-02-25,0,0,-19.574338500718113,0
CEB0210,2010-12-29,0,0,4.921972186535527,0
KCB0815,2010-12-21,0,0,-6.578059548558372,0
EMS0317,2011-02-10,0,0,-4.047262960243074,0
AMR0318,2011-01-10,0,0,-3.924081274346918,0
AMJ0297,2010-11-01,0,0,-1.404150611370028,0
IBP0883,2010-10-29,0,0,-19.436786354997025,0
USH0199,2010-04-13,0,0,-21.907568450658573,0
VMJ0147,2011-04-26,0,0,-26.898755417498933,0
ASM0575,2010-11-10,0,0,-1.2191903865591485,0
MMG0943,2010-04-01,0,0,-12.4353060687165,0
MIB0904,2011-04-05,0,0,-20.154943938043402,0
NAB0801,2010-06-28,0,0,0.3019729051985678,0
CHG0146,2010-09-24,0,0,-24.929678980340896,0
KQS0415,2010-08-26,0,0,-8.299307788499277,0
CCW0031,2010-01-21,0,0,-24.48871970145865,0
JRF0835,2010-02-10,0,0,-0.9964347838972571,0
AMV0036,2010-08-25,0,0,5.668499230483803,0
HAH0248,2010-10-29,0,0,-16.522974474653097,0
BLB0114,2011-02-03,0,0,-18.818145717226685,0
ACC0042,2010-10-21,0,0,-21.327143095487713,0
ZJE0857,2010-08-03,0,0,-6.012614633643352,0
ARL0034,2010-10-12,0,0,3.3874467951364977,0
PEV0323,2010-07-09,0,0,-3.944173614509964,0
JJH0613,2010-09-20,0,0,0.675413513825788,0
KBS0874,2010-02-26,0,0,-4.263330823413071,0
NMF0780,2011-03-10,0,0,-21.30001129515665,0
ONW0083,2010-08-02,0,0,-20.600579052977764,0
BBG0325,2011-02-04,0,0,-4.496516758764187,0
JCC0225,2010-07-16,0,0,-21.301489257440153,0
TPH0474,2010-10-06,0,0,-0.7224114404158399,0
NIH0969,2010-07-09,0,0,-1.2137761885505824,0
OYM0026,2010-07-06,0,0,-4.010885369565926,0
DLS0383,2010-11-30,0,0,-23.098473185010675,0
SER0165,2010-09-30,0,0,-28.437223442782397,0
EWH0191,2011-05-04,0,0,-24.659186064516007,0
CMB0912,2010-07-10,0,0,-20.966723924683038,0
GTD0898,2010-02-15,0,0,-18.892361859914217,0
HVF0067,2010-04-20,0,0,-7.267917532888873,0
RNL0695,2010-08-24,0,0,-26.31368333403907,0
UAD0771,2010-10-08,0,0,-22.497054954439477,0
FLM0213,2010-01-15,0,0,3.5653741901342073,0
RDM0150,2011-01-12,0,0,-3.005480489724505,0
LHL0309,2010-06-02,0,0,-4.469767588171749,0
TEM0093,2010-12-10,0,0,-7.092004718395742,0
EBC0390,2010-12-20,0,0,-21.261493703124643,0
SNC0187,2010-10-21,0,0,-19.699822862837436,0
RAM0447,2010-12-31,0,0,-1.5794869891409462,0
BAM0611,2011-04-26,0,0,-4.5317660806611,0
THR0873,2010-03-30,0,0,3.9615911734155134,0
IMB0481,2010-05-05,0,0,-6.2827276733185045,0
EGD0132,2010-07-26,0,1,-5.653308093032706,0
OLW0689,2010-12-10,0,0,0.38600112383062424,0
CWB0065,2010-11-30,0,0,-24.608167482565932,0
ENC0234,2010-08-25,0,0,-10.783494091318516,0
ASG0048,2010-09-09,0,0,-27.54399594078143,0
MSG0839,2011-05-03,0,0,-0.3858800300046141,0
ABC0174,2010-05-12,0,1,-1.1785635027132457,0
JAV0361,2010-09-15,0,0,-13.216559608508419,0
DAL0673,2011-02-21,0,0,-9.408770208337614,0
LRW0970,2011-01-13,0,0,-2.782491437155045,0
KJA0152,2011-03-16,0,0,-27.661793312961436,0
NCK0421,2010-07-29,0,0,-27.562537407638843,0
DAL0673,2010-02-10,0,0,-9.914174730422815,0
IBM0671,2010-02-17,0,0,-7.417032309003048,0
SOB0586,2010-11-16,0,0,-1.2191903865591485,0
NHH0185,2010-01-18,0,0,-21.200549029442527,0
HTF0641,2010-11-01,0,0,-20.699409046398387,0
SDO0170,2011-02-04,0,0,-5.759098273232439,0
AMW0392,2010-03-19,0,0,-26.081600205164705,0
KVT0028,2010-08-12,0,0,-7.155730563025259,0
CJM0521,2011-02-02,0,0,-19.88698136452581,0
MAD0496,2010-03-18,0,0,-6.1776670453933775,0
NKP0236,2010-09-17,0,0,-26.73212179948655,0
ICS0956,2010-02-18,0,0,-3.9971648671184994,0
ARD0509,2010-04-13,0,0,-19.48647899906507,0
SCF0608,2011-03-03,0,0,-7.999620617103915,0
RNL0695,2010-04-14,0,0,-26.42874101001007,0
AGB0186,2010-04-23,0,0,-20.62002532400163,0
LHN0151,2010-12-14,0,0,-1.2567279358556789,0
HVF0067,2011-01-03,0,0,-4.267299398595128,0
MIM0712,2010-09-15,0,0,-0.9964347838972571,0
MPT0376,2011-03-30,0,0,-2.4909054490617564,0
TMA0069,2010-08-02,0,0,-4.35758697759934,0
IRM0931,2010-01-03,0,0,-19.42848797808881,0
GJD0298,2010-02-08,0,0,-0.029480686207648432,0
LRW0970,2011-02-18,0,0,-3.0695761485825415,0
SER0165,2010-07-26,0,0,-28.517550876200175,0
JKF0465,2011-03-04,0,0,-0.029480686207648432,0
DBG0261,2010-07-30,0,0,-19.135050574481966,0
MNC0717,2011-02-28,0,0,-2.22460976006937,0
DOP0562,2010-11-30,0,0,-29.001800920138635,0
SGM0021,2010-04-20,0,0,-22.300712974305043,0
DJB0159,2010-08-27,0,0,-18.771674285403947,0
YEV0793,2010-05-03,0,0,-22.028814678276717,0
RLG0856,2010-12-06,0,0,-1.869250591139803,0
HLM0933,2010-06-16,0,0,-4.52425522265105,0
LDB0090,2011-03-09,0,0,-26.768254633389233,0
MKS0204,2010-10-13,0,0,-5.625505957160385,0
TRK0914,2010-08-23,0,0,0.37618752905689234,0
WPE0538,2010-10-29,0,0,-0.11299014571420685,0
DHM0937,2010-05-10,0,0,-27.841200323077146,0
CJM0521,2010-05-21,0,0,-20.82745939673589,0
CIG0052,2010-07-23,0,0,-26.207179530422536,0
MDH0580,2010-10-07,0,1,-4.036863433197027,0
ILC0838,2011-03-16,0,0,-1.0831116803301484,0
KNB0022,2010-10-05,0,0,-20.786510800701762,0
SJF0094,2010-01-05,0,0,-6.241242843821965,0
SHR0334,2010-04-27,0,0,-19.951471454264038,0
HWH0646,2011-02-09,0,0,-18.7674589266976,0
CSJ0340,2010-10-25,0,0,-18.12846844750402,0
GTD0116,2010-07-27,0,0,-27.34656274160909,0
GJT0386,2010-06-24,0,0,-2.017312878083999,0
RVF0201,2010-10-21,0,0,-27.012697939496547,0
CKB0482,2010-10-05,0,0,-7.247631617276056,0
BJH0811,2010-02-03,0,0,-29.012375424620018,0
CMW0783,2010-06-22,0,0,-21.335937955741997,0
MIC0726,2010-04-26,0,0,-6.635976331249026,0
CGA0629,2011-01-24,0,0,-6.532719657971597,0
JKB0126,2011-03-09,0,0,-19.613022428364616,0
BMC0547,2011-03-30,0,0,-8.676810082510201,0
LTS0860,2010-03-22,0,0,-5.555240750962298,0
ASS0206,2010-09-13,0,0,4.807916185082718,0
MSO0222,2010-04-23,0,1,-20.116849466463123,0
BSH0445,2011-01-20,0,0,-12.461886616330503,0
SSR0278,2010-08-06,0,0,-11.298451591737717,0
JCR0921,2010-05-18,0,0,-9.93220968244134,0
PNL0301,2010-04-26,0,1,-2.535881372187191,0
HGN0287,2011-02-25,0,0,-18.372636032756304,0
SES0477,2010-01-22,0,0,-8.10213193851223,0
MMG0943,2011-04-14,0,0,-7.0496048379001195,0
KKS0119,2011-01-12,0,0,-26.418826324017687,0
RLG0856,2010-05-18,0,0,-4.679143915164559,0
WKD0013,2011-04-18,0,0,-22.51613971921222,0
EPW0434,2010-03-16,0,0,-11.467887281258982,0
HRW0550,2010-03-18,0,0,-20.51411918538065,0
MTB0620,2011-05-16,0,0,-1.2414018413954864,0
EGK0893,2010-07-19,0,0,-19.591256246888634,0
MJS0890,2011-02-11,0,0,-18.36354071104654,0
ZJS0269,2010-10-18,0,0,-23.151140869234496,0
SDF0017,2010-06-18,0,0,-19.374522268016676,0
SGS0268,2010-03-12,0,0,-12.187924385343422,0
CHM0821,2010-05-04,0,0,-4.740766615023745,0
CNB0900,2010-01-08,0,0,-22.017591307112866,0
ESR0693,2010-02-16,0,0,-26.74736140264099,0
TSR0676,2011-05-13,0,0,-18.661775520401875,0
SCP0130,2010-04-01,0,0,-1.5704367061626954,0
KBP0008,2010-04-26,0,0,-20.84392617228582,0
MIL0255,2011-03-30,0,0,-21.005362290322864,0
DMG0358,2010-03-05,0,0,-21.70889437422477,0
AIB0948,2010-12-16,0,0,-4.835174991429085,0
CGB0637,2010-11-03,0,0,-17.01920435122679,0
QRM0739,2010-03-16,0,0,-0.08266283007674247,0
KDT0346,2010-12-22,0,0,-18.903661595627796,0
KKC0683,2010-10-14,0,0,-6.576534791352856,0
ASL0378,2010-06-21,0,0,-24.495094591236466,0
SMB0804,2010-10-21,0,0,-24.532235311563,0
CBG0398,2010-11-15,0,0,-4.1405717399265995,0
OKC0107,2010-08-19,0,0,-10.556433560545656,0
JMW0638,2010-03-26,0,0,-19.141242658531723,0
CJM0521,2011-03-17,0,0,-19.31173375273977,0
OYM0026,2011-03-30,0,0,-6.287429388137184,0
QNP0216,2010-01-29,0,0,-20.760939423987907,0
LJJ0905,2010-09-14,0,0,-20.78053111880115,0
AMH0794,2010-11-05,0,0,-8.61135004157427,0
JKF0465,2011-01-25,0,0,3.3192509359057567,0
JFC0557,2010-11-17,0,0,-2.0983411723475456,0
OLW0689,2010-09-23,0,0,-4.667497308992779,0
MAW0166,2010-06-15,0,0,-25.661457636524915,0
ARD0509,2010-05-20,0,0,-21.188224947480307,0
ENC0234,2010-11-11,0,0,-10.553766030425436,0
SOF0808,2010-11-03,0,0,-28.199402671784128,0
WDV0573,2010-12-29,0,0,-2.4093461569249257,0
JPA0667,2010-08-09,0,0,-23.236653312508906,0
ERH0449,2011-04-21,0,0,-0.029480686207648432,0
ESR0693,2010-08-23,0,0,-24.16045988001497,0
PGO0433,2010-01-13,0,0,-12.726772199645325,0
ARB0834,2010-01-04,0,0,-2.5114861009300284,0
EIP0997,2011-03-02,0,0,-19.35154828379825,0
MBJ0312,2011-01-25,0,0,1.451240268736342,0
FBW0747,2010-09-20,0,0,-2.3815033741584557,0
DSB0731,2010-03-26,0,0,-3.5037136766094363,0
MIM0712,2010-01-28,0,0,-1.589437420292029,0
KKC0683,2010-03-22,0,0,-11.57735283738998,0
EMB0531,2010-06-11,0,0,-19.900377560808693,0
AQD0820,2010-05-12,0,0,-5.105938566277587,0
DCH0843,2010-12-08,0,1,5.1538075130462175,0
RIH0777,2011-05-06,0,0,-21.512079784629805,0
JCR0921,2011-01-25,0,0,-11.32481204366411,0
UIR0043,2010-09-03,0,0,-22.46840320580418,0
XHG0902,2010-12-27,0,0,-19.31173375273977,0
KVT0028,2010-04-28,0,0,-7.191702388965041,0
EMW0105,2010-05-18,0,0,-26.39836573695925,0
PGH0184,2010-03-11,0,0,-18.34214086623001,0
ABH0663,2010-03-18,0,0,-1.4810155294981087,0
YWW0660,2010-03-25,0,0,-19.313997564725582,0
MIB0904,2011-04-11,0,0,-21.96030070175118,0
NHH0185,2011-01-04,0,0,-21.943726786481307,0
JJH0613,2010-02-18,0,0,-4.299620299617686,0
HSP0290,2010-01-28,0,0,-3.6442671602233077,0
PIS0522,2010-02-17,0,0,-21.065367206597898,0
ILH0958,2010-10-08,0,0,-4.61631750409822,0
LJJ0905,2010-01-19,0,0,-22.405398223773545,0
SGB0140,2010-02-11,0,0,-2.7687114063107856,0
KPR0497,2010-07-06,0,0,-5.1818964318591725,0
TDS0984,2011-02-07,0,0,-24.740956540175603,0
FHO0630,2010-09-14,0,0,-4.233921679450759,0
RVC0232,2010-01-21,0,0,-2.6145475261276943,0
CGF0337,2010-06-07,0,0,-21.60860276657229,0
NCE0097,2010-03-08,0,0,-4.754970924051463,0
JRG0207,2010-01-15,0,1,4.547115117504063,0
QPM0727,2010-01-05,0,0,-7.041591492115458,0
DHM0937,2010-12-16,0,0,-28.65442740764763,0
OJK0233,2010-10-19,0,0,-6.528133517083461,0
LBC0356,2010-07-14,0,0,-21.45092197389704,0
EDB0714,2010-06-02,0,1,-3.2041650904967582,0
CSL0949,2010-04-12,0,0,-0.9964347838972571,0
VCC0396,2010-04-26,0,0,-2.2002127676885266,0
KPR0497,2011-03-30,0,0,-7.656682246818946,0
ONW0083,2011-02-21,0,0,-20.092534207921062,0
VLB0647,2010-08-11,0,0,-19.072235182019085,0
BVC0790,2010-10-14,0,0,-16.90447823195052,0
IIL0513,2010-04-22,0,0,-20.934313054350014,0
TMA0069,2010-03-09,0,0,-7.995453967458047,0
CGB0637,2011-01-13,0,0,-11.299118682476774,0
GQF0659,2011-01-04,0,0,-17.88319154693511,0
ANT0430,2010-06-30,0,0,-10.903326686498758,0
JKF0465,2010-12-24,0,0,-0.029480686207648432,0
CHM0821,2010-12-06,0,0,-2.9675653200849865,0
ALH0402,2010-04-13,0,0,-9.749693655159604,0
ALD0544,2010-02-24,0,0,-4.229529018703374,0
RHL0992,2010-04-05,0,1,-10.489306534658226,0
BSS0463,2010-04-30,0,0,-0.22543925009529175,0
ALH0402,2011-01-12,0,0,-8.43618498023011,0
SJW0451,2010-07-27,0,0,-0.029480686207648432,0
ETR0177,2010-07-27,0,0,-26.42514477393854,0
DLM0051,2011-03-24,0,0,-18.54082268906984,0
JDB0169,2011-05-02,0,0,-0.45251137888521953,0
NNA0610,2010-01-12,0,0,-4.612357973883377,0
HPH0075,2010-11-16,0,0,-11.277112481802646,0
LHB0967,2010-11-29,0,0,-3.067758533759161,0
JAD0609,2011-04-21,0,0,-6.23719570670562,0
CJV0286,2010-07-08,0,0,-21.14364623941958,0
SBK0161,2010-08-20,0,0,-19.12974685329857,0
ARL0034,2010-04-19,0,0,4.180296874526107,0
CHM0821,2011-02-28,0,0,-1.9351107929126101,0
CSH0626,2010-08-02,0,0,-6.79523777673478,0
BSB0990,2010-11-09,0,0,-11.787643112848059,0
MSG0839,2010-04-14,0,0,-3.067758533759161,0
DVW0103,2010-11-24,0,0,-6.697886314675884,0
ANM0123,2010-01-27,0,0,-26.920526125629976,0
AJD0074,2010-05-20,0,0,-28.71836767455693,0
RTO0313,2011-04-13,0,0,-5.982657907240878,0
GAF0570,2010-01-22,0,0,-6.0051832118329,0
MCF0327,2011-01-28,0,0,-2.7661308527808615,0
KBS0874,2010-01-20,0,0,-4.634672167621829,0
HRB0351,2010-11-04,0,0,-15.730442334098825,0
WNB0908,2011-02-18,0,0,-21.410348726729012,0
CJP0952,2011-04-12,0,0,-2.0968323255412997,0
CTA0020,2010-11-02,0,0,-19.880792529608698,0
AMW0392,2010-05-04,0,0,-27.309961341597955,0
JLM0364,2010-07-29,0,1,-21.696999665862677,0
NBH0256,2010-12-16,0,0,-20.80081733086513,0
WTR0563,2010-09-07,0,0,-28.93566222717436,0
ARB0881,2010-04-30,0,0,-21.30001129515665,0
DSB0731,2010-05-03,0,0,-2.42629578658466,0
RRA0938,2010-06-23,0,0,-6.509932328810805,0
RHP0484,2011-02-10,0,0,-11.127106447968913,0
BBS0422,2010-09-27,0,0,-17.449614075981913,0
IJR0825,2010-12-20,0,0,-1.589437420292029,0
RDM0150,2011-02-18,0,0,-1.9930753741202807,0
CCW0524,2010-05-06,0,0,-16.07223347027059,0
CTR0341,2010-03-03,0,0,-21.444079954850736,0
HIW0536,2011-04-18,0,0,12.679475236398503,1
CCA0046,2010-02-26,0,1,-21.23429177943035,0
JJB0700,2011-02-28,0,0,-1.0831116803301484,0
DLH0029,2010-11-11,0,0,0.3887746292397196,0
PSF0133,2010-03-15,0,1,-2.3208732186878933,0
LCD0622,2010-11-19,0,0,-5.678231834704889,0
ESH0283,2010-07-21,0,0,-16.69407748770857,0
GMF0738,2010-04-13,0,0,-7.247086187632817,0
GAF0570,2010-08-05,0,0,-9.004128471506647,0
JCW0858,2010-02-10,0,0,-6.105394573665194,0
SCP0130,2010-12-03,0,0,-1.7491437675607813,0
BTW0005,2011-02-08,0,0,-21.266676007865954,0
JMH0543,2010-02-15,0,0,-24.28232716503635,0
SJF0094,2010-07-16,0,0,-4.456604285651565,0
KVS0425,2010-01-06,0,0,-2.070340950391369,0
TBT0461,2010-05-27,0,0,-1.4904878636043577,0
CKH0144,2010-12-17,0,0,-26.64245053983518,0
HPR0585,2010-09-20,0,0,-3.7741437162100056,0
SBH0537,2010-05-05,0,0,-26.213241257115556,0
MIC0726,2010-03-15,0,0,-3.9349490962703157,0
EZH0736,2010-06-07,0,0,-6.706011555090981,0
EWH0191,2010-08-26,0,0,-25.477812106365036,0
NAF0326,2010-07-08,0,0,-0.30079727468921647,0
GTD0898,2011-04-01,0,0,-22.017591307112866,0
KCO0122,2010-03-05,0,0,-7.100349088454209,0
DRR0242,2011-02-05,0,0,-26.866379634413875,0
ATP0662,2011-05-02,0,0,-23.79818713754696,0
GNS0178,2011-02-07,0,0,-16.96793050530289,0
IBS0836,2010-03-11,0,0,-1.1192354539856524,0
SAT0194,2011-05-09,0,0,-0.6107191023412497,0
SLT0907,2010-07-01,0,0,-19.37143917311994,0
TNM0961,2010-08-10,0,1,-0.8174977628691522,0
BNG0237,2010-01-05,0,0,-5.377780725297725,0
KRL0501,2010-06-08,0,1,-2.0994767864050345,0
CQH0701,2011-02-09,0,0,-0.8005859983371693,0
THD0448,2010-03-09,0,0,-0.3858800300046141,0
AJF0370,2011-03-29,0,0,-18.214579438286705,0
KWE0082,2010-03-22,0,0,-11.970768140111431,0
ECR0822,2010-09-07,0,0,-2.0903255814213253,0
ZCF0590,2011-05-13,0,0,-0.029480686207648432,0
ASB0796,2010-03-16,0,0,-1.7669029113509396,0
CAB0614,2010-06-07,0,0,-6.5411629009108765,0
DIW0118,2011-05-16,0,0,-25.216616574160753,0
CJG0470,2011-05-16,0,0,-3.2683919445329366,0
KES0729,2011-02-23,0,0,-9.268055299509228,0
KRL0501,2010-02-08,0,1,-2.7448340457573295,0
MDH0686,2011-02-25,0,0,-4.223147509054797,0
DVM0265,2010-10-14,0,0,-3.863940341106513,0
PDH0716,2010-08-05,0,0,-2.5184871955663084,0
BDB0453,2010-04-12,0,0,-0.9603885267399619,0
ALD0544,2011-05-04,0,0,-0.12031449295693619,0
GDF0704,2011-02-14,0,0,-1.9243812849825872,0
CXC0336,2011-02-22,0,0,-20.56237986981114,0
HDL0748,2010-08-11,0,0,-7.857248210243483,0
CLD0894,2010-08-17,0,0,-19.827879394375714,0
MSH0040,2010-11-11,0,0,-21.14688211879991,0
EHD0584,2010-09-08,0,1,-4.140448646637992,0
HSG0818,2010-11-30,0,0,-28.478717182481773,0
ALC0788,2010-05-20,0,0,-1.170135397763488,0
AJD0074,2010-11-22,0,0,-23.1795775462665,0
SDO0170,2010-06-14,0,0,-3.422623043661588,0
PDH0716,2011-05-05,0,0,-1.9371585971721288,0
TDS0984,2010-03-18,0,0,-26.177046102627628,0
BCB0679,2010-03-15,0,0,0.4983092879660944,0
HKR0628,2010-08-11,0,0,-6.235434553440655,0
DCC0160,2011-02-21,0,0,-21.70730682883402,0
JZD0888,2010-07-22,0,0,-19.591256246888634,0
AMR0318,2010-11-01,0,0,-5.803616110819348,0
KSP0357,2010-04-12,0,0,-22.592936426732308,0
GDF0704,2010-01-04,0,0,-1.4202651581832697,0
ASV0946,2010-09-08,0,0,-1.8608816297116846,0
GMF0738,2010-08-16,0,0,-4.579671146326746,0
HSG0818,2010-09-08,0,0,-28.555241409075506,0
TRK0914,2010-03-16,0,0,1.646271891425613,0
OCS0865,2011-02-11,0,0,-1.921246765011233,0
MBJ0312,2010-03-11,0,0,-1.1369357537192855,0
HPR0585,2011-02-25,0,0,-1.3361854307088379,0
CIM0271,2011-02-18,0,0,-21.0066305770805,0
LDG0459,2011-01-10,0,0,-3.664813045268602,0
NSS0876,2010-07-09,0,0,-4.492973150556168,0
JPA0667,2010-04-08,0,0,-21.717920013162257,0
CCW0031,2010-09-01,0,0,-25.30009424345758,0
BVC0790,2010-02-02,0,0,-15.025045162255083,0
CLB0774,2011-02-04,0,0,-23.615549746198894,0
EHB0420,2010-06-25,0,0,-17.282857052336908,0
PNH0761,2011-04-28,0,0,-19.98270022607244,0
AKK0329,2010-05-24,0,0,-16.657973896644194,0
FRR0832,2010-04-16,0,0,-3.2814880105289603,0
THD0448,2010-11-18,0,0,-2.2832896928276796,0
CUD0795,2010-12-21,0,0,-11.266222404050495,0
KAT0270,2010-10-12,0,0,-19.94891079047875,0
CCH0685,2011-04-05,0,0,-26.752486072397573,0
SIJ0661,2010-03-30,0,0,15.507294714593968,1
DIB0285,2010-08-12,1,1,-12.150033607243358,0
GCS0518,2010-11-19,0,0,-20.78053111880115,0
CXC0336,2010-09-16,0,0,-19.842945748605985,0
POB0343,2010-01-26,0,0,-19.863901837430035,0
CAH0936,2010-08-10,0,1,-26.606999738429636,0
GMF0738,2011-01-26,0,0,-5.687659271799475,0
CTR0697,2011-05-16,0,0,-2.433918962301618,0
TNM0961,2010-09-29,0,1,-2.8962579127846766,0
RZC0746,2011-04-07,0,0,-6.279189188602231,0
AKK0329,2011-03-31,0,0,-19.965884451539864,0
SAH0599,2011-01-13,0,0,-0.4596809819545342,0
CCM0855,2010-06-23,0,0,-4.569719946925375,0
WIF0691,2010-09-20,0,0,-21.027024458703863,0
CKP0721,2010-05-25,0,0,-0.3858800300046141,0
JLM0364,2010-05-20,0,1,-20.622560296762344,0
HSG0818,2010-11-03,0,0,-28.427987116531426,0
GJT0386,2010-06-02,0,0,-3.1505896636257376,0
NKH0979,2010-07-09,0,0,-21.127809901358887,0
NMC0486,2010-05-04,0,0,-7.902939695161535,0
KAC0124,2010-09-17,0,0,-18.832457517724492,0
TTD1000,2011-03-23,0,0,-18.93975074940488,0
KRG0158,2010-06-04,0,0,-26.760718461689976,0
WIQ0567,2010-07-27,0,0,-26.586967305587336,0
JXH0493,2011-05-12,0,0,-6.437149273710929,0
MIC0726,2011-01-24,0,0,-4.3524374064959375,0
DLF0377,2011-01-04,0,0,-0.6681190944964328,0
FGW0853,2010-05-12,0,0,-4.301556614278979,0
JSA0775,2010-11-02,0,0,-19.252855189163483,0
TBT0461,2010-06-22,0,0,-0.7064905313396821,0
KCO0122,2010-09-23,0,0,-11.66997352031376,0
TRK0914,2010-02-05,0,0,2.2549202669655415,0
IHK0841,2010-09-24,0,0,-1.3883418056542496,0
VMJ0546,2011-03-03,0,0,-15.769057868451455,0
AAE0190,2010-06-24,0,0,-24.341627025184607,0
SBD0913,2010-05-26,0,0,-1.260212007865448,0
WDV0573,2010-01-14,0,0,-4.322166255822594,0
AKW0167,2010-11-19,0,0,-27.76817402792028,0
KMW0545,2010-09-20,0,0,-10.43127678153553,0
DSM0591,2010-02-18,0,0,-0.4596809819545342,0
HIW0536,2010-01-22,0,0,10.550443321781927,1
HBO0413,2010-04-13,0,1,-5.915156079661074,0
NNS0059,2010-11-11,0,0,-23.35206035459305,0
IJM0139,2011-04-06,0,0,-0.029480686207648432,0
HAV0121,2010-03-10,0,0,-12.064275970910558,0
CAB0388,2010-10-27,0,0,-23.220793625275633,0
ILH0958,2010-11-17,0,0,-6.0649770013048965,0
TEB0251,2011-01-03,0,0,-18.955388982217755,0
WGR0833,2010-02-18,0,0,-3.2814880105289603,0
BXJ0010,2011-03-17,0,0,-19.271444307991146,0
ASG0048,2010-07-07,0,0,-25.161789855866232,0
RDT0424,2010-02-15,0,0,-9.093949100586997,0
BWP0202,2010-09-03,0,0,-7.300027665775019,0
QNF0205,2011-02-28,0,0,-5.3088746676306755,0
AMR0400,2011-02-09,0,0,-5.100196879314808,0
OMM0944,2010-04-29,0,0,-1.3883418056542496,0
DSM0591,2011-05-05,0,0,-1.2191903865591485,0
JMB0308,2010-06-17,0,1,-3.691657333772355,0
CAA0612,2010-12-09,0,0,-8.544571028550763,0
SLB0049,2011-02-01,0,0,-19.789057618984657,0
AVM0947,2010-10-25,0,0,-6.747486549016685,0
IJM0776,2010-03-29,0,1,-20.356208337472708,0
ASV0946,2010-08-04,0,0,-0.7261734935627828,0
DOL0332,2010-11-16,0,0,-18.709182464435912,0
SCB0534,2010-02-02,0,0,-21.387727140010725,0
LJT0817,2010-04-28,0,0,-25.084944743968094,0
JCR0172,2011-04-29,0,0,-1.3122741416231065,0
KQS0415,2010-01-19,0,0,-11.381344278918164,0
EMB0531,2010-02-17,0,0,-19.591256246888634,0
APG0307,2011-01-31,0,0,-0.4596809819545342,0
LAP0338,2010-07-21,0,0,-18.401124685679065,0
RVF0201,2011-02-09,0,0,-27.78650901597905,0
GLR0975,2010-06-28,0,0,-21.03260702078137,0
AHG0634,2010-04-01,0,0,-21.2864451235522,0
RHP0484,2010-04-23,0,0,-8.740361087555584,0
CJG0470,2010-09-03,0,0,-0.22543925009529175,0
ASG0692,2010-02-24,0,0,-26.69488695760606,0
MIB0904,2010-07-26,0,0,-19.396876145609554,0
NKP0236,2010-02-04,0,0,-25.448334544237014,0
IMG0320,2010-08-30,0,0,-4.1547614303896125,0
KLM0639,2010-12-28,0,0,-18.730080420191484,0
AIM0627,2010-11-08,0,0,-6.485458188093389,0
DIW0118,2011-03-14,0,0,-23.381229226749042,0
NWT0098,2010-08-23,0,1,-23.22620593452268,0
MLM0950,2010-05-07,0,0,-2.5811613138455414,0
KNG0672,2010-09-15,0,0,-10.024492273302712,0
GHH0288,2010-08-30,0,0,-5.167676993901182,0
RDM0115,2010-08-18,0,0,-26.768631361767348,0
MLL0598,2010-07-27,0,0,-5.775774248975836,0
ERH0449,2011-04-14,0,0,-0.029480686207648432,0
MAD0753,2010-02-26,0,0,-3.8474170531396794,0
CJP0952,2010-10-20,0,0,-5.7563529911255955,0
OMS0101,2010-06-04,0,0,-27.846430394640265,0
TSG0906,2010-11-03,0,0,-22.066251203243723,0
CJM0138,2011-03-18,0,0,6.760363067025423,1
NMG0766,2011-03-14,0,0,-20.78053111880115,0
AJD0074,2010-08-24,0,0,-28.122143592685575,0
MAD0753,2010-05-14,0,0,-5.235684701506898,0
MIB0904,2010-07-07,0,0,-21.436374009158044,0
NGC0058,2010-10-21,0,0,-3.9365985464970663,0
KCF0045,2010-12-17,0,0,-21.48229332868266,0
BVC0790,2011-04-16,0,0,-17.0864211615185,0
JIG0128,2010-02-03,0,0,-11.785405061867209,0
IBS0836,2010-11-26,0,0,1.2429377988923989,0
SCF0608,2011-03-14,0,0,-7.923976595385511,0
YCE0983,2010-01-27,0,0,-22.612979205688134,0
CTR0697,2010-02-26,0,0,-1.5794869891409462,0
EBC0390,2010-04-05,0,0,-21.615549540812935,0
MCF0327,2010-02-05,0,0,-4.796033378723223,0
SSG0250,2010-04-28,0,0,-15.570683131160308,0
JER0404,2011-02-23,0,0,-8.214028173306815,0
WLV0566,2011-03-03,0,0,-7.283935474084274,0
GRC0145,2010-09-03,0,0,-27.91622647716406,0
GQF0659,2011-04-21,0,0,-21.706678706437515,0
AJP0723,2010-06-28,0,0,-1.4904878636043577,0
DIW0118,2010-07-08,0,0,-24.47893248899618,0
KRG0158,2010-02-08,0,0,-26.037686899354867,0
BAK0964,2010-01-19,0,0,-0.9964347838972571,0
HGG0240,2010-11-09,0,0,-28.216641063977136,0
JOL0024,2011-03-16,0,0,-27.554718404518667,0
ETR0428,2010-09-15,0,0,-13.053348112519302,0
BTN0061,2010-05-17,0,0,-23.436649567863356,0
MDM0625,2010-10-07,0,0,-1.1043169642993007,0
FEB0306,2010-09-30,0,0,-2.366858360845754,0
AAM0658,2010-09-10,0,1,-15.908179117939085,0
ONL0276,2010-12-17,0,0,-26.534387569208434,0
KVS0425,2011-04-11,0,0,-9.748150309933067,0
HPH0075,2010-04-28,0,0,-8.939339428870085,0
GRM0868,2011-02-22,0,0,-3.539394532344204,0
CTW0500,2010-03-31,0,0,-6.183327885845529,0
SDO0170,2011-01-18,0,0,-6.089364903707974,0
QOS0878,2010-03-31,0,0,-2.4269970385223587,0
JTM0223,2010-04-13,0,1,-22.07280020925714,0
EMS0317,2010-06-08,0,0,-5.6898866180243886,0
BRM0995,2010-12-21,0,0,-9.597365650952383,0
LRR0148,2010-11-15,0,0,-22.481693377947295,0
HRB0351,2010-09-03,0,0,-14.753569367033151,0
ADF0397,2010-11-15,0,0,-6.090884233317297,0
CCW0031,2010-05-24,0,0,-25.560655775444275,0
JXH0493,2010-09-03,0,0,-6.919657447138434,0
HVF0067,2010-11-17,0,0,-6.323769261161033,0
GDF0704,2010-12-07,0,0,-2.374646396504204,0
ICH0294,2011-03-18,0,0,-6.844267136211897,0
ORG0339,2010-07-26,0,0,-19.993731460641015,0
RKF0164,2011-01-31,0,0,-20.350087623659988,0
PBP0002,2010-10-27,0,0,-28.40167666061393,0
ILC0838,2010-01-19,0,0,-0.9964347838972571,0
ZSL0305,2010-10-15,0,0,-0.029480686207648432,0
WVB0539,2010-08-24,0,0,-25.02513737871186,0
AGB0643,2011-03-29,0,0,-21.322352132011588,0
DPM0423,2010-10-19,0,0,-19.701541529046267,0
OQH0183,2010-03-24,0,0,-21.060266289502806,0
CAA0612,2011-02-14,0,0,-6.7417524002411255,0
XBN0229,2010-02-04,0,0,-22.94551757445572,0
MNS0224,2010-06-10,0,0,-22.1161334085175,0
GHL0460,2010-03-02,0,1,-2.7687114063107856,0
BTS0011,2010-09-07,0,0,-18.549980916841605,0
SRS0231,2011-05-16,0,0,-17.148306341920147,0
HAC0282,2010-05-17,0,0,-17.990600894603517,0
WAB0143,2010-08-20,0,0,-18.938506688385587,0
NNA0610,2011-01-21,0,0,-7.246727004717172,0
WGR0833,2010-07-14,0,0,-1.589437420292029,0
BSA0431,2011-04-06,0,0,-10.585241905839325,0
SAT0194,2010-08-11,0,0,-0.2810566718803784,0
HJA0018,2010-01-07,0,0,-19.628729436424123,0
PEV0323,2010-02-05,0,0,-5.6440362866646865,0
HWH0646,2010-06-10,0,0,-18.34373610586863,0
PKB0281,2011-05-05,0,0,-18.155907488144067,0
BDV0168,2010-07-20,0,1,-6.254906325307616,0
HVB0037,2011-05-07,0,0,1.028315667403831,0
ORM0669,2011-01-26,0,0,-4.882737155810332,0
KPR0497,2010-04-12,0,0,-5.139031962488389,0
FOB0756,2010-01-28,0,0,-19.396876145609554,0
LBF0214,2010-11-13,0,0,-0.015017157599118036,0
AMH0794,2010-04-20,0,0,-10.22579892203305,0
LJJ0905,2010-02-18,0,0,-21.741885558658282,0
AKC0924,2010-09-30,0,0,-21.270433948320488,0
TRK0914,2011-04-12,0,0,1.75514847057741,0
OKC0107,2010-12-27,0,0,-10.556433560545656,0
NAF0033,2010-12-28,0,0,2.4567411118518976,0
KVS0425,2010-11-05,0,0,-5.700991219549337,0
AIP0394,2010-12-27,0,0,-5.56086604390282,0
HIW0536,2010-04-20,0,0,15.439100300243012,1
IDO0176,2010-04-07,0,0,-4.02894894646829,0
KWC0004,2010-11-02,0,0,-22.677575536172526,0
CKP0721,2011-02-15,0,0,-1.0831116803301484,0
BEH0615,2010-08-27,0,0,-4.801819171743887,0
BTW0005,2010-06-11,0,0,-23.3348160786544,0
BRB0355,2010-12-18,0,0,-12.135513191502696,0
DIC0988,2010-06-23,0,0,2.783046557865191,0
NAB0801,2010-01-20,0,0,-1.2720063717403036,0
GCR0554,2010-03-29,0,0,-11.86898158657641,0
ZKS0899,2010-05-18,0,0,-22.78304607894063,0
FLM0213,2011-01-07,0,0,5.50657874364731,0
XBN0229,2010-06-21,0,0,-21.651929809369335,0
MAR0955,2010-04-16,0,1,-3.2654475158686864,0
CTW0500,2010-02-09,0,0,-5.959068600386217,0
KBS0874,2010-02-02,0,0,-6.901808546057282,0
RZC0746,2010-08-13,0,0,-7.459345783236472,0
ECF0828,2010-07-29,0,0,-1.0498541092994174,0
SOG0411,2010-03-25,0,0,-5.790613527235223,0
MKG0711,2010-07-12,0,0,-4.661983583115784,0
ACV0812,2010-08-23,0,0,-28.374388464998447,0
DBW0483,2010-09-02,0,0,-7.420560515776742,0
HLM0933,2011-01-13,0,0,-7.085424820790536,0
LCB0664,2011-02-24,0,0,-24.25904435043799,0
LFS0071,2011-02-09,0,0,-6.934388510081931,0
BVC0790,2010-11-21,0,0,-14.061203254696807,0
MVF0594,2010-05-19,0,0,-1.951465366480079,0
IBB0696,2010-10-22,0,0,-5.0899431924445935,0
EIM0156,2010-03-30,0,0,-22.465236310521163,0
POB0343,2011-01-13,0,0,-21.60860276657229,0
JRG0207,2010-09-21,0,1,3.9867730745692143,0
LHL0309,2010-10-20,0,0,-7.638243137005702,0
IJM0139,2010-08-30,0,0,-0.4596809819545342,0
DLF0377,2010-09-22,0,0,1.8086194943592773,0
DJB0159,2010-01-08,0,0,-17.369806925307216,0
LDM0587,2011-05-02,0,0,6.760363067025423,1
MLL0598,2010-05-13,0,0,-4.229935937892378,0
MCF0327,2011-05-05,0,0,-4.101319239425038,0
NKH0979,2011-02-01,0,0,-21.922409824344868,0
TMA0069,2010-03-19,0,0,-10.557928902769504,0
TSM0927,2011-02-02,0,0,-21.957402680333985,0
RZC0746,2010-09-13,0,0,-6.445101922293702,0
ASV0946,2011-02-01,0,0,-0.22543925009529175,0
TTD1000,2010-01-13,0,0,-19.468544949494117,0
CNE0352,2010-01-22,0,0,-13.958229918520715,0
VIA0063,2011-01-18,0,0,-23.68479609298481,0
MJB0588,2010-12-07,0,0,-1.404150611370028,0
ZMC0284,2010-10-27,0,0,-16.21188917785389,0
BJM0111,2010-10-14,0,0,-21.09665510457637,0
FBW0747,2011-05-03,0,0,-6.222651558363054,0
JGM0934,2010-03-03,0,0,-11.015720770444773,0
FSB0399,2010-06-16,0,0,-7.663767322505578,0
MCF0600,2010-03-07,0,1,1.7654583752641884,0
MJM0510,2010-08-20,0,0,-19.88698136452581,0
MLD0755,2010-08-09,0,0,-6.614159438473166,0
MLL0598,2010-10-28,0,0,-4.910950336724454,0
KJM0887,2010-09-13,0,0,-21.335937955741997,0
HDJ0446,2011-01-17,0,0,-2.2832896928276796,0
JDF0593,2010-04-09,0,0,-6.800293982969265,0
IBP0883,2010-01-07,0,0,-18.670778216668737,0
BHW0458,2010-03-05,0,0,-0.3858800300046141,0
ZSL0305,2010-05-20,0,0,-0.4596809819545342,0
CWB0065,2010-07-28,0,0,-26.900106473287337,0
NMC0486,2010-11-17,0,0,-6.200026472514537,0
SOG0411,2010-10-26,0,0,-2.959773790210079,0
HAM0985,2010-08-16,0,0,-21.52775346617352,0
JSH0330,2010-11-02,0,0,-19.098921175144483,0
FMG0527,2010-09-07,0,1,-21.14364623941958,0
ARD0509,2010-02-09,0,0,-20.30333184643382,0
XLB0710,2010-12-10,0,0,-2.3067309677462617,0
CTA0020,2010-02-22,0,0,-20.98826954873209,0
TLH0648,2011-01-10,0,0,-19.77755120028155,0
ESH0135,2011-01-24,0,0,-2.7687114063107856,0
JDB0169,2010-03-31,0,0,5.707573258001389,0
MAH0149,2010-11-03,0,0,-28.41512193679057,0
HCL0651,2011-04-15,0,0,-16.00742432059633,0
ASV0946,2010-10-05,0,0,-2.600911538218952,0
HBO0413,2010-11-23,0,1,-5.377524392513578,0
ABC0174,2010-03-23,0,1,-1.280257724918215,0
MJS0890,2010-03-08,0,0,-21.232575671854647,0
DAR0885,2010-01-12,0,0,-18.758273695772687,0
BER0314,2011-04-21,0,0,-4.837422782648446,0
SRH0155,2011-02-22,0,0,-28.120564183251645,0
TSG0906,2010-07-27,0,0,-18.912601518890824,0
NUL0471,2010-05-20,0,0,-2.2832896928276796,0
OSH0655,2010-12-03,0,0,-21.326943040596234,0
DLS0383,2010-08-10,0,0,-22.06969848450467,0
IJM0139,2010-05-26,0,0,-0.4596809819545342,0
MJB0588,2010-03-19,0,0,-0.029480686207648432,0
HRW0550,2010-01-29,0,0,-21.464772802036805,0
FBA0348,2010-03-15,0,1,-26.174783704533297,0
LMF0980,2011-02-28,0,0,-21.30329209106776,0
JKB0126,2011-02-21,0,0,-21.020040743869004,0
AKW0167,2010-03-09,0,0,-28.385701973557957,0
FRR0832,2010-03-16,0,0,-0.9964347838972571,0
VLB0647,2010-07-26,0,0,-20.553084951153778,0
KBC0054,2010-12-17,0,0,-21.83948080656785,0
BDB0453,2010-05-25,0,0,-0.029480686207648432,0
DPM0423,2010-12-07,0,0,-19.63118672541782,0
VTT0385,2010-07-26,0,0,-21.435186802070007,0
RNF0765,2010-09-27,0,0,-22.300056690424185,0
BVC0790,2010-08-20,0,0,-16.09994865091062,0
UIR0043,2010-05-18,0,0,-21.681062249253614,0
ELT0769,2011-01-31,0,0,-19.818109441574506,0
NWK0215,2010-05-23,0,0,-1.7584518609037332,0
HAC0282,2010-08-30,0,0,-19.594257813872105,0
YWW0660,2010-04-28,0,0,-20.334979956346842,0
AAW0353,2010-07-26,0,0,-1.8304259594568748,0
RNL0695,2010-05-26,0,0,-26.70301199067876,0
MSD0939,2010-05-28,0,0,-26.330421884546922,0
NGO0690,2011-03-25,0,0,17.65062246487298,1
CKD0680,2010-01-05,0,0,-22.326074160333974,0
ROB0272,2010-09-10,0,0,-8.005364164016896,0
GRM0868,2011-03-24,0,0,-3.9808959895952967,0
NCO0666,2011-01-27,0,0,-24.299410506828167,0
VIA0063,2010-06-18,0,0,-23.96693408560145,0
ATP0662,2010-06-29,0,0,-24.51048774704236,0
HCM0267,2010-08-19,0,0,-4.825566721518271,0
TSR0676,2011-04-12,0,0,-21.426990563670756,0
ESA0642,2011-03-02,0,0,-19.226630021300934,0
KCO0122,2010-12-17,0,0,-10.867933899263676,0
JML0909,2011-03-21,0,0,-21.654854343668717,0
GRM0868,2010-06-28,0,0,-5.285769059339259,0
DGN0480,2010-12-16,0,0,-5.716471525969837,0
CKP0721,2010-09-09,0,0,-1.0831116803301484,0
JGM0934,2010-03-19,0,0,-8.044447443363765,0
TIW0299,2011-05-16,0,0,-5.1885208396040525,0
IJM0444,2010-05-26,0,0,-6.055825069467687,0
MGS0974,2011-05-10,0,0,-21.199062236669533,0
DLM0051,2011-05-01,0,0,-12.180607233271871,0
VEB0935,2010-08-27,0,0,-24.701359736367067,0
RJB0088,2010-06-02,0,0,-18.85002674588452,0
WAB0143,2010-09-03,0,0,-21.620615110532754,0
WLV0566,2010-09-28,0,0,-4.346602418537145,0
DSM0591,2010-03-11,0,0,-0.029480686207648432,0
SOF0808,2010-11-22,0,0,-28.84356155624846,0
SMW0084,2010-05-17,0,0,-18.44971727166842,0
OYM0026,2011-01-31,0,0,-6.1786265426444515,0
HSG0818,2010-07-26,0,0,-27.713515803413088,0
BTL0722,2010-08-16,0,0,-0.7064905313396821,0
ESH0283,2010-11-05,0,0,-18.020902768428414,0
NNS0059,2010-03-25,0,0,-23.027190939714274,0
NCH0179,2011-02-24,0,0,-27.466441527921916,0
IBS0836,2010-08-03,0,0,-3.0390664786795014,0
MOP0763,2011-03-08,0,0,-20.412769216833453,0
NCH0179,2010-07-15,0,0,-26.9477422276492,0
LAP0338,2010-03-30,0,0,-20.142507007132053,0
RJB0088,2010-04-26,0,0,-19.782181638898123,0
POB0343,2011-02-01,0,0,-20.257237963667762,0
HAD0246,2010-01-22,0,0,-13.765229667756785,0
MLM0950,2011-01-17,0,0,-0.36530271120227553,0
CGF0337,2010-11-19,0,0,-19.790885277055622,0
COM0321,2010-11-12,0,0,-4.163966611960177,0
KVS0425,2010-06-14,0,0,-5.099532109798247,0
NKH0807,2010-10-08,0,0,-29.054805433888077,0
MCS0035,2010-03-01,0,0,1.9280100467175316,0
KBC0054,2010-01-11,0,0,-19.03263739610918,0
HIW0536,2010-01-08,0,0,9.97471834886369,1
ESH0283,2011-04-01,0,0,-18.68514745565392,0
EIS0041,2010-04-08,0,0,-17.29305021459345,0
NDM0417,2010-06-18,0,0,-24.392587048564224,0
BTL0226,2010-07-16,0,1,-9.546677335013896,0
TQS0212,2011-02-25,0,0,3.0517777435194375,0
JDC0030,2011-04-15,0,0,-27.10855038175896,0
KMS0657,2011-02-16,0,0,-21.915775441595315,0
HCL0113,2011-04-26,0,0,-11.096985178564637,0
LEM0605,2010-05-21,0,0,-1.012140755355972,0
JRF0835,2010-02-08,0,0,-3.988861446707915,0
RVF0201,2010-02-16,0,0,-29.200858378308,0
AIB0948,2010-04-06,0,0,-2.3234213546890032,0
XRS0633,2010-06-30,0,0,-20.43157099154996,0
KLH0596,2010-02-23,0,1,-0.4596809819545342,0
CSJ0340,2010-03-04,0,0,-19.243346497990274,0
CAB0614,2010-01-05,0,0,-5.140512693652454,0
UBF0645,2011-02-18,0,0,-18.7876564750876,0
NSC0597,2011-03-07,0,0,-0.029480686207648432,0
TMA0069,2010-04-15,0,0,-7.816390228769137,0
JFC0757,2010-07-02,0,0,-22.037078016311398,0
BRM0995,2010-01-18,0,0,-6.572740524681876,0
GNZ0953,2010-09-01,0,0,-1.4202651581832697,0
CEB0210,2010-02-12,0,0,2.1754791395859456,0
TAC0300,2011-03-15,0,0,-3.451653225405721,0
UJC0737,2011-04-20,0,0,-5.787633393481428,0
SCP0130,2011-03-02,0,0,-1.0373216301059074,0
HKF0831,2010-04-13,0,0,-1.4904878636043577,0
AMH0464,2010-11-10,0,0,-0.22543925009529175,0
JJB0127,2010-12-08,0,0,-18.243907806350762,0
SMW0084,2010-11-19,0,0,-10.927357819256486,0
SVL0803,2010-09-22,0,0,-2.5557613917551407,0
FPC0954,2011-01-31,0,0,-0.22543925009529175,0
TMA0069,2011-02-18,0,0,-8.302099406644174,0
NMC0486,2010-04-30,0,0,-6.11976019169208,0
BEC0505,2010-12-21,0,0,-7.023341800883827,0
WJD0576,2010-07-07,0,0,-0.4596809819545342,0
LCD0622,2010-11-12,0,0,-5.238065202939879,0
WAB0143,2010-06-09,0,0,-21.481609724505233,0
RAM0447,2011-01-29,0,0,-1.6124359585777484,0
NKH0979,2010-03-22,0,0,-21.89815908058779,0
KNG0672,2010-04-20,0,0,-11.284865393451128,0
EHB0824,2010-07-15,0,1,-0.22543925009529175,0
JCR0289,2011-02-10,0,0,-0.029480686207648432,0
LHN0151,2011-02-04,0,0,-3.120405685182618,0
ASG0048,2011-02-16,0,0,-24.26457393806345,0
SMY0792,2011-04-11,0,0,-2.4243897375290544,0
FRR0832,2010-08-12,0,0,-0.3858800300046141,0
VSA0230,2010-12-07,0,0,-0.625931381719397,0
BEC0505,2011-05-04,0,0,-6.583512026515336,0
HCL0113,2010-03-30,0,0,-11.48063214402896,0
JER0404,2010-03-05,0,0,-2.2655825367443185,0
DLS0383,2010-04-05,0,0,-23.49716385513011,0
WDO0870,2010-03-03,0,0,-6.802832700810313,0
BTW0005,2010-03-30,0,0,-23.68771016342066,0
NAB0801,2010-07-21,0,0,-3.047794520972161,0
JLW0053,2011-03-01,0,0,12.269633040397025,1
RRP0568,2010-01-21,0,0,-23.360963633561028,0
HAD0246,2010-03-02,0,0,-17.440352623008835,0
DSB0731,2010-04-13,0,0,-4.237043411279728,0
FRR0832,2010-03-26,0,0,-0.9964347838972571,0
UCH0519,2010-03-02,0,0,-22.405398223773545,0
MLP0668,2011-03-16,0,0,-2.8257009217500126,0
CTR0697,2010-03-04,0,0,-1.4202651581832697,0
AMW0392,2010-06-28,0,0,-25.973839496215874,0
SBK0161,2010-05-10,0,0,-19.380663691845598,0
NMB0972,2010-08-27,0,0,-3.067758533759161,0
YJV0699,2010-06-09,0,0,-0.22543925009529175,0
KBS0874,2011-01-03,0,0,-2.7814982537695414,0
MPT0376,2010-10-21,0,0,-2.0515733323552467,0
EJW0884,2010-09-29,0,0,-21.21294958209728,0
RHP0484,2010-12-06,0,0,-9.187834083710186,0
FRL0511,2011-01-27,0,0,-22.017591307112866,0
SOG0411,2010-05-11,0,0,-5.811251863555981,0
ARB0881,2011-05-06,0,0,-22.405398223773545,0
OBH0499,2010-12-16,0,0,-7.074193924078827,0
XHG0902,2010-12-07,0,0,-19.88698136452581,0
MHG0733,2010-06-28,0,0,-4.746416446311969,0
THR0873,2010-04-20,0,0,-0.5605241643146428,0
KAL0395,2010-06-14,0,0,-25.52041047217915,0
MIL0255,2010-01-15,0,0,-18.833706880765476,0
NWK0215,2010-01-12,0,0,0.9077005290595253,0
SRH0155,2010-06-09,0,0,-28.712731073053078,0
KRL0501,2010-02-02,0,1,-5.849544824386385,0
EFS0882,2010-03-08,0,0,-20.88987158352893,0
ASG0048,2010-03-19,0,0,-27.915766571452195,0
JBM0350,2011-05-04,0,0,-25.662701796893202,0
SMB0804,2010-06-22,0,0,-24.669019942072055,0
CEJ0109,2010-01-25,0,1,-10.848847848607988,0
KDS0349,2010-04-16,0,0,14.38046570427116,1
EIS0041,2010-03-24,0,0,-15.953678594562234,0
WDV0573,2010-02-17,0,0,-4.183506514897999,0
APG0307,2010-03-01,0,0,-3.2683919445329366,0
FRR0832,2010-05-11,0,0,-1.3883418056542496,0
KJJ0293,2011-03-30,0,0,-2.1209285523488006,0
LOM0086,2010-04-22,0,0,-19.579659383494686,0
RKF0164,2010-09-02,0,0,-22.13274735299649,0
CEJ0109,2010-05-20,0,1,-8.284923818373045,0
HSD0457,2011-02-21,0,0,-0.029480686207648432,0
JCR0770,2010-04-05,0,0,-22.017591307112866,0
NGO0690,2010-05-03,0,0,-11.70682788400211,0
LBF0214,2010-09-17,0,0,0.9807347872414311,0
ILR0304,2011-04-28,0,0,-0.4596809819545342,0
CHG0146,2010-10-29,0,0,-25.605300888583315,0
WTF0387,2010-07-09,0,0,-1.8449239352931954,0
MVF0594,2011-03-22,0,0,-0.4596809819545342,0
OCS0865,2010-04-05,0,0,-5.52669534356221,0
RHY0079,2010-09-16,0,0,-13.472707068352747,0
EMW0772,2010-08-20,0,0,-20.298864131504615,0
SER0165,2010-09-02,0,0,-27.47718679318723,0
BSS0463,2010-12-29,0,0,6.760363067025423,1
AJL0462,2010-10-04,0,0,-2.859977556439503,0
SCF0608,2010-07-22,0,0,-6.86464828136377,0
BDI0533,2011-03-04,0,0,-18.929600963158464,0
FHS0837,2010-01-19,0,0,-1.5738480095105842,0
COM0321,2010-10-08,0,0,-4.096301930256573,0
ARA0252,2010-07-06,0,0,-16.783523459249295,0
ILJ0526,2010-10-17,0,0,-18.51155369042874,0
IHK0841,2011-04-29,0,0,-0.7064905313396821,0
HRL0540,2011-05-06,0,0,-12.220390883339974,0
LEM0605,2010-12-09,0,0,-6.0942875712866,0
ABC0174,2010-12-02,0,1,1.0016979966059125,0
MIC0726,2011-04-15,0,0,-6.6340155488044275,0
KDS0349,2010-02-18,0,0,14.241627515950768,1
PEV0323,2010-05-18,0,0,-5.103065121742361,0
NHH0185,2010-06-17,0,0,-18.331547116125876,0
AJR0319,2010-05-16,0,0,-3.454224795551795,0
PMC0328,2010-08-11,0,0,-19.00961081662365,0
MNS0224,2011-04-13,0,0,-19.68572606007956,0
JCR0172,2010-12-09,0,0,-4.7110640021096515,0
CTR0697,2010-02-16,0,0,-1.9109707501006596,0
WSR0241,2010-08-12,0,0,-29.580787662827674,0
RVC0232,2010-03-12,0,0,-2.505281574799028,0
WBC0315,2010-04-05,0,0,-4.625538487572726,0
BSA0431,2010-05-07,0,0,-12.564438878160104,0
DEB0782,2010-04-06,0,0,-22.300056690424185,0
IWM0816,2010-07-19,0,0,-8.140271602938924,0
IJM0444,2010-11-22,0,0,-5.424945131323739,0
CQH0730,2010-11-29,0,0,-5.050734523531901,0
UAD0771,2011-05-12,0,0,-22.232829379897453,0
KBL0260,2010-12-22,0,0,-19.47424239171096,0
JPW0741,2010-07-20,0,0,-6.900626833755155,0
GHH0288,2010-11-22,0,0,-4.546961195529889,0
PKB0429,2010-08-03,0,0,-12.631056966466758,0
NWT0098,2010-09-28,0,1,-17.989866137618492,0
NCK0295,2010-05-21,0,0,-1.951465366480079,0
DVW0103,2010-11-02,0,0,-4.200231612847233,0
CCW0524,2010-07-23,0,0,-21.335937955741997,0
AKR0057,2010-09-13,0,1,-24.517299213705428,0
IRT0491,2011-01-14,0,0,-8.692292780141884,0
AES0827,2011-01-11,0,0,-0.3858800300046141,0
HWW0436,2010-09-09,0,0,-7.328001835620967,0
TEB0251,2011-02-18,0,0,-17.049089363086182,0
ANT0430,2011-02-25,0,0,-10.00920472884377,0
MBR0724,2011-04-26,0,0,-0.9964347838972571,0
SCP0130,2010-05-17,0,0,-0.9863110014915719,0
GJT0386,2011-03-04,0,0,0.34701232247039115,0
SAC0592,2010-03-17,0,0,-0.692388082700063,0
NNS0059,2010-09-15,0,0,-22.16990652634297,0
ICS0956,2010-08-31,0,0,-0.7261734935627828,0
CTW0500,2010-02-25,0,0,-6.416660361393838,0
MIC0726,2010-05-28,0,0,-4.129258373413677,0
EHD0584,2010-08-23,0,1,-3.3844496660002505,0
HAH0760,2011-01-13,0,0,-19.594869318107044,0
JIM0095,2010-02-05,0,0,-26.500294651103218,0
MDH0686,2010-01-11,0,0,-8.316041779303646,0
RHC0335,2011-04-04,0,0,-20.56237986981114,0
CCR0863,2010-05-07,0,0,-5.083672201685431,0
KPR0497,2010-05-06,0,0,-7.483145152803786,0
FSB0399,2010-06-14,0,0,-6.313307011383131,0
QCH0110,2010-02-15,0,0,-19.04347396752337,0
OHC0973,2010-02-26,0,0,-1.760974043643614,0
LOM0086,2010-06-17,0,0,-12.812298719082833,0
BTS0011,2011-02-01,0,0,-17.913212788443843,0
NRF0137,2010-08-13,0,0,-0.029480686207648432,0
NAR0981,2010-06-25,0,0,-24.82468673351525,0
IAR0694,2010-03-03,0,0,-26.000994605834535,0
ENL0100,2010-04-22,0,0,-18.914319853791767,0
ABC0174,2010-04-16,0,1,-2.297825561991658,0
BMG0917,2010-12-01,0,0,-6.2299144521848575,0
IBS0836,2011-04-26,0,0,-4.865830335129544,0
PLH0715,2010-07-16,0,0,-0.9964347838972571,0
MKS0204,2011-01-06,0,0,-3.4274610776170675,0
NHH0185,2010-08-26,0,0,-20.308445272954714,0
IMP0530,2010-06-07,0,0,-21.14364623941958,0
TSR0676,2011-03-10,0,0,-20.734551570435656,0
NCK0421,2010-08-11,0,0,-26.56790691853689,0
FWM0707,2011-04-29,0,0,-2.0903255814213253,0
MDH0580,2010-12-08,0,1,-4.620490551888338,0
DEB0782,2011-04-20,0,0,-19.850594406270375,0
CIM0271,2010-07-27,0,0,-21.004688343525345,0
RJM0381,2010-04-07,0,0,-22.156309780134734,0
MFV0897,2011-04-28,0,0,-21.68843689264645,0
KMS0657,2010-06-08,0,0,-21.24993989130121,0
TSR0676,2011-03-14,0,0,-21.44691123305563,0
ZJS0269,2011-03-01,0,0,-22.5291221389258,0
MAR0955,2010-05-27,0,1,-1.2591644484622293,0
RAM0447,2010-12-29,0,0,-4.693317787582259,0
TYB0779,2011-03-23,0,0,-17.96980487411406,0
MCJ0324,2010-12-10,0,0,-3.7348170119300903,0
JMK0099,2011-04-29,0,0,-5.432269691509191,0
LJT0817,2011-04-19,0,0,-19.43698557380685,0
RUM0880,2011-01-24,0,0,0.8222706770621926,0
NGC0058,2010-07-08,0,0,0.960777054451114,0
DDM0579,2011-04-07,0,0,-1.404150611370028,0
HGG0240,2011-04-06,0,0,-25.36794105717445,0
JMH0543,2010-07-01,0,0,-21.76568437289336,0
JLM0364,2011-02-22,0,1,-23.251357281137985,0
HSP0290,2010-08-16,0,0,-2.7687114063107856,0
SVS0871,2011-01-21,0,0,-5.6491917240033445,0
TSM0927,2010-10-27,0,0,-21.196653420900475,0
HAV0121,2010-08-13,0,0,-10.732446602112418,0
NCE0097,2011-02-07,0,0,-7.099441670743886,0
WIF0691,2010-08-19,0,0,-21.453169030491495,0
KNG0672,2010-09-23,0,0,-10.70833248139138,0
CJM0138,2010-09-20,0,0,-2.2832896928276796,0
LAM0911,2011-05-12,0,0,11.59869193657812,1
ALD0529,2010-04-09,0,0,-22.02831317222069,0
JJB0700,2010-09-20,0,0,-0.9964347838972571,0
CMM0487,2010-04-27,0,0,-5.330691080611814,0
MPM0220,2010-06-14,0,1,-14.447028019993922,0
KJW0416,2010-01-13,0,0,-5.990310534529613,0
BIS0247,2010-01-28,0,0,-17.82171631266101,0
AJL0462,2010-03-10,0,0,-5.4317629462063906,0
SVL0940,2010-11-12,0,0,-10.32966635027492,0
ABH0663,2011-05-06,0,0,-2.994980836339778,0
AIS0405,2010-06-30,0,0,-7.1426922787890135,0
LPC0492,2011-04-12,0,0,-5.4978908726313875,0
BMM0112,2010-06-04,0,0,-22.360773409824674,0
HSG0818,2010-04-05,0,0,-28.503591547175915,0
KQC0708,2010-03-22,0,0,-0.7261734935627828,0
YCE0983,2010-05-19,0,0,-23.227684736180777,0
AHC0142,2011-05-07,0,0,-23.48959826012492,0
RMS0266,2010-04-29,0,0,-7.37858804723237,0
RZC0746,2011-03-09,0,0,-6.63642151467559,0
MVB0515,2010-07-16,0,0,-18.49041312641384,0
LRR0148,2010-08-14,0,0,-24.813359384354953,0
KNW0644,2010-01-20,0,0,-21.029561126627073,0
BBS0422,2011-01-26,0,0,-11.39769858898967,0
GDF0704,2010-09-20,0,0,-4.231689164684781,0
NNA0610,2010-12-01,0,0,-5.925724229911566,0
NBH0256,2010-10-04,0,0,-18.29274047057197,0
CCM0136,2011-02-23,0,0,-2.4093461569249257,0
LAP0338,2011-03-22,0,0,-19.52931517904119,0
LOF0311,2010-08-03,0,0,-3.4517477735952298,0
JAM0382,2011-04-26,0,0,-24.522431725344063,0
NKH0807,2011-05-12,0,0,-28.805945108321453,0
YWW0660,2010-06-08,0,0,-17.603964579769695,0
SAK0375,2010-09-16,0,0,-22.902415499338986,0
SMH0291,2010-03-26,0,0,-2.334192161864621,0
JFC0557,2010-04-15,0,0,5.718073760722746,0
SED0886,2011-01-18,0,0,-19.230284343322296,0
BWP0202,2011-05-12,0,0,-4.482797385632125,0
NAH0503,2010-06-13,0,0,-4.732183435746265,0
LAP0338,2010-07-16,0,0,-20.952644632730767,0
KMW0545,2010-11-19,0,0,-9.496560673617637,0
FBW0747,2010-08-24,0,0,-5.334039185171832,0
OKB0439,2010-05-19,0,0,-17.89444089918743,0
SGB0140,2010-10-14,0,0,-2.334192161864621,0
CAS0507,2010-05-12,0,0,-21.614422972009947,0
IBB0359,2010-08-06,0,0,-16.871060824791698,0
HAH0760,2011-01-07,0,0,-21.23402994938772,0
WIF0691,2010-08-17,0,0,-23.32865527491549,0
CEB0210,2010-07-07,0,0,2.4710301499178513,0
GCR0554,2010-12-07,0,0,-12.005012608586298,0
KJG0910,2010-04-08,0,0,-19.88698136452581,0
EGD0409,2010-03-25,0,0,-19.15232145301661,0
MDM0976,2011-02-08,0,0,-22.21509304599215,0
DOP0562,2010-02-05,0,0,-29.309694981103007,0
MKL0941,2010-03-04,0,0,-9.698288906688276,0
MIM0712,2010-09-27,0,0,-1.0498541092994174,0
JIM0095,2010-08-23,0,0,-28.944915536665576,0
EIM0156,2010-06-03,0,0,-22.128443055173534,0
AOB0019,2010-12-16,0,0,-21.03054829957148,0
BTS0011,2010-07-28,0,0,-16.577178808229974,0
TEB0251,2010-05-25,0,0,-17.730561460083095,0
WAS0254,2010-02-11,0,0,-19.9116882496744,0
BBS0422,2010-09-29,0,0,-13.198308473868792,0
NGC0058,2010-07-16,0,0,-1.051730024722474,0
ASS0517,2010-06-02,0,0,-19.850594406270375,0
ETR0177,2010-03-15,0,0,-27.19865847322103,0
BMT0528,2010-02-16,0,0,-21.52502565130237,0
ASD0577,2010-10-12,0,0,-1.2018865578410214,0
AHC0142,2010-09-09,0,0,-26.680262649999804,0
MAH0864,2010-08-24,0,0,-5.357723694386323,0
NJC0705,2010-03-15,0,0,-1.3883418056542496,0
TLK0993,2011-02-14,0,0,-13.265621664586774,0
GNS0178,2011-04-14,0,0,-21.268642819600473,0
PEV0323,2010-10-11,0,0,-9.848982952891674,0
FHS0837,2010-04-16,0,0,-3.3025203270774455,0
EGK0893,2010-10-19,0,0,-22.017591307112866,0
EGD0409,2010-03-11,0,0,-17.981989163906746,0
NNA0610,2010-08-26,0,0,-7.073611489203245,0
CTR0341,2011-05-12,0,0,-14.59344903201054,0
BWP0202,2010-05-11,0,0,-3.1659830430151032,0
BAK0964,2010-02-26,0,0,-1.3883418056542496,0
SRH0155,2010-10-28,0,0,-25.955167316722736,0
NMS0280,2010-11-15,0,0,-17.33376308798654,0
RVF0201,2010-06-23,0,0,-27.736982491244703,0
NNS0059,2010-02-24,0,0,-21.682246014174666,0
NGF0157,2010-10-01,0,0,-11.103864681151094,0
MBG0438,2010-05-06,0,0,-10.257941680010163,0
CTW0500,2010-04-08,0,0,-6.137235594012509,0
TTD1000,2010-08-13,0,0,-18.47481080478508,0
GTD0116,2010-01-14,0,0,-24.75304751019644,0
TJD0996,2010-07-15,0,0,-17.809667228929925,0
DID0650,2011-04-04,0,0,-20.91921002472452,0
DBW0483,2011-04-13,0,0,-6.268505752772512,0
HGN0287,2010-01-05,0,0,-14.44870799373848,0
PGO0433,2010-03-10,0,0,-11.22110444403961,0
SSJ0784,2010-06-08,0,0,-17.589513236293897,0
MCJ0324,2011-05-06,0,0,-3.582245319105141,0
NRF0137,2010-07-30,0,0,-1.2191903865591485,0
PTH0552,2010-06-21,0,0,2.697403755086839,0
GBM0603,2010-09-01,0,0,-7.804955772569315,0
OKB0439,2010-08-26,0,0,-19.98107292098416,0
ADF0397,2010-06-14,0,0,-6.339045659972271,0
CSH0626,2010-12-22,0,0,-6.95405951757084,0
WJD0576,2011-05-06,0,0,-0.4596809819545342,0
NKP0236,2010-11-16,0,0,-28.439723571871355,0
MNS0224,2011-02-17,0,0,-22.789798095174433,0
NMB0972,2010-06-03,0,0,-2.782491437155045,0
CMS0454,2010-10-08,0,0,-0.7224114404158399,0
ELH0960,2011-03-14,0,0,-0.9964347838972571,0
BSA0431,2010-01-19,0,0,-9.225424539799633,0
ESA0642,2011-04-18,0,0,-19.018553855385335,0
AGB0186,2010-12-01,0,0,-19.699822862837436,0
RAW0915,2011-04-11,0,0,-16.375519100910537,0
ADD0846,2011-01-25,0,0,-3.6173288383779436,0
KMB0922,2010-01-20,0,0,-21.437907061609053,0
MVB0515,2011-03-22,0,0,-19.159067898023068,0
CHM0821,2011-02-16,0,0,-6.426853673221785,0
CSC0217,2010-05-04,0,1,-20.334188243795097,0
PTH0830,2011-01-28,0,0,-0.9964347838972571,0
GLR0975,2010-10-04,0,0,-20.82947044800244,0
KAT0270,2011-03-25,0,0,-19.221960863256868,0
FMG0527,2010-05-21,0,1,-19.591256246888634,0
SGS0268,2011-03-04,0,0,-6.1613886794552855,0
CTW0500,2010-07-20,0,0,-5.418787641661197,0
JDC0030,2010-07-14,0,0,-28.322735260733793,0
WGR0833,2011-01-28,0,0,-3.3025203270774455,0
FHO0630,2010-03-12,0,0,-5.702731971581443,0
LFS0071,2010-04-14,0,0,-8.31833774261736,0
QNF0205,2011-03-23,0,0,-6.780565509334679,0
CEB0210,2010-12-20,0,0,3.7048953059612586,0
YEV0793,2010-11-30,0,0,-22.284753977354967,0
LRR0148,2011-03-04,0,0,-21.392799245397214,0
DCH0843,2010-09-13,0,1,-3.384029984063204,0
DIW0118,2011-04-27,0,0,-23.35946375860783,0
PRM0740,2011-01-25,0,0,-3.0939746457411275,0
KJS0618,2010-06-29,0,0,-6.761296508111286,0
HSB0196,2011-04-16,0,0,4.004102573227669,0
CBG0398,2011-03-17,0,0,-5.615991781695811,0
CEL0561,2010-11-30,0,0,-28.840273158363402,0
BMM0112,2011-02-09,0,0,-21.741885558658282,0
TSB0437,2010-06-01,0,0,-19.86069107040339,0
JPW0741,2010-12-29,0,0,-3.114919566434537,0
SAT0194,2011-05-04,0,0,-2.3742240167534874,0
CAN0842,2010-07-02,0,0,-0.7261734935627828,0
NCE0097,2010-08-03,0,0,-8.006668147488313,0
CSC0217,2010-06-01,0,1,-21.9096919073246,0
IEB0153,2010-10-18,0,0,-1.2488790000314793,0
KPP0452,2011-03-11,0,0,-3.2814880105289603,0
JKF0465,2010-01-02,0,0,-0.7828773404262392,0
RKF0164,2010-06-23,0,0,-19.941425274128846,0
MCS0035,2011-02-02,0,0,3.6239071370214333,0
KDS0349,2010-12-10,0,0,13.22287587312428,1
YEV0793,2010-10-08,0,0,-22.23710409556088,0
EIM0156,2011-04-29,0,0,-22.46200842465862,0
RHP0484,2010-02-03,0,0,-7.690325783924322,0
KJS0618,2010-03-03,0,0,-7.384924293295171,0
CKB0482,2010-03-30,0,0,-6.693049255005008,0
NRO0768,2011-02-14,0,0,-21.136352786049315,0
JCR0770,2010-12-27,0,0,-16.777136984824438,0
RHY0079,2010-01-07,0,0,-14.919213875499509,0
ASB0796,2010-12-20,0,0,-5.128250360821653,0
HCL0113,2010-02-09,0,0,-9.777262869766105,0
WRM0963,2010-04-19,0,0,-0.3858800300046141,0
JBD0616,2010-01-07,0,0,-2.399085881777978,0
JOM0750,2011-04-25,0,0,-7.732271388648542,0
WKD0013,2010-08-20,0,0,-20.849473987564465,0
AWM0764,2010-01-25,0,0,-21.335937955741997,0
AHC0142,2011-05-03,0,0,-25.273850682185753,0
GTD0116,2011-01-28,0,0,-26.45442886942226,0
IBP0883,2010-03-23,0,0,-20.31304440976737,0
MFV0897,2010-09-13,0,0,-22.066251203243723,0
PNH0761,2010-06-11,0,0,-21.883130616393487,0
MLP0668,2010-04-13,0,0,-1.1990992368391744,0
RAG0275,2010-04-12,0,0,-18.856805583792266,0
BHW0458,2011-03-09,0,0,-1.404150611370028,0
HDD0806,2010-01-08,0,0,-6.272070515647329,0
CTR0341,2010-09-18,0,0,-17.453132791761846,0
MSD0939,2010-01-29,0,0,-27.574881381757223,0
RAR0725,2010-08-12,1,1,-1.8177980702510013,0
KNW0644,2010-03-24,0,0,-17.760728960146366,0
WDO0870,2010-06-07,0,0,-6.520092157329259,0
VTT0385,2010-06-01,0,0,-21.673106900976677,0
SBD0913,2011-03-21,0,0,-1.8223327661875146,0
JOM0750,2011-01-13,0,0,-7.588739140604048,0
FKB0163,2010-05-05,0,0,-20.89767388966743,0
RVF0201,2011-01-26,0,0,-26.32304754700806,0
TVS0050,2010-06-22,0,0,-20.999663811070718,0
SLB0049,2011-01-07,0,0,-17.71617219740176,0
GKO0078,2010-11-11,0,0,-14.599201608646922,0
LRW0970,2010-08-10,0,0,-0.3858800300046141,0
ORG0339,2010-09-28,0,0,-20.56237986981114,0
CCL0068,2010-10-15,0,1,-26.95681251604276,0
COM0321,2010-11-01,0,0,-3.489475146903146,0
NRD0548,2010-08-23,0,0,-0.3219951133030463,0
JCR0770,2010-07-12,0,0,-22.017591307112866,0
RHP0484,2011-03-11,0,0,-7.952749080302624,0
KBB0189,2010-01-29,0,0,-27.18185638714158,0
BAH0875,2011-05-11,0,0,-6.520614701849013,0
HMM0108,2010-01-05,0,0,-12.042422305592481,0
ARL0034,2011-03-22,0,0,6.450974124961704,0
EHR0096,2011-03-08,0,0,-25.97925446849547,0
IUY0279,2010-08-16,0,0,-10.80304682462588,0
CHG0146,2010-01-18,0,0,-28.129860253537913,0
TDS0984,2011-01-14,0,0,-22.170523156226977,0
SAH0599,2011-04-11,0,0,-1.2191903865591485,0
XBN0229,2011-03-29,0,0,-23.403606429506226,0
BAK0964,2011-05-04,0,0,-1.1260412373189865,0
HVB0037,2010-10-15,0,0,3.400658014759756,0
DIW0118,2010-10-14,0,0,-24.31103237797845,0
HDS0367,2011-04-27,0,0,-18.19267831685454,0
AWM0764,2010-06-08,0,0,-21.14364623941958,0
WKD0013,2011-02-09,0,0,-20.919117561248413,0
LDG0459,2011-04-01,0,0,-1.3361854307088379,0
JKJ0698,2011-02-05,0,0,-0.6702730895577815,0
JJM0203,2010-08-23,0,1,-24.81352717984771,0
RAG0275,2010-11-15,0,0,-18.707040211348385,0
KMB0922,2010-09-17,0,0,-21.54688133934576,0
OSH0655,2011-03-29,0,0,-19.6414900488096,0
WDD0366,2010-10-15,0,1,-21.190079250508802,0
LOM0086,2010-06-23,0,0,-12.663627506940315,0
LTS0860,2010-08-09,0,0,-6.4241092504476,0
WIQ0567,2010-12-07,0,0,-24.828794954150908,0
ESJ0670,2010-11-30,0,0,-21.80243725797243,0
JMH0543,2010-02-11,0,0,-22.00404681855855,0
ZSK0258,2010-04-29,0,0,-21.070283590308122,0
MSH0040,2010-09-09,0,0,-21.187345474536528,0
BCB0679,2010-04-09,0,0,-0.1483157021569923,0
BLB0114,2010-05-25,0,0,-19.288456110218476,0
BNR0965,2011-04-29,0,0,-1.765124657373235,0
RBB0485,2010-06-18,0,0,-7.4537387451006225,0
FDE0117,2010-05-03,0,0,-24.393625737407547,0
SAC0592,2010-02-05,0,0,-0.692388082700063,0
XBN0229,2010-06-03,0,0,-19.924408063360488,0
MFV0897,2010-03-02,0,0,-17.889037225594734,0
CKH0144,2011-02-25,0,0,-26.761929040674204,0
MIM0712,2010-12-22,0,0,-0.9964347838972571,0
BAL0044,2011-03-17,0,0,-21.816117960379415,0
JAV0361,2010-07-15,0,0,-21.96331542559915,0
GNZ0953,2010-04-19,0,0,-3.0463533321355953,0
AJH0175,2010-02-05,0,0,-1.9634678057706196,0
MHH0180,2010-04-19,0,0,-16.59227185460452,0
LHL0309,2011-03-23,0,0,-3.1276206088418803,0
HBB0056,2010-01-26,0,0,-22.084633703507393,0
JIG0128,2010-08-09,0,0,-15.534305549154396,0
CCC0393,2010-04-20,0,0,-27.395077414154116,0
MTB0620,2010-01-07,0,0,-2.8533881574929865,0
AJL0462,2010-12-30,0,0,-2.0829632363322617,0
DMG0358,2011-01-10,0,0,-22.72257994776851,0
JML0909,2011-01-12,0,0,-20.81061411270298,0
KJM0887,2011-04-04,0,0,-19.88698136452581,0
JTM0223,2010-05-21,0,1,-20.727515701743414,0
LAP0338,2010-04-11,0,0,-15.267313011754368,0
JZD0888,2010-08-19,0,0,-22.300056690424185,0
ABN0239,2010-08-05,0,0,-5.512532800716031,0
IEB0153,2010-02-22,0,0,-1.3826981334664197,0
JAM0382,2011-02-09,0,0,-21.78904022727022,0
TPH0474,2010-05-28,0,0,-0.029480686207648432,0
LAP0338,2010-11-21,0,0,-16.362499897460907,0
ATE0869,2010-11-18,0,0,-7.345549425437184,0
SES0477,2010-06-30,0,0,-7.217838887340349,0
EMB0531,2010-11-02,0,0,-18.892361859914217,0
WDV0573,2010-03-31,0,0,-2.942137322746703,0
CBB0365,2010-03-02,0,0,-20.873913452374723,0
KJJ0293,2010-08-24,0,0,-1.9297300539783464,0
SGM0021,2010-02-25,0,0,-22.99450429007902,0
DMG0358,2010-07-29,0,0,-20.98800937813803,0
CEJ0109,2010-05-11,0,1,-10.750110326638719,0
JFC0557,2011-02-04,0,0,-0.47078119929130935,0
RKF0164,2010-08-05,0,0,-21.583146036594258,0
ANP0555,2011-03-16,0,0,-3.877759966459621,0
FOB0756,2011-01-19,0,0,-18.439849444618062,0
BSS0463,2010-04-27,0,0,-0.7369174506420677,0
IJR0825,2010-06-09,0,0,-4.678457436195231,0
CNM0800,2010-12-08,0,0,-21.643048961011118,0
MES0407,2010-04-05,0,0,-9.483388941002772,0
BJW0619,2011-05-02,0,0,-6.5232491626392175,0
FFC0891,2010-03-02,0,0,-21.000089609534257,0
RKF0164,2010-07-20,0,0,-20.597586210324266,0
TTD1000,2010-06-18,0,0,-11.78864356862664,0
CNM0800,2011-03-21,0,0,-22.802413462594814,0
FPC0954,2011-03-14,0,0,-0.7261734935627828,0
PEV0323,2010-09-24,0,0,-7.608724055037669,0
AJR0319,2010-12-03,0,0,-5.840956570347089,0
FPC0954,2010-12-14,0,0,-3.646875152346979,0
AMD0077,2010-08-11,0,0,-14.998583569701395,0
JCR0770,2010-11-08,0,0,-21.51552284620641,0
PTH0552,2011-04-21,0,0,-2.990397389280133,0
BBS0422,2010-09-14,0,0,-17.025063294922916,0
IJM0139,2010-02-26,0,0,-0.029480686207648432,0
CRO0027,2011-04-06,0,0,-4.269587116436696,0
TJB0302,2010-09-23,0,0,-0.4596809819545342,0
ADD0846,2011-02-28,0,0,-3.3025203270774455,0
JCV0245,2010-02-08,0,0,-18.33634572146059,0
PTH0830,2010-07-21,0,0,-0.3858800300046141,0
JOL0024,2010-01-13,0,0,-26.643702843484675,0
ZSK0258,2010-03-31,0,0,-18.95424157815171,0
JAD0609,2010-08-12,0,0,-6.384749389980243,0
MFV0897,2010-02-01,0,0,-21.68843689264645,0
BXJ0010,2010-10-07,0,0,-19.431958806665875,0
BBG0325,2010-08-30,0,0,-3.860987600757653,0
MSG0839,2010-11-17,0,0,8.013772449331782,1
JAV0361,2010-01-14,0,0,-22.17791990239766,0
ENC0234,2010-06-16,0,0,-10.328903769210797,0
SED0886,2010-01-21,0,0,-20.74826392332193,0
HCC0344,2011-03-24,0,0,-17.110645276181003,0
WAB0143,2010-03-31,0,0,-22.413912378512123,0
CGA0629,2010-02-08,0,0,-3.6127557039911835,0
KJG0910,2010-06-01,0,0,-19.658678412970062,0
CAM0102,2010-03-11,0,0,-26.908060153047018,0
GCS0571,2010-06-02,0,0,-1.054720609857668,0
TSM0927,2011-02-03,0,0,-22.3373705798856,0
ASV0946,2011-04-26,0,0,-1.3883418056542496,0
DKB0631,2011-01-20,0,0,-21.513113993117486,0
MDH0580,2011-01-06,1,1,-6.923909302240759,0
KBG0549,2010-10-05,0,0,-20.72016403420423,0
FIR0920,2010-11-29,0,0,-23.118036618007864,0
RHY0079,2010-01-15,0,0,-16.83653077784129,0
RVC0232,2010-04-20,0,0,-2.1080200599524233,0
WAB0143,2010-10-04,0,0,-20.736777826757475,0
CEL0561,2010-12-27,0,0,-28.63538433124768,0
ILJ0526,2010-02-26,0,0,-20.428867765752557,0
GCG0951,2011-01-26,0,0,-0.9964347838972571,0
CXC0336,2010-02-15,0,0,-20.314960948058456,0
CQH0701,2011-01-24,0,0,-3.9971648671184994,0
TMA0069,2010-02-12,0,0,-10.257642411275924,0
DAG0558,2011-05-05,0,0,-29.186863204588008,0
HVB0037,2010-02-10,0,0,1.4921055088907451,0
CIG0052,2010-09-01,0,0,-26.075177925695698,0
DLM0051,2010-12-30,0,0,-15.221521914004597,0
SHW0578,2010-08-19,0,0,-3.698023264481094,0
KDT0346,2010-06-03,0,0,-18.14243310653626,0
ELH0960,2010-12-08,0,0,-3.646875152346979,0
LAP0338,2010-09-11,0,0,-19.216489675921707,0
CJP0952,2010-11-30,0,0,-3.03652476411537,0
CRP0456,2011-03-17,0,0,-0.22543925009529175,0
DIW0118,2010-04-09,0,0,-26.099233373145807,0
OMM0944,2011-01-19,0,0,-0.9964347838972571,0
XHG0902,2010-09-15,0,0,-22.405398223773545,0
MIB0904,2010-12-10,0,0,-19.900377560808693,0
MAR0955,2010-07-16,0,1,-0.9964347838972571,0
CJP0952,2011-05-16,0,0,-1.6270987266143493,0
MPT0376,2010-04-16,0,0,-0.5941420834911924,0
SDB0106,2010-03-10,0,0,-17.501147788535377,0
LHB0606,2010-04-21,0,0,-7.517691123839313,0
ECL0930,2010-04-12,0,0,-27.885394870764117,0
VCC0396,2010-02-05,0,0,-9.221307789500997,0
MOH0273,2010-02-07,0,0,-16.652901373838176,0
KRG0158,2010-05-10,0,0,-27.61924911349604,0
MOH0273,2010-10-11,0,0,-18.60711933903133,0
SJF0094,2010-12-15,0,0,-10.834181926897372,0
MCF0327,2011-05-12,0,0,-5.332802295579313,0
MOS0047,2010-01-20,0,1,-15.537907899952984,0
UCH0519,2010-01-05,0,0,-18.892361859914217,0
XAA0104,2011-03-08,0,0,-22.99345031349378,0
EIP0997,2011-03-07,0,0,-19.271075775324448,0
YEV0793,2010-03-19,0,0,-24.35871973975702,0
MCT0720,2010-05-14,0,0,-3.067758533759161,0
HLH0512,2010-05-31,0,0,-20.412769216833453,0
NGO0690,2010-07-26,0,0,-4.904668398808326,0
AAM0658,2010-04-16,0,1,-22.26379800200766,0
NUL0471,2010-10-01,0,0,-3.85011629337896,0
BNR0965,2010-10-13,0,0,-1.4904878636043577,0
AJF0370,2010-06-25,0,0,-18.24749346011197,0
MSG0839,2010-06-22,0,0,-0.3858800300046141,0
UCS0227,2010-04-27,0,0,-0.6873643622300278,0
HIA0414,2010-04-21,0,0,-7.435551582716698,0
HCV0478,2010-10-20,0,0,-5.880094557283655,0
RAS0432,2010-12-13,0,0,-12.931398500756472,0
MCJ0324,2010-01-12,0,0,-2.2528011076902885,0
KRL0062,2010-03-23,0,0,-27.000155376475732,0
HGG0240,2010-04-20,0,0,-27.57440427074971,0
PKB0429,2010-10-08,0,0,-12.411389313275095,0
RGG0064,2010-02-18,0,1,-10.323518851378708,0
JZD0888,2011-01-12,0,0,-21.228307059185113,0
CWB0065,2010-11-18,0,0,-24.687431921883103,0
OYM0026,2010-08-16,0,0,-6.571680251308749,0
MPM0220,2010-10-26,0,1,-20.286391583306454,0
CSH0626,2010-07-23,0,0,-5.393019281242687,0
RFP0380,2010-04-06,0,0,-1.8013168623099318,0
RHP0484,2010-07-28,0,0,-7.9627128980828275,0
SBD0913,2010-12-13,0,0,-0.9765600592850205,0
KBP0008,2010-10-11,0,0,-23.473286503631584,0
FEB0306,2011-03-30,0,0,-4.141716672873258,0
RHO0732,2011-05-13,0,0,-1.9984020319462843,0
BMT0528,2010-10-06,0,0,-20.83244240940246,0
UFK0208,2010-11-09,0,0,2.01599101188674,0
HGN0287,2010-10-08,0,0,-17.609739053128806,0
OBH0499,2011-04-11,0,0,-7.259455747820994,0
NRF0137,2011-03-07,0,0,-0.4596809819545342,0
LJJ0905,2011-02-03,0,0,-19.766495469740903,0
CBB0365,2011-02-18,0,0,-22.491166694954245,0
AKW0167,2010-01-07,0,0,-26.409309378714397,0
AAN0823,2010-06-11,0,0,-2.5114861009300284,0
EZT0640,2010-08-03,0,0,-21.98291566403941,0
DOL0332,2010-09-23,0,0,-19.625491027840667,0
CJK0200,2010-11-16,0,0,-0.4378649140627431,0
JJH0613,2010-09-27,0,0,-3.5179040805214754,0
NSS0876,2011-03-24,0,0,-5.82689918953497,0
SAB0781,2010-12-03,0,0,-18.36653733229548,0
GZC0735,2010-05-16,0,0,-1.2726592551805425,0
LAF0991,2010-08-11,0,0,-12.949580251990824,0
ETR0428,2010-12-08,0,0,-15.559399565459444,0
ARB0834,2010-07-01,0,0,-0.22543925009529175,0
PNL0301,2010-05-24,0,1,-4.2243950798063,0
CLB0774,2010-11-01,0,0,-23.133351859618756,0
SVL0803,2011-02-07,0,0,1.8351763012977926,0
OQH0183,2010-03-12,0,0,-20.344203086661082,0
MVB0515,2010-03-30,0,0,-20.474293059914316,0
MOH0273,2010-02-11,0,0,-18.129076228566646,0
AJN0607,2010-08-25,0,0,-4.843169584027464,0
HAH0760,2011-04-08,0,0,-19.093935850591492,0
HAD0246,2011-01-01,0,0,-8.081817883951999,0
GRC0145,2010-03-11,0,0,-27.99373797780106,0
NUL0471,2010-02-17,0,0,-0.9603885267399619,0
CJH0702,2010-11-12,0,0,-1.4904878636043577,0
IRT0491,2010-07-12,0,0,-6.71851105878693,0
MHA0798,2011-04-19,0,0,1.4765073828303912,0
LTS0860,2010-09-02,0,0,-7.104648911916115,0
NHE0919,2010-08-31,0,0,-20.974245780111346,0
WLV0566,2011-04-27,0,0,-7.2924535371201955,0
ABC0253,2010-10-14,0,0,-18.519209090784216,0
JMH0543,2010-02-01,0,0,-24.089936514526585,0
RYB0718,2010-06-11,0,0,-0.7261734935627828,0
BSA0431,2010-12-20,0,0,-9.817961400474701,0
PBP0002,2010-07-06,0,0,-28.86815727359317,0
DLH0029,2010-07-22,0,0,1.5413855850308664,0
WBC0315,2010-05-12,0,0,-4.3639288932395175,0
DIB0081,2010-07-23,0,0,-13.97893351684138,0
BRS0734,2010-02-10,0,0,0.8928109185537778,0
NGF0157,2010-02-10,0,0,-13.18166398552546,0
BAK0964,2010-06-04,0,0,-3.067758533759161,0
TAC0300,2011-02-07,0,0,-1.554566390976447,0
GCR0554,2010-02-15,0,0,-10.243118152801685,0
RGN0408,2010-08-18,0,0,-9.523395571852461,0
JDC0030,2010-09-26,0,0,-24.565322512438797,0
FRB0023,2010-02-11,0,0,-21.919309155504948,0
RHO0732,2010-03-23,0,0,-4.894235871337969,0
HMW0713,2011-03-29,0,0,-1.2591644484622293,0
KJG0910,2010-05-24,0,0,-19.317674080433903,0
SEJ0677,2010-06-03,0,0,-0.6432299780989297,0
KBS0874,2010-06-17,0,0,-4.65483732275311,0
IWM0816,2010-11-15,0,0,-7.771145294007852,0
NRF0137,2010-04-12,0,0,-0.7224114404158399,0
LNR0656,2010-11-04,0,0,-20.538159584777077,0
HCC0344,2010-10-18,0,0,-19.47198526733939,0
BMM0112,2011-04-07,0,0,-19.7744047319394,0
BHC0665,2010-07-12,0,0,-16.10910299684747,0
QPM0727,2010-12-08,0,0,-6.380038056519425,0
MBR0724,2010-06-23,0,0,-1.909252995191423,0
SAK0375,2011-03-01,0,0,-21.424354748287783,0
OHC0973,2010-12-28,0,0,-2.0903255814213253,0
CTW0500,2010-10-04,0,0,-6.466891093585332,0
HPH0075,2011-01-05,0,0,-9.361180657912655,0
CWR0502,2011-03-01,0,0,-7.62852489269892,0
KPP0452,2010-05-21,0,0,-0.9964347838972571,0
JLM0364,2011-03-09,0,1,-22.702927992744208,0
TDS0984,2010-03-08,0,0,-24.808237161667876,0
HGH0595,2010-01-11,0,0,-2.2832896928276796,0
BTS0011,2010-01-11,0,0,-19.271021862703265,0
CTR0697,2010-04-26,0,0,-1.765124657373235,0
FDE0117,2010-04-14,0,0,-25.32424804456025,0
KWC0004,2011-02-24,0,0,-26.165515102606037,0
BCM0653,2010-11-04,0,0,-19.961356265044174,0
IBS0836,2010-06-09,0,0,-3.0390664786795014,0
GJT0386,2010-10-07,0,0,0.7017374129147811,0
AWM0764,2010-02-22,0,0,-18.693479798396766,0
RAH0440,2010-06-03,0,0,-19.29311065204638,0
EBC0390,2010-11-03,0,0,-23.63690591963382,0
JTM0223,2010-05-13,0,1,-21.102914238893845,0
DFR0218,2010-03-08,0,0,-21.92003032006926,0
AHD0848,2010-08-13,0,0,-4.6159309137965465,0
DSM0591,2010-01-18,0,0,-0.029480686207648432,0
JRL0574,2011-01-26,0,0,-1.2018865578410214,0
LRW0970,2010-06-25,0,0,-0.9964347838972571,0
FMG0527,2011-01-10,0,1,-21.857797544538244,0
AIP0394,2010-05-08,0,0,16.045710556001723,1
XHW0498,2010-04-26,0,1,-6.0959238070843185,0
BMS0877,2010-01-07,0,0,-4.166235257926473,0
MHG0244,2010-03-31,0,0,-17.58284552123655,0
THR0873,2011-05-13,0,0,-1.6375788830335978,0
CQH0730,2010-08-30,0,0,-10.049825358427938,0
FKK0055,2010-08-30,0,0,-22.93734789386076,0
QJR0688,2011-05-03,0,0,-26.73252529056947,0
SGS0268,2010-01-07,0,0,-12.239818856483225,0
AVM0947,2010-09-02,0,0,-4.412480363500208,0
DIC0988,2011-02-17,0,0,-1.4046657392187853,0
JCR0921,2011-01-19,0,0,-10.852365798487085,0
DRR0162,2010-02-22,0,1,-27.22285631203897,0
KAT0489,2010-10-25,0,0,-6.757387479168074,0
CIG0052,2010-06-17,0,0,-27.192064894298028,0
AJF0370,2010-01-19,0,0,-19.661322315346638,0
KMW0545,2011-01-31,0,0,-9.097591083591283,0
BTS0011,2010-08-30,0,0,-17.989447935982525,0
KBB0189,2011-02-04,0,0,-27.02716129870032,0
FBA0348,2011-03-18,0,1,-26.850061827210084,0
ARA0252,2010-09-01,0,0,-20.115364774155182,0
KLM0639,2010-02-10,0,0,-19.62069140418987,0
SBN0495,2010-09-14,0,0,-5.930898863153061,0
KSH0569,2010-09-30,0,0,-6.445905942750187,0
NSC0597,2011-02-02,0,0,-0.4596809819545342,0
GCC0744,2011-03-23,0,0,-7.27315684930204,0
TSM0927,2011-03-25,0,0,-21.257452322604536,0
LOM0086,2010-07-23,0,0,-13.600737047082134,0
HCC0344,2010-08-09,0,0,-20.758145980189283,0
CCL0068,2010-09-27,0,1,-24.70456761274488,0
OBH0499,2010-06-15,0,0,-2.8768390168407905,0
HKF0831,2010-12-14,0,0,-0.22543925009529175,0
DCC0160,2010-03-16,0,0,-19.715645774826726,0
CNM0800,2010-02-04,0,0,-22.58650938153653,0
JMC0925,2010-03-18,0,0,-7.467952483534077,0
SPA0141,2010-10-14,0,0,-28.33013912560409,0
TJD0996,2010-08-09,0,0,-18.485336683763535,0
CJV0286,2011-03-11,0,0,-21.97060233034688,0
BVC0790,2010-06-23,0,0,-17.04587898473983,0
CKP0721,2011-01-26,0,0,-2.5114861009300284,0
EHD0584,2010-06-30,0,1,-3.048863822600765,0
CTR0697,2010-05-04,0,0,-1.4202651581832697,0
SER0165,2010-08-10,0,0,-26.438427396682755,0
CAB0388,2010-09-24,0,0,-23.276598080517488,0
AIH0675,2011-03-31,0,0,-22.920349344684723,0
CCH0182,2010-03-15,0,0,-19.62069140418987,0
GKO0078,2010-01-06,0,0,-7.798071131275378,0
JRF0835,2010-02-17,0,0,-3.067758533759161,0
EZT0640,2011-04-26,0,0,-20.147817970947585,0
NSC0597,2010-09-22,0,0,-3.8514948385602565,0
WKF0012,2010-04-19,0,0,-16.34818731383575,0
HLH0512,2011-01-29,0,0,-19.168735534789676,0
LQP0508,2010-07-20,0,0,-20.596682897721507,0
IJR0825,2010-07-16,0,0,-0.9964347838972571,0
LCC0819,2010-08-06,0,1,-21.05860493478042,0
NKH0807,2010-01-28,0,0,-29.016611443898228,0
JRF0835,2010-09-28,0,0,-2.0903255814213253,0
AJD0074,2010-04-22,0,0,-23.951201176265158,0
KCF0045,2010-11-19,0,0,-20.834713232242052,0
AIB0948,2010-10-15,0,0,-5.177989047782262,0
BEC0505,2010-05-24,0,0,-6.595235189526761,0
SJF0094,2010-04-06,0,0,-7.796468767543843,0
ZMC0284,2010-06-16,0,0,-12.335120665458817,0
PBP0002,2010-05-26,0,0,-25.94289329155322,0
GMF0738,2011-05-05,0,0,-6.1102902592618875,0
ARA0252,2010-02-04,0,0,-11.760177736113747,0
SSJ0784,2010-10-03,0,0,-19.200822995749718,0
LDG0459,2010-02-19,0,0,-1.2137761885505824,0
AJH0175,2010-07-28,0,0,-5.445324213937965,0
FPC0954,2011-05-02,0,0,-0.7261734935627828,0
HJB0742,2010-08-13,0,1,-6.755817919869287,0
CNB0900,2010-06-04,0,0,-20.75158947995044,0
WIF0691,2010-06-08,0,0,-23.096931999845538,0
ZSL0305,2010-06-18,0,0,-0.4596809819545342,0
MIL0255,2010-10-19,0,0,-20.86151710161016,0
CRK0916,2010-07-29,0,0,-10.549887523383632,0
CCW0031,2010-06-02,0,0,-23.59161703755933,0
CLB0774,2010-12-10,0,0,-21.475339183127744,0
CJF0802,2011-04-05,0,0,-1.851855779689572,0
SAK0375,2010-09-30,0,0,-21.111025425159255,0
RDM0150,2010-03-08,0,0,-0.37779005731783855,0
BAH0875,2010-10-22,0,0,-6.795615691221315,0
AJR0319,2010-03-05,0,0,-4.574339529509643,0
CNE0352,2011-01-24,0,0,-14.500399677751375,0
MGS0974,2010-10-01,0,0,-19.8972865812118,0
HDJ0446,2010-09-10,0,0,-0.029480686207648432,0
JCR0921,2010-10-06,0,0,-11.5564042994597,0
LNS0989,2010-04-20,0,0,1.227877304030585,0
KKW0879,2010-04-23,0,0,-1.9697482002486595,0
BBG0325,2010-12-14,0,0,-2.7810872472304027,0
AGB0186,2011-01-03,0,0,-20.109469352763654,0
MFV0897,2010-01-28,0,0,-19.849755086682308,0
BLB0114,2011-04-29,0,0,-15.643130705488261,0
TAC0300,2010-12-17,0,0,-1.554566390976447,0
ASM0575,2011-04-29,0,0,-1.23947277238085,0
LDB0090,2010-03-25,0,0,-27.575496298342955,0
MSZ0310,2010-01-22,0,0,-6.310745431542728,0
BMS0877,2010-01-14,0,0,-2.9478189688996963,0
LJB0826,2010-02-08,0,0,-1.0498541092994174,0
BAL0044,2011-03-29,0,0,-17.768013265643276,0
PTH0830,2010-03-16,0,0,-2.3067309677462617,0
DMG0358,2011-04-11,0,0,-22.054541437912917,0
LOF0311,2010-09-13,0,0,-4.093646361623314,0
UFK0208,2011-03-17,0,0,0.683954564089504,0
RDM0150,2011-04-28,0,0,-2.2845017470103812,0
BMT0528,2010-10-04,0,0,-23.84834005195762,0
MCJ0324,2011-04-01,0,0,-5.414941665849938,0
KNB0022,2010-07-23,0,0,-20.623879944965097,0
TEM0093,2010-06-10,0,0,-8.60919783564043,0
UJC0737,2010-10-14,0,0,-3.6149291399842696,0
JLW0053,2011-01-31,0,0,9.66102421083508,1
SBQ0786,2011-04-06,0,0,12.95503686309371,1
ABC0253,2010-06-29,0,0,-19.37561791854887,0
EIS0041,2010-11-05,0,0,-16.30759370847977,0
MJS0890,2011-04-26,0,0,-19.849755086682308,0
BTN0061,2011-03-08,0,0,-23.78040110965253,0
FIR0920,2010-01-04,0,0,-24.386278888310244,0
AKH0758,2010-08-26,0,0,-21.14364623941958,0
SDB0106,2011-01-25,0,0,-16.02788450124524,0
AKC0924,2011-04-18,0,0,-22.46389283517931,0
UJC0737,2010-07-20,0,0,-4.719151750850301,0
HKI0171,2011-03-09,0,0,-4.763232652412057,0
CBB0365,2011-02-09,0,0,-21.72943641647646,0
MAD0753,2010-10-06,0,0,-7.637218110075764,0
LAF0991,2010-02-09,0,0,-10.220223609137292,0
ASG0048,2010-11-30,0,0,-26.663382567806025,0
CCH0685,2010-08-12,0,0,-26.213721179580943,0
DGF0443,2010-10-28,0,0,-14.912449037852298,0
MCJ0324,2010-08-10,0,0,-4.941430396184501,0
RVF0201,2010-08-20,0,0,-26.954176630569236,0
WPR0368,2010-06-22,0,0,-21.675213311308084,0
AOK0844,2010-08-13,0,0,-1.861560402184864,0
GLR0975,2010-10-21,0,0,-21.291370881257194,0
FOB0756,2010-11-01,0,0,-20.291306403365866,0
BDV0168,2010-01-12,0,1,-5.11661942619719,0
JPW0741,2010-03-24,0,0,-2.327493560120388,0
MIL0255,2010-05-19,0,0,-19.493857892520282,0
JPW0741,2010-02-08,0,0,-6.072362790406714,0
TRK0914,2011-03-18,0,0,3.2775455262383275,0
HLH0512,2010-08-07,0,0,-19.527556899341107,0
NGC0058,2010-10-18,0,0,-0.2483463031935571,0
NSC0597,2011-01-18,0,0,-0.4596809819545342,0
ESH0283,2010-08-30,0,0,-12.698611440821765,0
MHH0180,2010-05-25,0,0,-19.814908525503938,0
MHA0798,2011-02-03,0,0,-3.126746700857666,0
CMB0912,2010-10-14,0,0,-24.808529114167527,0
LLV0602,2011-01-31,0,0,-3.0289103381779796,0
JJB0700,2010-06-29,0,0,-2.3067309677462617,0
LBH0942,2010-04-28,0,0,-0.031004972019786692,0
AOK0844,2010-01-15,0,0,-1.6270987266143493,0
NAF0033,2010-02-02,0,0,2.83066381280139,0
HKF0831,2010-12-21,0,0,-3.384029984063204,0
HSG0818,2011-03-11,0,0,-29.35957784276991,0
GTD0898,2011-03-08,0,0,-21.14364623941958,0
NKH0979,2010-02-02,0,0,-20.738013887382635,0
TET0621,2010-01-14,0,0,-6.032239488312598,0
RVF0201,2011-03-15,0,0,-24.078890005832022,0
AWM0764,2011-02-24,0,0,-20.8190685054783,0
MBJ0312,2010-10-08,0,0,-0.7119929003177958,0
ALH0402,2010-07-27,0,0,-10.588059370810129,0
RSM0277,2010-03-25,0,0,-5.455401336508771,0
QJR0688,2010-12-28,0,0,-25.903557759213754,0
MSD0939,2011-03-14,0,0,-27.94232426339022,0
NUL0471,2010-07-26,0,0,-1.3361854307088379,0
DJS0682,2010-07-16,0,0,-2.6873425998329594,0
HLM0933,2010-07-28,0,0,-4.741713328906144,0
KES0729,2010-09-22,0,0,-6.579095797768332,0
JJM0203,2010-09-20,1,1,-24.594283931761197,0
SED0886,2010-01-15,0,0,-19.692094688974407,0
BAJ0654,2011-05-05,0,0,-19.148928726547297,0
HSG0818,2010-01-26,0,0,-29.033962213631526,0
FXF0957,2010-10-06,0,0,-3.9971648671184994,0
IUB0565,2010-03-09,0,1,1.6020369331313304,0
KCO0122,2010-01-19,0,0,-9.1910207852859,0
JMD0520,2010-10-18,0,0,-23.382009607582177,0
HRB0351,2010-04-20,0,0,-15.153869598685901,0
FLM0213,2010-02-09,0,0,3.031062767261801,0
ILR0304,2010-01-26,0,0,-0.4596809819545342,0
DGN0480,2010-05-28,0,0,-5.199236730286543,0
CLF0852,2010-05-20,0,0,-3.4901150535480383,0
ZSB0649,2010-01-20,0,0,-21.476863983655107,0
HAC0282,2010-09-28,0,0,-17.756610994256448,0
HAM0985,2010-09-13,0,0,-22.450052570696585,0
YIC0195,2010-12-18,0,0,-1.496626253080649,0
JTS0389,2010-06-16,0,0,-22.903350523653216,0
WIQ0567,2011-03-11,0,0,-28.723069812804397,0
KAL0395,2011-03-14,0,0,-26.256946038233423,0
BWP0202,2010-06-11,0,0,-7.107903663765001,0
CKD0680,2010-04-29,0,0,-22.781487601233493,0
FXF0957,2010-09-13,0,0,-1.0498541092994174,0
WDO0870,2010-06-11,0,0,-8.07644062030488,0
BRB0355,2010-01-31,0,0,-16.328463370000577,0
NGC0058,2011-03-27,0,0,5.700671517808473,0
JJM0203,2010-09-27,1,1,-23.06789165359703,0
RAS0432,2011-03-18,0,0,-11.472906933709737,0
ERH0449,2010-10-18,0,0,-0.9964347838972571,0
LBF0214,2010-11-15,0,0,4.248064332235344,0
NKH0807,2010-03-02,0,0,-28.798620113695506,0
LEM0605,2010-09-09,0,0,-6.48754340958908,0
FUM0015,2010-02-17,0,0,-19.751252716788258,0
JDC0030,2010-11-08,0,0,-27.569874166670957,0
HAV0121,2010-01-12,0,0,-11.288238566326186,0
IAR0694,2010-05-25,0,0,-25.69430680185053,0
ASM0575,2010-12-02,0,0,-4.264906485433357,0
SRS0231,2010-08-04,0,0,-21.79590007492834,0
NMG0766,2011-03-18,0,0,-21.335937955741997,0
QNF0205,2010-12-22,0,0,-6.622984286358701,0
KSP0966,2010-09-28,0,0,-1.0831116803301484,0
ZFM0468,2010-03-22,0,0,-2.822060863980596,0
XBN0229,2011-04-19,0,0,-22.941035893315075,0
BDB0453,2010-01-27,0,0,-0.9603885267399619,0
DCH0843,2011-01-24,0,1,-1.112927565131713,0
ASL0378,2010-11-16,0,0,-23.366476219429956,0
QPM0727,2010-08-24,0,0,-7.194287410271386,0
DLM0051,2010-11-24,0,0,-14.646141325356098,0
BDV0168,2010-03-19,0,1,-5.650951021299647,0
MJB0588,2010-11-01,0,0,-0.029480686207648432,0
WGR0833,2010-04-27,0,0,-2.5132634105988245,0
ONW0083,2010-08-12,0,0,-20.44954175179032,0
CJG0470,2010-07-29,0,0,-0.029480686207648432,0
SMH0291,2010-03-31,0,0,-4.264906485433357,0
TEM0977,2010-03-09,0,0,-19.600149185804298,0
IYB0918,2010-11-10,0,0,-22.470914106599707,0
RDT0424,2010-08-30,0,0,-7.847441504919516,0
OCB0805,2010-04-27,0,0,-3.8131091607939425,0
DVM0265,2010-06-21,0,0,-3.7521163092525285,0
MGS0974,2010-04-01,0,0,-21.32734999342881,0
OKC0107,2010-10-18,0,0,-12.541179031846468,0
DIB0081,2010-02-01,0,0,-10.766492297432592,0
WBC0192,2011-03-01,0,0,-25.042464611038667,0
OQH0183,2010-03-29,0,0,-19.47198526733939,0
HPM0986,2010-02-05,0,0,-19.57001124378371,0
HKB0418,2010-10-19,0,0,-5.31591344622143,0
QSV0778,2010-01-19,0,0,-19.88698136452581,0
EMW0772,2010-10-08,0,0,-15.89374262756246,0
LOF0311,2010-05-20,0,0,-4.909586603679713,0
ARL0034,2010-10-08,0,0,1.5734711286806942,0
RGH0728,2010-10-29,0,0,-5.2079950651436775,0
JMC0925,2010-11-16,0,0,-9.009045403526898,0
UCS0227,2011-04-06,0,0,0.43823517948635526,0
JIG0128,2010-06-30,0,0,-18.539825637201147,0
CWB0065,2010-10-12,0,0,-26.447939042527423,0
FTM0406,2010-11-12,0,1,-3.558890336781701,0
ECL0930,2011-04-08,0,0,-28.27001601567099,0
RLB0719,2011-03-07,0,0,-2.3067309677462617,0
IKR0401,2010-05-20,0,1,-2.5163694474343856,0
AJC0840,2010-12-22,0,0,-3.6173288383779436,0
EIP0997,2010-01-11,0,0,-20.511937148045718,0
AMR0318,2010-03-19,0,0,-3.213141272508551,0
KKW0879,2010-08-12,0,0,-1.3830666854446463,0
BVC0790,2010-01-10,0,0,-15.594895808191495,0
JAV0361,2010-10-06,0,0,-21.54647934798936,0
NJC0705,2010-06-10,0,0,-0.7369174506420677,0
EMB0531,2010-01-21,0,0,-21.0505857399354,0
HCV0478,2011-04-13,0,0,-5.801080369859392,0
KBL0260,2010-11-30,0,0,-19.645201464406796,0
ILR0304,2010-08-16,0,0,-0.4596809819545342,0
JCR0770,2010-02-01,0,0,-20.291306403365866,0
SGM0021,2011-02-14,0,0,-22.800002969227876,0
HKF0831,2010-05-20,0,0,-1.0831116803301484,0
IBB0359,2010-07-13,0,0,-15.717646622862958,0
CCW0031,2010-03-05,0,0,-26.007931079051104,0
UBF0645,2010-02-26,0,0,-18.771839278389166,0
ARL0034,2010-07-07,0,0,8.193316870642775,1
MJS0890,2010-12-22,0,0,-18.892361859914217,0
DGW0752,2010-12-06,0,0,-3.606680989108895,0
CNB0900,2011-03-08,0,0,-20.75158947995044,0
JCR0770,2010-02-02,0,0,-22.360773409824674,0
DAL0673,2010-07-19,0,0,-10.910105996528046,0
AMW0392,2010-04-11,0,0,-24.81244770587398,0
KCF0045,2010-03-03,0,0,-22.204867863878917,0
TRK0914,2010-02-25,0,0,2.4651597003106644,0
EZT0640,2010-01-05,0,0,-19.939094412869395,0
MJM0510,2010-06-16,0,0,-19.396876145609554,0
SXM0895,2011-01-27,0,0,-20.88987158352893,0
CMM0487,2010-12-13,0,0,-5.885325592677759,0
PSF0133,2010-01-12,0,1,-2.6984304204409,0
AKK0329,2010-02-16,0,0,-19.965884451539864,0
CLS0296,2010-08-09,0,0,-0.4596809819545342,0
DZC0228,2010-05-10,0,0,-10.605718074073252,0
JAD0609,2010-03-03,0,0,-7.105241287008312,0
DBB0384,2010-09-03,0,0,-20.280873927360403,0
KAT0270,2011-01-24,0,0,-19.09584209368586,0
BBG0325,2011-04-12,0,0,-4.600478227307576,0
BTN0061,2010-04-16,0,0,-23.389905612694974,0
AAF0535,2010-08-24,0,1,-19.83949477027761,0
GCR0554,2011-02-04,0,0,-9.517520578549693,0
RYB0718,2010-05-12,0,0,-3.646875152346979,0
BCM0653,2010-02-17,0,0,-20.24162330236345,0
SJC0333,2011-04-08,0,0,-19.47198526733939,0
BCB0679,2010-07-01,0,0,1.1670436456737434,0
HPH0075,2011-02-26,0,0,-9.939806864238108,0
HCS0003,2011-02-02,0,0,-19.300896161125024,0
UIR0043,2010-12-29,0,0,-21.376728682673956,0
HRB0351,2010-10-27,0,0,-11.16934880118606,0
JTS0389,2010-07-14,0,0,-21.787578033432965,0
BMM0112,2010-01-12,0,0,-22.017591307112866,0
RSC0089,2010-11-20,0,0,-4.605572092847183,0
MLL0598,2010-05-07,0,0,-5.0968854730499515,0
FGW0853,2010-04-15,0,0,-7.1379238642578,0
NCO0666,2010-11-01,0,0,-22.437407383536765,0
HWW0436,2010-03-02,0,0,-9.420399276630746,0
DTP0379,2011-02-04,0,0,-12.972674176143983,0
ASS0206,2011-02-22,0,0,1.7273877310371972,0
NRF0137,2010-11-30,0,0,-3.2683919445329366,0
KWE0082,2010-06-10,0,0,-9.898358622604974,0
RAR0725,2010-08-27,0,1,-5.16131936042791,0
RHP0484,2011-01-07,0,0,-7.836384145348234,0
LHN0151,2010-08-23,0,0,-1.3611534611770821,0
JTM0223,2010-01-22,0,1,-20.871015385379224,0
ASG0048,2011-01-17,0,0,-28.08717475863466,0
WDD0366,2011-02-09,0,1,-21.126686357854055,0
CGA0629,2010-12-09,0,0,-4.9991626720877775,0
YDN0198,2011-02-02,0,0,-27.74761749370589,0
JTS0389,2010-10-25,0,0,-19.783773380538037,0
AMR0318,2010-10-11,0,0,0.6383048359188024,0
TET0621,2010-12-14,0,0,-3.5015234414839824,0
MSD0939,2010-01-06,0,0,-26.904941578143166,0
BMT0528,2011-05-02,0,0,-21.248773692125724,0
KJG0910,2010-01-20,0,0,-20.88987158352893,0
KAT0270,2010-09-23,0,0,-18.71407463681021,0
VEB0935,2011-05-05,0,0,-26.748257618176467,0
RHP0484,2010-10-04,0,0,-9.115857777294877,0
TMA0069,2010-03-02,0,0,-10.159135581028295,0
SSR0278,2010-01-08,0,0,-12.846230657301021,0
CNE0352,2010-02-09,0,0,-14.309289229658248,0
CCW0524,2010-04-28,0,0,-22.300056690424185,0
SGS0268,2010-07-23,0,0,-9.410722969908079,0
MBW0809,2010-01-19,0,0,-25.87992404176873,0
CCW0524,2010-07-12,0,0,-20.291306403365866,0
ARB0881,2011-05-10,0,0,-21.335937955741997,0
SVS0871,2010-07-06,0,0,-4.24587000097938,0
JAM0382,2010-03-31,0,0,-23.49346619059429,0
HTH0007,2010-10-06,0,0,-22.01478269249401,0
OBH0499,2011-02-08,0,0,-6.978795055867295,0
CMB0912,2010-06-25,0,0,-25.26473654781057,0
JMD0520,2010-01-07,0,0,-19.127690316909025,0
EHR0096,2010-06-29,0,0,-24.782383918794153,0
BMC0547,2010-07-30,0,0,-11.86898158657641,0
BJW0619,2010-01-04,0,0,-4.896672277056155,0
BBG0325,2011-05-02,0,0,-4.024450634875393,0
NIH0969,2011-04-19,0,0,-3.420387076766133,0
CTW0500,2010-03-24,0,0,-7.568938003023732,0
SIJ0661,2010-12-10,0,0,16.083909397745288,1
MAW0166,2010-08-20,0,0,-23.965330128510004,0
FFC0891,2010-07-09,0,0,-16.121155045981936,0
ARB0834,2010-03-19,0,0,-0.9603885267399619,0
WIQ0567,2010-02-11,0,0,-23.915507991331992,0
IBM0671,2010-04-28,0,0,-10.143817541847966,0
HCM0267,2010-01-08,0,0,-4.5964062503474,0
DLM0051,2011-01-04,0,0,-15.47087124668451,0
NKH0807,2010-03-31,0,0,-29.08642593123136,0
CJH0702,2011-01-14,0,0,-1.112927565131713,0
KRG0158,2010-08-19,0,0,-27.337874352718927,0
ATE0869,2010-05-15,0,0,-5.1179338721372005,0
SBN0495,2010-01-27,0,0,-6.384957372333702,0
KSP0357,2010-03-01,0,0,-21.501900348233676,0
AMR0318,2010-03-26,0,0,-1.1685157474895504,0
THR0873,2010-01-26,0,0,-0.040860190499415694,0
JTM0223,2010-06-03,0,1,-21.46027245069763,0
VAA0087,2010-08-06,0,0,-19.323871732167618,0
HAV0121,2010-01-28,0,0,-13.733983561081573,0
VCY0751,2010-11-29,0,0,-5.800791495359476,0
IKP0472,2010-11-24,0,0,-4.752355946807711,0
UJC0737,2010-09-08,0,0,-6.484397490258743,0
PDW0259,2010-04-14,0,0,-18.37030869132502,0
KBG0549,2010-06-22,0,0,-22.551883087184706,0
AIP0982,2010-12-20,0,0,-21.167497359377194,0
SBD0913,2010-02-09,0,0,-0.4500095420751222,0
BSS0463,2011-02-18,0,0,-2.242471115725948,0
IBP0883,2011-03-19,0,0,-12.830200412491081,0
ADD0846,2010-05-12,0,0,-1.4904878636043577,0
NCH0179,2011-03-14,0,0,-26.743021104744344,0
MAR0955,2010-05-25,0,1,-2.822060863980596,0
LBH0942,2010-05-09,0,0,-2.806198864407861,0
YEV0793,2010-05-25,0,0,-23.498260084065578,0
CJG0470,2011-02-22,0,0,-0.7224114404158399,0
HCL0113,2011-05-06,0,0,-7.61475909312162,0
IIW0249,2010-04-29,0,0,-20.071236282009068,0
HLH0512,2010-12-14,0,0,-22.475007947801032,0
FBA0348,2011-03-14,0,1,-26.658135188951405,0
BVC0790,2010-08-07,0,0,-14.823423857113426,0
AES0827,2010-06-02,0,0,-0.7064905313396821,0
FRB0023,2010-05-07,0,0,-20.94349308047981,0
KBG0549,2010-06-07,0,0,-22.75413349301357,0
RFP0380,2010-11-05,0,0,-1.0640179556966132,0
DIW0118,2010-08-17,0,0,-25.781591993151324,0
CXC0336,2011-01-13,0,0,-19.243346497990274,0
WDV0573,2010-04-16,0,0,-3.295794890624734,0
ICH0294,2010-05-04,0,0,-1.2191903865591485,0
KBP0008,2011-05-10,0,0,-23.81454497570803,0
MAW0166,2010-03-24,0,0,-25.651919657280587,0
IAR0694,2010-11-08,0,0,-25.520907037859274,0
JTS0389,2010-08-06,0,0,-22.323435552204046,0
SGS0268,2011-04-04,0,0,-11.553068459957672,0
RHY0079,2010-07-01,0,0,-13.618001242805349,0
MJM0510,2010-08-19,0,0,-19.591256246888634,0
ACC0042,2010-11-18,0,0,-21.54711227685118,0
FFC0891,2010-05-28,0,0,-20.55032034921942,0
TSB0437,2011-04-21,0,0,-19.830551687494108,0
CJC0494,2011-02-02,0,0,-6.278453720907123,0
HIW0536,2010-07-20,0,0,19.16791322610129,1
HKB0418,2010-08-17,0,0,-9.186672514702309,0
QNP0216,2010-06-08,0,0,-21.914674823398627,0
MKP0861,2010-07-19,0,0,-4.879608876989323,0
SSS0345,2010-01-08,0,0,-15.864706458383466,0
MAH0864,2010-01-25,0,0,-5.1454841324629115,0
KJP0371,2011-02-07,0,0,-21.30608113161486,0
SED0886,2010-04-29,0,0,-19.961473945176294,0
SDF0017,2011-05-13,0,0,-20.53937744254631,0
RAW0915,2010-05-31,0,0,-16.878545248599607,0
ZCF0590,2011-04-11,0,0,-0.029480686207648432,0
ASS0206,2010-08-24,0,0,3.939861421245155,0
IUY0279,2010-07-01,0,0,-12.489993820687914,0
TPH0474,2010-06-11,0,0,-1.951465366480079,0
CIG0052,2010-08-20,0,0,-27.367204606964606,0
IJM0139,2010-05-27,0,0,-0.029480686207648432,0
KMB0922,2010-07-19,0,0,-20.771967637236912,0
ILC0838,2010-05-05,0,0,-0.22543925009529175,0
WBC0315,2011-02-17,0,0,-6.134183663247882,0
ZFM0468,2011-04-08,0,0,-0.4596809819545342,0
GJD0298,2010-07-27,0,0,-0.029480686207648432,0
RJM0381,2011-02-18,0,0,-23.208717332799097,0
JNA0559,2010-04-14,0,0,-10.723555936096886,0
IMB0481,2010-11-29,0,0,-7.408700385224051,0
NMG0766,2010-10-05,0,0,-19.591256246888634,0
CAS0507,2010-03-09,0,0,-18.37599395123732,0
NRF0137,2010-02-05,0,0,-0.4596809819545342,0
MDM0625,2010-03-22,0,0,-1.1776106309255283,0
NMC0486,2011-02-08,0,0,-4.777056831054779,0
DOL0332,2011-05-04,0,0,-20.180356869754064,0
UCH0519,2010-02-10,0,0,-22.300056690424185,0
BAL0044,2010-08-09,0,0,-16.910698864832284,0
VSS0154,2010-08-16,0,1,-26.882310840049286,0
YJF0532,2011-04-27,0,0,-21.32394317670355,0
KBG0549,2010-10-12,0,0,-21.263444243430172,0
KBP0008,2011-02-17,0,0,-22.909246827429797,0
MFV0897,2011-05-09,0,0,-20.280640603416487,0
FLM0213,2010-04-15,0,0,2.9685386237016473,0
SKG0759,2011-01-18,0,0,-21.51994785334091,0
TOR0193,2010-07-28,0,0,-27.733898741156736,0
CLD0894,2010-09-21,0,0,-21.335937955741997,0
JCR0172,2010-12-17,0,0,-1.2004217404100928,0
HVB0037,2010-04-01,0,0,1.4615194652070613,0
LBC0356,2011-04-28,0,0,-22.731227851564995,0
KMW0545,2010-01-25,0,0,-9.361701820972826,0
YIC0195,2010-10-24,0,0,-1.3716275009983292,0
SES0477,2010-10-13,0,0,-7.319501321296798,0
NCE0097,2010-11-17,0,0,-5.354044570977862,0
DMK0257,2010-11-29,0,0,-14.90501842939284,0
DBW0483,2010-04-28,0,0,-7.974084055341336,0
MIL0255,2010-01-07,0,0,-19.951257026860617,0
EGK0893,2010-05-12,0,0,-20.78053111880115,0
AIP0982,2010-01-12,0,0,-20.393321971598652,0
HSG0818,2010-03-11,0,0,-27.68009807531621,0
CAB0614,2011-02-08,0,0,-6.641101605924291,0
BAK0964,2011-04-25,0,0,-0.7261734935627828,0
NCK0295,2011-02-16,0,0,-0.029480686207648432,0
SBD0913,2010-04-05,0,0,-0.5308348916614705,0
RSM0277,2010-10-27,0,0,-6.533736231276521,0
TEM0977,2010-12-13,0,0,-21.128678481965608,0
KVS0425,2010-03-02,0,0,-10.547194243481613,0
FOB0756,2011-02-10,0,0,-18.50229498862393,0
QSV0778,2010-08-11,0,0,-22.300056690424185,0
FOB0756,2011-02-20,0,0,-19.494894239669748,0
CBB0365,2011-04-13,0,0,-20.738778282879935,0
MJS0890,2010-03-04,0,0,-18.604976195666723,0
MBJ0312,2011-01-26,0,0,1.6178966693576058,0
KBL0260,2010-07-22,0,0,-20.168393930093657,0
BAK0964,2010-12-21,0,0,-0.3858800300046141,0
CLF0852,2010-12-30,0,0,-6.031314154341771,0
PPF0435,2011-01-13,0,1,-12.651433287091663,0
SOB0586,2010-10-25,0,0,-0.7224114404158399,0
KAT0270,2011-04-26,0,0,-20.93008396533787,0
SCB0534,2011-03-24,0,0,-19.591256246888634,0
CAA0612,2011-05-13,0,0,-4.712711102315666,0
DFR0218,2010-01-27,0,0,-21.407624350115043,0
AAV0450,2010-01-05,0,0,-0.4596809819545342,0
JDB0169,2010-08-19,0,0,1.6103834399184507,0
PIS0522,2010-03-23,0,0,-22.510869130936044,0
MKP0861,2010-01-12,0,0,-7.268696958220971,0
KKC0683,2010-11-05,0,0,-5.1758089136568515,0
WXH0872,2011-04-13,0,0,-1.1720634313213623,0
ARL0034,2010-10-05,0,0,3.7262193409209203,0
COF0120,2011-01-10,0,0,-28.69017603495797,0
IKP0472,2010-08-11,0,0,-4.395602906910199,0
JSH0330,2011-05-03,0,0,-17.749621471699925,0
IBM0671,2010-06-16,0,0,-10.41234059809392,0
EBC0390,2011-02-11,0,0,-23.185842644762943,0
AKF0709,2010-04-20,0,0,-1.8719868833907185,0
CIM0271,2010-02-08,0,0,-19.652697028187163,0
RDT0424,2010-09-08,0,0,-6.1079575398914585,0
SBD0913,2010-04-29,0,0,-2.4369155994114635,0
ELB0847,2010-05-21,0,0,-1.0498541092994174,0
BCR0581,2010-10-12,0,0,6.467536869065157,0
MDM0976,2011-03-17,0,0,-21.205709152519262,0
GCS0518,2010-02-17,0,0,-21.14364623941958,0
KAC0124,2010-06-08,0,0,-18.61406697158452,0
RLB0719,2010-02-15,0,0,-3.384029984063204,0
ARD0509,2010-06-22,0,0,-20.934313054350014,0
CTR0697,2010-03-23,0,0,-1.2137761885505824,0
WJD0576,2010-03-19,0,0,4.892737244864179,0
OKC0107,2010-02-02,0,0,-10.155333807274587,0
ARD0509,2010-05-28,0,0,-21.509982484633042,0
MVH0373,2010-03-04,0,0,-22.145992856182943,0
BMT0528,2010-05-24,0,0,-20.164094070251963,0
LPC0492,2010-08-30,0,0,-5.861324974846866,0
SSG0250,2010-02-24,0,0,-14.269402007346457,0
JZD0888,2010-11-22,0,0,-21.741885558658282,0
DFR0218,2010-12-21,0,0,-21.113643757319892,0
MAD0753,2011-03-29,0,0,-6.4085386573847245,0
MLM0950,2011-04-13,0,0,-1.174682984812307,0
QJR0688,2011-01-01,0,0,-26.449880543532004,0
ALD0544,2010-10-28,0,0,-0.46988275921103195,0
KSP0357,2010-07-19,0,0,-21.945616818992903,0
NBC0412,2011-01-27,0,0,-3.111455592446873,0
JRH0455,2010-01-28,0,0,-1.404150611370028,0
AJP0723,2010-02-11,0,0,-2.3067309677462617,0
HLH0512,2011-03-29,0,0,-18.958950842231047,0
ALD0529,2010-01-04,0,0,-20.864226899001437,0
BTL0722,2010-05-25,0,0,-1.3883418056542496,0
SPA0141,2010-08-16,0,0,-28.59348710132315,0
JMC0925,2011-01-04,0,0,-9.558147561932287,0
GQP0743,2010-06-04,0,0,-5.003464148679427,0
BAM0611,2010-10-19,0,0,-4.500472470225304,0
KJG0910,2010-08-05,0,0,-22.06137463420862,0
HJA0018,2010-08-13,0,0,-19.816977342498717,0
PDW0259,2010-06-17,0,0,-18.89033320643182,0
AIH0675,2011-05-04,0,0,-18.084721910467692,0
KJM0887,2011-03-14,0,0,-21.68843689264645,0
AKK0329,2011-01-28,0,0,-19.38036613566885,0
PIS0522,2010-03-26,0,0,-20.335753815340922,0
ETR0428,2010-11-05,0,0,-12.070154576945129,0
SBN0495,2011-01-18,0,0,-7.635718491974785,0
JMC0925,2010-04-27,0,0,-9.376079532762219,0
SBD0913,2010-10-05,0,0,-2.0205441224037486,0
MIB0904,2011-01-14,0,0,-20.74826392332193,0
DHM0937,2011-05-13,0,0,-28.77266628382995,0
FHO0630,2010-02-16,0,0,-7.135064046737398,0
NJC0705,2011-02-22,0,0,-0.9603885267399619,0
JZD0888,2011-05-13,0,0,-22.017591307112866,0
NSC0597,2010-10-04,0,0,-0.029480686207648432,0
XRS0633,2010-10-01,0,0,-18.071982139202078,0
LNR0656,2010-01-14,0,0,-17.760728960146366,0
RSC0089,2010-04-16,0,0,-14.079237092785547,0
AAW0353,2011-02-15,0,0,-2.139178778996211,0
GCR0554,2011-04-07,0,0,-9.930127638860313,0
ONL0276,2010-07-09,0,0,-25.61004829703313,0
RMS0266,2010-11-03,0,0,-7.849194850360959,0
CUD0795,2010-05-24,0,0,-10.016704503247297,0
KKW0879,2011-01-11,0,0,0.6942729187306895,0
MJS0890,2011-01-20,0,0,-19.317674080433903,0
SVS0871,2011-03-04,0,0,-3.212874447033755,0
HDH0928,2010-12-09,0,0,-1.011848633411546,0
CLB0774,2010-03-26,0,0,-23.69793557270691,0
GTD0898,2010-02-12,0,0,-19.591256246888634,0
MJM0510,2010-03-25,0,0,-19.645557458286476,0
CSP0197,2010-06-14,0,0,-0.4163479778258079,0
EMW0105,2011-01-12,0,0,-26.837595703017087,0
NMS0280,2010-05-05,0,0,-17.919076190311102,0
MDM0625,2010-07-02,0,0,0.2377037996063791,0
RSM0277,2010-02-15,0,0,-6.05782369849544,0
BAK0964,2010-02-18,0,0,-0.7369174506420677,0
ENL0100,2010-10-13,0,0,-18.406224007388687,0
SOB0586,2011-03-02,0,0,-0.4596809819545342,0
IEB0153,2011-01-01,0,0,-2.0987863269155014,0
BXJ0010,2011-03-28,0,0,-19.409110816853172,0
BBS0422,2010-12-16,0,0,-14.664729666670837,0
JNJ0556,2010-08-11,0,0,-23.077257980922013,0
CLH0703,2010-06-21,0,0,-0.22543925009529175,0
AMD0077,2011-04-21,0,0,-14.638547210852607,0
WSR0241,2010-06-16,0,0,-28.387978147964986,0
JKM0303,2010-08-25,0,0,-0.029480686207648432,0
KCO0122,2010-04-01,0,0,-11.039232450474287,0
NJC0705,2010-11-03,0,0,-0.7369174506420677,0
JJH0292,2010-04-29,0,0,6.760363067025423,1
CTA0020,2010-10-11,0,0,-16.03463282935695,0
OKC0107,2010-11-09,0,0,-11.756038954327892,0
UIR0043,2011-03-01,0,0,-21.349334362323475,0
RGH0728,2010-04-23,0,0,-7.0355810690762155,0
KCO0122,2010-04-19,0,0,-9.594031765126829,0
MTB0620,2011-04-07,0,0,-4.406946219268434,0
PMC0328,2010-12-29,0,0,-10.418016834248533,0
AMR0318,2011-02-28,0,0,-6.601074790208486,0
SDO0170,2011-04-05,0,0,-4.775202260043102,0
RTO0313,2010-11-12,0,0,-3.713533439896082,0
ZMC0284,2010-10-12,0,0,-19.20305924429863,0
JFC0557,2011-01-18,0,0,3.4885601139598066,0
HGH0595,2010-11-09,0,0,-0.4596809819545342,0
DBG0261,2011-04-25,0,0,-18.314411755622814,0
SMY0792,2010-09-01,0,0,-2.5327107835117886,0
YIC0195,2010-03-05,0,0,-0.05882822653711628,0
EPW0434,2010-11-22,0,0,-9.927582315276709,0
BCM0653,2011-03-23,0,0,-21.386323072639243,0
GZC0735,2010-06-11,0,0,-3.4447795757872655,0
IBB0696,2011-02-21,0,0,-3.2008040800665185,0
TLM0797,2010-07-22,0,0,-1.4639228461936682,0
KJA0152,2010-02-08,0,0,-27.127493746345408,0
JSH0330,2010-02-04,0,0,-21.198306969353553,0
VAA0087,2010-01-20,0,0,-18.39938871390234,0
HCW0419,2010-04-07,0,0,-20.992920837077463,0
SDB0106,2010-03-25,0,0,-18.153733043999978,0
CIG0052,2010-12-30,0,0,-26.075177925695698,0
ATF0274,2011-03-10,0,0,-23.216875624081126,0
AJF0370,2010-02-12,0,0,-21.043084294258733,0
TDG0962,2011-03-25,0,0,-3.464152466102746,0
TSB0437,2011-03-07,0,0,-17.715157163831122,0
RHC0335,2011-04-14,0,0,-18.72011441883319,0
NCE0097,2010-10-12,0,0,-5.753374163834337,0
KWC0004,2010-08-26,0,0,-25.14749339962293,0
TYB0779,2011-01-05,0,0,-21.42631668050285,0
JPA0667,2010-06-09,0,0,-22.118447441368858,0
CFM0767,2010-08-05,0,0,-20.529315619257204,0
SOB0586,2010-03-16,0,0,-0.029480686207648432,0
ARA0252,2011-04-01,0,0,-18.0205040836845,0
CCW0031,2010-06-04,0,0,-24.213996312186964,0
CXC0336,2011-01-03,0,0,-15.723485630783216,0
LJJ0905,2010-12-30,0,0,-20.67189189794874,0
SMY0792,2011-04-14,0,0,-0.9090585805535056,0
ATF0274,2010-05-17,0,0,-22.423850577607368,0
JCR0770,2011-03-21,0,0,-19.591256246888634,0
DGF0443,2010-04-14,0,0,-18.167278061267893,0
AKW0167,2010-01-13,0,0,-27.260882659106073,0
PTH0552,2011-05-11,0,0,-5.208938415598368,0
CHM0821,2011-02-17,0,0,-2.8360660935867372,0
LHB0967,2010-10-13,0,0,-0.7064905313396821,0
CKP0721,2010-10-08,0,0,-1.0831116803301484,0
NKH0807,2010-07-08,0,0,-27.710886391266513,0
LRW0970,2011-02-16,0,0,3.3192509359057567,0
CAA0612,2010-04-08,0,0,-7.515456622731449,0
OCB0805,2010-01-11,0,0,-4.245950157350421,0
IIA0092,2010-12-14,0,0,-11.236504799828708,0
WDV0573,2010-03-08,0,0,-2.0711351343322804,0
AKK0329,2010-09-09,0,0,-17.417185398890297,0
HRB0351,2010-01-13,0,0,-16.18689717344057,0
HAC0282,2010-10-06,0,0,-16.885910474567368,0
CSP0197,2010-04-14,0,0,-0.05882822653711628,0
COF0120,2010-10-19,0,0,-27.220701576451575,0
ATE0869,2010-01-31,0,0,-2.320736855490395,0
SAC0592,2011-02-08,0,0,-1.9297300539783464,0
UIR0043,2010-06-03,0,0,-21.663744061618104,0
HXL0968,2010-07-12,0,1,-4.008333052353464,0
GTD0116,2010-09-27,0,0,-27.07660449718321,0
CNE0352,2011-05-10,0,0,-16.131752907717896,0
RKF0164,2010-11-15,0,0,-21.191275905111866,0
FUM0015,2011-03-08,0,0,-18.696900038605122,0
FTM0406,2010-05-17,0,1,-7.494552044556144,0
NHH0185,2011-01-18,0,0,-19.107335411173835,0
KNB0022,2010-07-14,0,0,-20.440586738786124,0
SMH0291,2010-08-28,0,0,-4.76392135396452,0
AMJ0297,2010-03-17,0,0,-0.029480686207648432,0
PIS0522,2010-11-30,0,0,-19.900377560808693,0
RCC0617,2010-06-25,0,0,-4.7760288949484675,0
KVT0028,2010-05-25,0,0,-5.869444134521586,0
KNW0644,2011-04-21,0,0,-16.131149615866548,0
AMH0464,2011-04-19,0,0,-0.029480686207648432,0
DVM0265,2010-05-07,0,0,-2.970916237485426,0
HCC0344,2010-12-29,0,0,-19.06855192559601,0
BAL0044,2010-08-05,0,0,-19.614293156789586,0
AIB0948,2010-10-11,0,0,-4.654570756028647,0
RAG0275,2011-03-04,0,0,-18.856056998017607,0
HBB0056,2011-05-06,0,0,-20.484722241749523,0
LRW0970,2011-02-07,0,0,-2.0903255814213253,0
JIM0095,2010-10-26,0,0,-27.710810844486787,0
EMS0317,2010-09-22,0,0,-4.216473669823131,0
SCB0534,2010-10-08,0,0,-20.88987158352893,0
MLM0950,2010-04-09,0,0,1.9448495440548186,0
KDT0346,2010-07-30,0,0,-20.999802069700877,0
PEV0323,2010-02-04,0,0,-5.622615724601019,0
SDF0017,2011-03-03,0,0,-20.605919798715718,0
KCB0815,2010-08-17,0,0,-7.706703945896265,0
AKF0709,2010-12-08,0,0,-1.419977410782053,0
MLM0950,2010-01-09,0,0,-4.405157073020746,0
GQP0743,2010-06-15,0,0,-7.141621737288574,0
DAL0673,2010-10-06,0,0,-8.835605200558348,0
NSC0597,2010-06-15,0,0,-0.029480686207648432,0
LNR0656,2010-06-30,0,0,-19.45791716370252,0
HIA0414,2011-03-14,0,0,-10.00807438175491,0
CEJ0109,2010-10-06,0,1,-8.812889783258925,0
IIW0249,2010-02-10,0,0,-15.435520478203557,0
MJB0588,2010-06-04,0,0,-1.2018865578410214,0
QRM0739,2010-08-12,0,0,-1.4486392616754529,0
LNS0989,2010-03-16,0,0,3.0568046861875473,0
ICH0294,2010-05-19,0,0,-2.7534907848571493,0
VMJ0546,2010-04-13,0,0,-10.618156422976313,0
MSO0222,2010-01-26,0,1,-21.302253886695098,0
TVS0006,2011-02-25,0,0,-26.80109745294817,0
NBH0256,2011-02-04,0,0,-19.937061280187322,0
JXH0493,2010-11-22,0,0,-6.67547243481215,0
CKH0144,2010-03-11,0,0,-23.739999157128636,0
TJD0996,2010-12-10,0,0,-19.454463135434253,0
IIW0249,2010-07-18,0,0,-15.681483318314918,0
JMC0925,2010-11-09,0,0,-7.392963484067764,0
JCV0245,2011-04-29,0,0,-13.772673198117332,0
DBS0235,2011-02-02,0,0,-20.732602505990258,0
SCB0534,2010-02-05,0,0,-19.88698136452581,0
JSA0775,2010-05-10,0,0,-20.84491030468166,0
FHO0630,2010-06-07,0,0,-6.299762609892696,0
CCH0685,2010-12-29,0,0,-25.60148272637457,0
RAB0589,2010-06-17,0,1,-2.0829632363322617,0
MVF0594,2010-07-09,0,0,-2.2832896928276796,0
IAT0263,2010-07-26,0,0,-9.592555869461535,0
BCB0679,2010-09-16,0,0,-1.5923749242034546,0
GLR0975,2010-11-10,0,0,-21.13143526789395,0
MCF0327,2010-05-11,0,0,-4.165602555111718,0
MIC0726,2010-07-14,0,0,-6.083521940683227,0
LDB0090,2010-04-23,0,0,-28.42834303064126,0
TDJ0998,2010-01-19,0,0,-17.226872088873506,0
AKF0709,2010-04-29,0,0,-2.822060863980596,0
JPW0741,2011-05-10,0,0,-6.032779026022922,0
RNP0211,2010-03-05,0,0,2.997662683581666,0
EMW0772,2010-08-03,0,0,-20.334431870885965,0
DIW0118,2010-10-25,0,0,-23.67751217291095,0
MAD0753,2010-10-20,0,0,-2.267377415525516,0
VTT0385,2011-04-19,0,0,-23.03983245166569,0
AMV0036,2011-04-26,0,0,3.382205017973547,0
TPH0474,2010-01-21,0,0,-0.029480686207648432,0
HTF0641,2010-12-17,0,0,-21.706678706437515,0
NGO0690,2010-11-18,0,0,-11.774482117397724,0
VAA0087,2010-03-04,0,0,-19.10609284064344,0
CAS0507,2010-08-23,0,0,-19.105341437944617,0
YDN0198,2011-02-21,0,0,-25.53921235721316,0
AOB0019,2010-04-22,0,0,-20.027770886511462,0
CEL0561,2010-10-21,0,0,-29.054728159427214,0
JCV0245,2010-07-07,0,0,-16.002000671718974,0
AJR0319,2010-08-11,0,0,-4.941058383515383,0
XHG0902,2011-01-26,0,0,-20.160601202722432,0
EMS0317,2011-04-15,0,0,-3.353673673502726,0
DTP0379,2010-12-06,0,0,-10.963525193011606,0
PAD0773,2010-03-15,0,0,-20.941601945116076,0
KES0729,2011-01-28,0,0,-6.4835478270975955,0
DLS0383,2010-01-15,0,0,-21.242801982958554,0
JFC0757,2011-01-19,0,0,-19.0770835136899,0
POB0343,2011-04-18,0,0,-19.811767604280817,0
FRR0832,2011-01-28,0,0,-0.7261734935627828,0
KPR0497,2010-09-27,0,0,-7.771668911427696,0
IRM0931,2010-12-17,0,0,-21.789559598906408,0
CJV0286,2010-11-02,0,0,-21.97060233034688,0
MNC0717,2010-02-17,0,0,-3.342074144016692,0
KBC0054,2011-01-21,0,0,-23.581884574757964,0
AIS0405,2011-05-16,0,0,-11.149248784969586,0
KVT0028,2011-04-21,0,0,-7.15657487448766,0
PSF0133,2010-06-01,0,1,-2.8410871187783187,0
ABC0174,2010-09-28,0,1,-5.685104241621957,0
MJB0588,2011-01-17,0,0,-3.451653225405721,0
RKF0164,2011-04-13,0,0,-20.706648699943116,0
JIM0095,2010-02-26,0,0,-28.576046156567372,0
CCR0863,2011-01-12,0,0,-3.0351819899742623,0
CUD0795,2010-08-30,0,0,-11.579914371347854,0
BER0314,2011-02-09,0,0,-4.02766641743051,0
WTF0387,2010-06-11,0,0,1.991206084262899,0
WVB0539,2011-04-07,0,0,-22.890622329843495,0
FSC0601,2010-08-06,0,1,-5.985477053602381,0
IKP0472,2010-08-20,0,0,-3.485643601627089,0
DIC0988,2010-07-21,0,0,5.904138332337993,0
MSS0001,2011-04-13,0,0,-15.45742167320634,0
FMG0527,2010-04-05,0,1,-22.405398223773545,0
HXL0968,2010-04-09,0,1,-2.7504496796259446,0
IAT0263,2010-08-27,0,0,-2.0117698979225906,0
RMS0266,2010-10-21,0,0,-10.20204942838484,0
HKI0171,2010-01-27,0,0,-3.69025569340306,0
SJC0333,2010-07-20,0,0,-18.314980912605506,0
RCC0617,2011-02-01,0,0,-5.959082118695505,0
KAL0395,2011-02-10,0,0,-26.084747097718946,0
CAN0842,2010-03-12,0,0,-0.7261734935627828,0
BMM0112,2010-04-01,0,0,-20.68771950179371,0
ARL0034,2010-01-04,0,0,5.909297747429719,0
AMM0014,2010-12-01,0,0,-17.872013932556797,0
AMJ0297,2011-01-25,0,0,-0.029480686207648432,0
IMG0320,2010-06-11,0,0,-3.1726692905311893,0
DDM0579,2010-05-12,0,0,-0.4596809819545342,0
AGB0186,2010-11-03,0,0,-20.52563808616219,0
GCS0518,2010-06-24,0,0,-20.412769216833453,0
ATE0869,2010-03-29,0,0,-7.991162771252107,0
DIC0988,2010-07-22,0,0,-0.9209646622136916,0
ORG0339,2011-02-09,0,0,-19.625491027840667,0
DFR0218,2011-02-09,0,0,-21.828460718759857,0
NAF0033,2011-02-14,0,0,3.3967930310795964,0
NNA0610,2011-03-03,0,0,-5.540692634889524,0
LIM0674,2010-03-08,0,0,-12.377260602196088,0
BSS0463,2010-06-10,0,0,-0.3858800300046141,0
KJA0152,2010-12-02,0,0,-25.731522375706504,0
BJM0111,2010-03-01,0,0,-23.47107974691039,0
DCC0160,2010-01-29,0,0,-20.115414198280405,0
TDG0962,2010-07-29,0,0,-1.2591644484622293,0
AES0827,2010-10-15,0,0,-1.760974043643614,0
BXJ0010,2010-05-04,0,0,-19.753332719676564,0
HJB0742,2010-05-05,0,1,-7.164558417089893,0
OBH0499,2010-01-05,0,0,1.055916446742799,0
WSR0241,2010-02-08,0,0,-27.294019965386042,0
BBH0810,2011-02-18,0,0,-28.91935199294346,0
LJT0817,2010-09-10,0,0,-20.420628708119125,0
RDM0150,2010-02-02,0,0,-0.8789656704597064,0
AMH0794,2010-10-20,0,0,-10.22543246139901,0
ABH0663,2010-08-12,0,0,-2.3658271393513814,0
UJC0737,2011-02-02,0,0,-4.665959597360484,0
ORG0339,2010-03-19,0,0,-18.48721488163278,0
ICS0956,2010-04-26,0,0,-0.7064905313396821,0
LLV0602,2011-02-18,0,0,-6.84046828857106,0
CBG0490,2010-06-07,0,0,-4.209374743986018,0
SGB0140,2011-04-18,0,0,-1.3361854307088379,0
RJM0381,2011-02-02,0,0,-21.442076220393687,0
ESJ0670,2010-10-22,0,0,-20.941049904478064,0
EBC0390,2010-06-22,0,0,-23.615463379350444,0
TVS0050,2010-10-05,0,0,-18.55868374284512,0
RNP0211,2011-01-25,0,0,-2.8648617275785,0
DSM0591,2011-01-26,0,0,-0.029480686207648432,0
HRB0351,2010-07-20,0,0,-9.964932878853688,0
MIL0255,2010-04-06,0,0,-19.532512169516394,0
HDJ0446,2010-04-22,0,0,-1.3883418056542496,0
IEB0153,2010-10-13,0,0,-1.9310339853898313,0
KWE0082,2010-12-16,0,0,-14.46232883835421,0
DBW0483,2010-02-17,0,0,-6.315552351085216,0
ZKS0899,2010-07-13,0,0,-22.066604207809974,0
SJC0333,2010-06-08,0,0,-18.462987899404652,0
BCR0581,2010-07-28,0,0,6.467536869065157,0
KJG0910,2010-09-10,0,0,-19.658678412970062,0
PTH0830,2010-12-03,0,0,-2.3067309677462617,0
CCW0524,2010-02-24,0,0,-22.405398223773545,0
DRR0162,2010-03-12,0,1,-26.39859491867321,0
NMS0280,2010-04-12,0,0,-21.24431894503698,0
TSM0927,2011-01-28,0,0,-22.900145542089945,0
KAT0270,2010-12-21,0,0,-19.409677399262137,0
KKW0879,2010-12-21,0,0,0.2053227052144848,0
DGF0443,2010-10-15,0,0,-17.06309933025932,0
KSH0569,2011-01-25,0,0,0.07346795339640266,0
PGO0433,2010-03-15,0,0,-13.89065085492905,0
NHH0185,2010-12-28,0,0,-18.710923720489063,0
NDM0417,2011-04-04,0,0,-25.556184052048252,0
NSC0597,2010-04-27,0,0,-0.029480686207648432,0
MBG0438,2010-07-07,0,0,-13.075709859876042,0
LDM0587,2011-04-15,0,0,-5.1885208396040525,0
TIW0299,2010-02-19,0,0,-1.2191903865591485,0
SBQ0786,2010-05-12,0,0,14.572544413475157,1
ABC0253,2010-08-12,0,0,-19.736242122466365,0
BAH0875,2010-10-27,0,0,-5.5116520432918605,0
WVB0539,2010-04-09,0,0,-26.540188353692884,0
HDS0367,2011-03-15,0,0,-17.819169563679452,0
KPP0452,2011-03-29,0,0,-2.2832896928276796,0
PTH0830,2010-10-28,0,0,-0.7064905313396821,0
BSB0990,2011-03-28,0,0,-9.132304725621793,0
DBB0384,2010-05-06,0,0,-23.765071143045134,0
DTP0379,2010-05-06,0,0,-9.559063617128913,0
EGK0893,2010-05-10,0,0,-20.75158947995044,0
WDV0573,2010-01-21,0,0,-2.0711351343322804,0
BEC0505,2010-08-02,0,0,-6.5313456229547455,0
DMG0358,2011-04-08,0,0,-21.90495369519897,0
LMF0980,2010-11-04,0,0,-21.109415640714474,0
CNM0800,2011-01-04,0,0,-23.52647417723074,0
HXL0968,2010-03-26,0,1,-3.500604193271215,0
SNC0187,2010-05-20,0,0,-20.227163149196144,0
CSJ0340,2010-05-26,0,0,-18.555624053314205,0
JZD0888,2010-02-18,0,0,-19.830551687494108,0
QPM0727,2011-05-13,0,0,-4.606186545911783,0
KPP0452,2011-01-04,0,0,-0.029480686207648432,0
JML0909,2010-04-15,0,0,-21.59920319287994,0
AKW0167,2011-03-30,0,0,-26.612809835006942,0
KRL0062,2011-03-25,0,0,-27.348820264102642,0
LOF0311,2010-12-01,0,0,-3.722915859037471,0
NKH0979,2011-03-14,0,0,-21.128165535579456,0
CAB0614,2010-10-27,0,0,-6.255271443157767,0
KRG0158,2010-10-04,0,0,-27.19062353784227,0
ESR0693,2010-07-06,0,0,-25.397200804389172,0
SXM0895,2010-09-09,0,0,-21.228307059185113,0
NCE0097,2010-09-09,0,0,-8.964544179702784,0
ZDW0859,2010-08-31,0,0,-4.458338099170419,0
OMM0944,2010-08-27,0,0,-1.0498541092994174,0
LNS0989,2010-06-17,0,0,2.1681935619933483,0
LDB0090,2010-07-20,0,0,-27.606796716425947,0
JIM0095,2010-11-05,0,0,-26.14842710248149,0
GJT0386,2011-03-07,0,0,-1.3002975361033577,0
JCR0770,2010-12-29,0,0,-19.591256246888634,0
GLR0975,2011-04-06,0,0,-18.986377545606047,0
IUY0279,2011-04-21,0,0,-11.165027567953189,0
NAF0033,2011-01-03,0,0,4.604789222009458,0
BSH0445,2011-02-23,0,0,-9.83893184896749,0
OMS0101,2010-05-17,0,0,-26.022305567212697,0
ZDW0859,2010-12-21,0,0,-3.893322513271528,0
SAT0194,2010-08-30,0,0,-1.1543140698096295,0
VMJ0147,2010-05-20,0,0,-27.385264306877616,0
GQF0659,2010-07-14,0,0,-21.476863983655107,0
GBM0603,2010-05-03,0,0,-5.8347327463555985,0
HDH0928,2010-05-26,0,0,1.3911234917296724,0
HCW0419,2010-02-10,0,0,-22.067907669243368,0
JNA0559,2010-08-30,0,0,-7.246194049245901,0
HWW0436,2010-11-29,0,0,-12.001478630617953,0
SNC0187,2010-08-25,0,0,-20.208445862604094,0
NHE0919,2010-05-06,0,0,-22.739458303692686,0
RCC0617,2010-11-02,0,0,-5.461168214919894,0
BAJ0654,2010-07-14,0,0,-18.310918872798766,0
KRG0158,2010-10-08,0,0,-27.810750757294954,0
BLB0114,2010-02-08,0,0,-15.74928938002597,0
KMB0922,2010-01-22,0,0,-11.899596136543892,0
BJW0619,2010-10-21,0,0,-8.813665388736922,0
HAH0248,2010-12-27,0,0,-15.012181667929553,0
SJO0209,2010-05-25,0,0,3.1324383040065413,0
MDM0976,2010-05-24,0,0,-21.389702499263194,0
JRF0835,2010-08-27,0,0,-0.7261734935627828,0
ASD0577,2010-05-19,0,0,-1.2191903865591485,0
WAS0254,2010-01-20,0,0,-19.071827666005788,0
NAB0801,2010-10-14,0,0,-1.4404596344237461,0
CKB0482,2011-01-20,0,0,-5.839799811511057,0
CGB0637,2010-02-15,0,0,-19.723148484872922,0
KJM0887,2010-05-17,0,0,-20.88987158352893,0
IIA0092,2010-12-09,0,0,-10.560695412209725,0
SDF0017,2011-03-22,0,0,-20.866798803425013,0
LNR0656,2010-12-20,0,0,-17.957447363629285,0
WDD0366,2010-10-05,0,1,-21.775667323434277,0
JFC0557,2010-05-14,0,0,-5.069608707687394,0
KDS0349,2011-03-31,0,0,17.23619790526061,1
NOB0181,2011-02-01,0,0,-17.536150754463392,0
IMG0320,2010-01-18,0,0,-3.9627302540943674,0
BMG0917,2010-03-08,0,0,-10.30918817564259,0
JHP0583,2010-10-01,0,0,-2.1213939321183943,0
YIC0195,2010-11-05,0,0,-0.661242433447228,0
SSG0250,2010-07-07,0,0,-13.813787667142606,0
BKW0374,2010-11-22,0,0,-21.596210959560835,0
TVS0050,2011-02-02,0,0,-21.41017339253449,0
JFC0557,2010-10-15,0,0,1.0149650011128415,0
ROB0272,2011-03-28,0,0,-12.892795539641952,0
AKH0758,2011-03-29,0,0,-21.335937955741997,0
LBF0214,2010-05-23,0,0,-0.30094099741813807,0
DMK0257,2010-11-17,0,0,-18.257567075014776,0
FXF0957,2010-02-03,0,0,-0.7261734935627828,0
DFH0188,2010-08-27,0,0,-18.105895613118378,0
BLB0114,2010-10-28,0,0,-18.743434892190635,0
BXJ0010,2011-01-12,0,0,-19.210396908998405,0
NMG0766,2011-03-03,0,0,-20.291306403365866,0
ZDW0859,2010-11-23,0,0,-6.951664679847681,0
HJB0742,2010-08-25,0,1,-10.974949438105568,0
GCS0571,2010-06-29,0,0,-0.692388082700063,0
KJW0416,2011-02-04,0,0,-4.453135421378079,0
RHL0992,2010-02-22,0,1,-5.761199102492924,0
BSH0445,2011-01-26,0,0,-11.947804966233548,0
MLD0755,2010-09-10,0,0,-6.0095591215321065,0
DMM0623,2010-04-14,0,0,-5.196878494444491,0
EWH0191,2010-05-17,0,0,-26.47634491435042,0
OLF0504,2010-11-18,0,0,-7.112881930756885,0
CSB0080,2011-03-01,0,0,-28.027052729371917,0
HGH0595,2011-04-04,0,0,-0.4596809819545342,0
DFR0218,2010-12-29,0,0,-20.53531301826797,0
WGR0833,2010-02-24,0,0,-3.0463533321355953,0
HDJ0446,2010-02-01,0,0,-0.029480686207648432,0
IUB0565,2010-06-25,0,1,-1.8911286788533062,0
MMG0943,2010-10-19,0,0,-7.472714427146002,0
ABC0253,2010-05-05,0,0,-18.074859352673457,0
MPM0220,2010-08-13,0,1,-15.954337359237798,0
NWK0215,2010-07-27,0,0,1.40614834098983,0
RNL0695,2010-10-07,0,0,-26.760142450932335,0
AAM0658,2010-11-15,0,1,-19.33027214200615,0
DRR0162,2010-10-19,0,1,-23.869478654333193,0
HJB0742,2010-12-03,0,1,-4.578036272454142,0
RLB0719,2011-02-23,0,0,-0.7064905313396821,0
MAW0166,2010-01-25,0,0,-24.336050524905886,0
EHB0824,2010-07-12,0,1,-0.7064905313396821,0
AMR0400,2010-02-10,0,0,-8.087280661034697,0
KJG0910,2010-09-29,0,0,-20.409071258400786,0
MLG0475,2011-04-04,0,0,6.760363067025423,1
JJH0292,2010-05-11,0,0,-1.23947277238085,0
BLL0929,2010-03-08,0,0,-25.688759948305005,0
POB0343,2010-06-04,0,0,-16.592988856719217,0
NKH0979,2011-03-08,0,0,-21.472271409011228,0
NWK0215,2010-06-02,0,0,-0.5641340786197588,0
HSP0290,2010-10-12,0,0,-0.4596809819545342,0
BSS0463,2011-01-18,0,0,-1.1703446480004231,0
JJB0127,2010-06-23,0,0,-10.845205983573237,0
KPP0452,2010-10-01,0,0,-0.7064905313396821,0
CAN0842,2010-12-15,0,0,-2.822060863980596,0
RZC0746,2010-02-10,0,0,-8.30743266170532,0
ASV0946,2010-05-18,0,0,-1.2591644484622293,0
YJF0532,2011-03-24,0,0,-18.439849444618062,0
TYB0779,2010-08-02,0,0,-21.14364623941958,0
APG0307,2011-01-19,0,0,-1.2018865578410214,0
CJC0494,2010-07-20,0,0,-7.215841185686713,0
XHG0902,2010-07-22,0,0,-21.708390651625564,0
KBG0549,2010-11-08,0,0,-21.428502722691064,0
DOL0332,2010-04-06,0,0,-18.61422932379253,0
DVM0265,2011-01-27,0,0,-1.4314246033617337,0
VTT0385,2010-08-16,0,0,-18.648703842454665,0
KNB0022,2010-05-28,0,0,-20.927788150621495,0
RDM0115,2010-02-01,0,0,-27.508417934130875,0
HKI0171,2010-05-27,0,0,-4.452025024531508,0
MDM0625,2010-11-16,0,0,-2.3232291764647925,0
SBK0161,2010-02-15,0,0,-18.962560034686703,0
DJB0159,2010-01-15,0,0,-22.631549280080662,0
LAM0911,2010-03-29,0,0,12.571329571117985,1
ELH0960,2010-07-12,0,0,-2.3067309677462617,0
CRK0916,2010-02-15,0,0,-9.208032555369755,0
IKR0401,2010-10-25,0,1,0.4542996613779451,0
CAB0388,2011-03-29,0,0,-22.563969409937158,0
AJP0723,2010-02-10,0,0,5.1538075130462175,0
RNL0695,2010-04-09,0,0,-26.635283937635222,0
FKB0163,2010-01-06,0,0,-20.587527609534618,0
LPC0492,2011-03-21,0,0,-4.216374306305852,0
PID0426,2010-04-26,0,0,-10.242460966738008,0
WXH0872,2011-02-07,0,0,-1.6467361169022752,0
GZC0735,2011-03-02,0,0,-0.7078508736896083,0
MBR0724,2010-03-04,0,0,-0.22543925009529175,0
IBB0696,2010-04-12,0,0,-3.1091363991496337,0
SSG0250,2011-01-18,0,0,-14.553983641798027,0
KSH0569,2010-10-27,0,0,-6.31684055211656,0
CWR0502,2010-09-17,0,0,-6.537229149475024,0
BHC0665,2010-02-04,0,0,-18.853956998033368,0
BBS0422,2010-11-18,0,0,-12.86100360034743,0
QOS0878,2010-02-18,0,0,-5.7744218425498275,0
VIA0063,2010-05-06,0,0,-26.192569670825037,0
JGM0934,2010-10-12,0,0,-6.780951441044635,0
CLS0296,2010-05-27,0,0,-0.029480686207648432,0
ADF0397,2010-02-19,0,0,-6.83481208463968,0
RAH0440,2010-03-16,0,0,-18.98945861617574,0
ACV0812,2010-03-30,0,0,-28.38937331218483,0
LOF0311,2010-12-16,0,0,-4.473800712265302,0
HSG0818,2011-03-01,0,0,-27.992945487840075,0
PTH0830,2010-08-20,0,0,-1.0498541092994174,0
VCC0396,2010-10-26,0,0,-7.962494126816864,0
IUY0279,2010-06-09,0,0,-12.986311108418818,0
MBG0438,2010-06-23,0,0,-8.759504926076715,0
LAF0991,2010-06-10,0,0,-11.793003771529811,0
GCR0554,2011-03-10,0,0,-12.11805528320781,0
ABH0663,2010-03-16,0,0,-0.7631575396127346,0
JRG0207,2010-12-17,0,1,36.62535617932815,1
MLP0668,2010-09-22,0,0,2.276193991435548,0
MBJ0312,2010-05-25,0,0,-4.705472175804516,0
FKB0163,2010-12-07,0,0,-21.461850913914873,0
TRK0914,2010-06-23,0,0,1.8705090445449741,0
HCC0344,2011-01-28,0,0,-17.071161779540603,0
NKH0807,2010-01-20,0,0,-28.236857307578134,0
SGB0140,2011-02-25,0,0,-1.23947277238085,0
LJJ0905,2011-02-11,0,0,-21.168268930895238,0
ARD0509,2010-01-08,0,0,-20.929514709916475,0
HSB0196,2011-01-05,0,0,3.05437605342172,0
IRT0491,2010-04-01,0,0,-8.843207056704841,0
DKB0631,2010-01-28,0,0,-19.309619787597853,0
JML0909,2010-11-02,0,0,-21.32394317670355,0
RRP0568,2010-06-09,0,0,-27.35790860844122,0
CJV0286,2011-04-20,0,0,-21.308679646671635,0
WGR0833,2010-08-19,0,0,-0.9964347838972571,0
CAB0614,2011-03-23,0,0,-8.791755266233963,0
ZMC0284,2010-06-21,0,0,-16.21188917785389,0
HAH0248,2011-02-28,0,0,-16.90412689697507,0
AJR0319,2010-11-18,0,0,-6.200727614823336,0
TAC0300,2010-11-30,0,0,-0.4596809819545342,0
JFC0557,2011-03-02,0,0,-1.6817435372065574,0
NAB0903,2011-03-30,0,0,-16.985612150758584,0
DLH0029,2010-05-05,0,0,1.3935722325469442,0
USH0199,2010-01-29,0,0,-19.054116649654134,0
KBL0260,2010-08-04,0,0,-20.365857444477115,0
KTG0091,2011-04-25,0,0,-12.026497465400325,0
TET0621,2010-10-29,0,0,-4.59209456331655,0
BER0314,2010-06-16,0,0,-4.638871349845431,0
SJC0333,2010-12-02,0,0,-20.39231860795121,0
NCO0666,2010-12-08,0,0,-22.75981468638679,0
BTL0722,2011-04-29,0,0,-0.7369174506420677,0
DEB0782,2010-07-21,0,0,-19.88698136452581,0
IJM0139,2010-08-20,0,0,-2.2832896928276796,0
DPM0423,2011-04-06,0,0,-15.761852386251121,0
LDG0459,2010-11-23,0,0,-2.624172223298615,0
SBQ0786,2010-07-14,0,0,13.631015363568167,1
NHH0185,2011-03-03,0,0,-19.89910781228855,0
BJM0111,2010-11-12,0,0,-23.180265122961487,0
CSJ0340,2010-03-23,0,0,-18.709182464435912,0
KMS0657,2011-03-07,0,0,-18.771839278389166,0
ASD0577,2010-05-21,0,0,-1.2191903865591485,0
HBO0413,2010-11-04,0,1,-3.962856467477991,0
ASS0517,2010-04-09,0,0,-19.961473945176294,0
KBP0008,2010-03-24,0,0,-23.529655013090064,0
NAH0503,2010-02-25,0,0,-7.528209957803028,0
HGH0595,2010-11-10,0,0,-1.2191903865591485,0
QSV0778,2010-06-28,0,0,-22.405398223773545,0
JCG0316,2010-10-28,0,0,2.7678277338434327,0
ORB0473,2011-02-07,0,0,-2.5114861009300284,0
IIL0513,2010-12-29,0,0,-20.064048070327317,0
PAD0773,2010-03-03,0,0,-20.301738954699545,0
CKP0721,2010-01-12,0,0,-0.7369174506420677,0
CTR0341,2010-10-25,0,0,-20.414202125985298,0
PMJ0564,2011-03-18,0,0,-28.015251902511068,0
VAA0087,2011-02-16,0,0,-19.696384382887913,0
CSB0080,2010-03-08,0,0,-27.90215249335506,0
UFK0208,2010-09-21,0,0,2.02961170668209,0
SBQ0786,2011-02-18,0,0,14.514354108569592,1
MHG0244,2010-08-06,0,0,-14.478879474484643,0
PDW0259,2010-03-04,0,0,-18.618924871167337,0
BER0314,2010-02-19,0,0,-4.9136163316203465,0
KAC0124,2011-04-28,0,0,-19.632969493327778,0
EJW0884,2010-04-07,0,0,-19.591256246888634,0
HWM0342,2010-12-02,0,0,-19.576467132216635,0
DBB0384,2011-05-10,0,0,-19.226840954753015,0
JAJ0849,2010-01-19,0,0,-0.7369174506420677,0
DJS0682,2010-04-20,0,0,-7.532680453955891,0
EJW0884,2010-12-06,0,0,-21.232575671854647,0
SGM0021,2011-01-03,0,0,-23.10696018282954,0
BAL0044,2010-09-14,0,0,-14.939096335998897,0
RDM0115,2010-10-18,0,0,-26.67510084023229,0
HDS0367,2011-03-21,0,0,-18.29369376445493,0
HCL0651,2010-06-29,0,0,-20.821216923510406,0
AAF0791,2010-06-17,0,0,-10.499751617800825,0
MLP0668,2010-08-12,0,0,0.03453411762450287,0
TLM0797,2010-05-14,0,0,-0.761447583695599,0
MCT0720,2011-04-25,0,0,-0.22543925009529175,0
CNE0352,2011-03-29,0,0,-14.69718091976165,0
CMS0454,2011-05-16,0,0,-3.6442671602233077,0
JCR0289,2011-02-03,0,0,-0.4596809819545342,0
IIL0513,2010-11-22,0,0,-21.056732970541248,0
CKD0680,2011-01-24,0,0,-22.15153062974025,0
BHC0665,2010-11-24,0,0,-17.758748655046134,0
MPT0376,2010-06-03,0,0,-3.1854227434712357,0
SBN0971,2011-04-10,0,0,-4.084028044087745,0
IMP0530,2010-11-22,0,0,-22.405398223773545,0
DCC0160,2011-03-29,0,0,-19.611528724422783,0
HDS0367,2011-03-18,0,0,-15.901420391683814,0
IHK0841,2011-04-15,0,0,5.1538075130462175,0
FPC0954,2010-07-21,0,0,-0.7064905313396821,0
CGF0337,2011-01-04,0,0,-20.180356869754064,0
LBF0214,2010-02-13,0,0,-1.4467143953237382,0
WDO0870,2010-10-12,0,0,-4.892594021017089,0
KTG0091,2010-11-22,0,0,-8.473324470283728,0
RAS0432,2011-01-28,0,0,-9.968373515141707,0
CQH0730,2011-01-14,0,0,-6.548938886096835,0
PGO0433,2010-11-10,0,0,-12.474220464562109,0
GQP0743,2010-01-11,0,0,-6.368337464547608,0
RGH0728,2010-09-28,0,0,-3.823040279883344,0
DBS0235,2010-06-15,0,0,-22.458923741079843,0
JOM0750,2010-05-03,0,0,-6.160200313437372,0
RGG0064,2010-02-03,0,1,-9.069782487000111,0
AAN0823,2011-04-06,0,0,-2.0027942276994963,0
DJB0159,2010-01-25,0,0,-20.85188296286742,0
OMS0101,2010-04-14,0,0,-26.48333862060406,0
HLH0512,2010-02-09,0,0,-21.68843689264645,0
MNS0224,2011-03-25,0,0,-21.64397884618006,0
NAH0503,2011-01-14,0,0,-6.936014614874239,0
CCH0182,2010-04-16,0,0,-21.923345095148534,0
ABM0845,2010-02-10,0,0,-3.6293967577033754,0
HCM0267,2010-09-02,0,0,2.3379499116724674,0
GBM0603,2010-05-27,0,0,-8.215805850592233,0
WRM0963,2010-05-24,0,0,-2.22460976006937,0
SSS0345,2011-03-17,0,0,-18.68981131983014,0
CUD0795,2010-07-14,0,0,-2.487408495809632,0
AJC0840,2010-07-12,0,0,-4.64161472324372,0
NCO0666,2011-01-21,0,0,-23.111827474243796,0
AJD0074,2011-03-31,0,0,-28.867290818005927,0
PEV0323,2010-02-19,0,0,-7.723731522083085,0
CYA0506,2010-01-05,0,0,-22.405398223773545,0
OBH0499,2010-06-06,0,0,-4.807590580750116,0
ALB0892,2010-04-29,0,0,-22.300056690424185,0
HRL0540,2011-01-04,0,0,-14.313161724672113,0
CAN0842,2011-02-22,0,0,-0.7064905313396821,0
CSL0949,2010-04-09,0,0,-0.9603885267399619,0
RHP0484,2010-07-29,0,0,-8.739377576623724,0
DFR0218,2010-08-16,0,0,-21.07176889469713,0
PNH0761,2010-08-17,0,0,-22.15799477195071,0
CBG0398,2010-05-14,0,0,-11.252126990326929,0
TET0621,2010-12-20,0,0,-3.5253198624142215,0
BJM0111,2010-10-13,0,0,-21.06197992574073,0
AKC0924,2011-04-15,0,0,-21.920736393514062,0
AMM0014,2010-06-18,0,0,-17.761014812432563,0
RNP0211,2010-01-28,0,0,3.998166593214364,0
HSD0457,2010-10-14,0,0,-0.3858800300046141,0
XAA0104,2010-02-15,0,0,-17.683041729337788,0
SDF0017,2011-04-07,0,0,-21.16962694211702,0
CSL0949,2010-10-15,0,0,-2.7105248847627763,0
NRD0548,2011-01-21,0,0,-3.951685886775749,0
AJD0074,2010-09-29,0,0,-26.65798296014077,0
CFM0767,2011-02-01,0,0,-20.75248563939499,0
AJH0175,2010-05-07,0,0,-1.3582190940499004,0
AMD0077,2010-08-09,0,0,-15.001278748998288,0
AKR0057,2010-05-25,0,1,-24.32116594367244,0
DCH0843,2010-04-29,0,1,-3.988861446707915,0
PGO0433,2010-08-10,0,0,-12.541179031846468,0
NKP0236,2011-04-04,0,0,-29.20369325881836,0
LDB0090,2010-11-04,0,0,-27.59723378316596,0
MAD0753,2011-05-11,0,0,-7.19735456761839,0
CKD0680,2010-06-30,0,0,-22.015003498975375,0
AHC0142,2010-04-22,0,0,-25.636909223746216,0
CGB0637,2010-12-22,0,0,-17.93257354027037,0
NWT0098,2010-05-27,0,1,-18.41240563421934,0
JGM0934,2010-02-08,0,0,-3.1203066470396834,0
TJB0302,2010-10-27,0,0,-0.029480686207648432,0
ERH0449,2011-05-12,0,0,-1.2191903865591485,0
DMK0257,2011-01-17,0,0,-13.249948262747921,0
LDB0090,2011-04-15,0,0,-25.997926255965126,0
ONW0083,2010-06-11,0,0,-18.009849905990677,0
RDM0115,2010-10-15,0,0,-27.520850737592127,0
JFC0757,2011-02-24,0,0,-18.428991344851966,0
ILJ0526,2010-12-09,0,0,-20.46415956043859,0
ESJ0670,2010-12-04,0,0,-21.22341230308359,0
DJS0682,2010-05-20,0,0,-11.88222026748565,0
FXF0957,2011-01-28,0,0,-1.4904878636043577,0
KCF0045,2010-08-20,0,0,-20.983590575523976,0
MAW0166,2010-10-26,0,0,-26.366242281519817,0
JCC0225,2010-03-02,0,0,-21.706834901497245,0
AMH0464,2010-08-05,0,0,-2.2832896928276796,0
HRD0635,2010-02-16,0,0,-21.528813653944326,0
EIM0156,2011-04-11,0,0,-20.985135725896157,0
MHG0244,2011-03-25,0,0,-20.198649552825373,0
HVB0037,2011-02-02,0,0,5.353993954389011,0
JIG0128,2010-10-08,0,0,-18.759852130543663,0
ILH0958,2010-11-22,0,0,-4.675051097237201,0
RHP0484,2010-12-22,0,0,-9.646049834613336,0
TSB0437,2010-07-01,0,0,-19.631281735212497,0
EPW0434,2011-03-17,0,0,-14.523090313979424,0
LQP0508,2010-08-10,0,0,-20.154943938043402,0
HFB0347,2010-11-12,0,0,-19.263233144839887,0
ADF0397,2010-07-19,0,0,-7.330295031721448,0
BLS0678,2010-05-11,0,1,6.150224370629758,0
WGS0516,2010-07-09,0,0,-19.830551687494108,0
JXH0493,2010-02-03,0,0,-5.678231834704889,0
KBP0008,2011-01-10,0,0,-22.423670572071273,0
AAF0791,2011-02-04,0,0,-7.494079308350365,0
TSG0906,2011-03-11,0,0,-19.608459164523765,0
RDM0150,2011-02-21,0,0,-1.5446398876822514,0
QNP0216,2011-02-14,0,0,-21.18251353928406,0
FRR0832,2010-07-09,0,0,-0.7064905313396821,0
BBG0325,2011-02-10,0,0,-4.959496909083214,0
RFP0380,2011-03-01,0,0,0.7294751187589554,0
CQH0730,2011-05-13,0,0,-5.859808842920188,0
WSR0241,2010-09-28,0,0,-28.505181356942217,0
GAF0570,2010-08-09,0,0,-11.491107530558907,0
TJG0582,2011-01-19,0,0,-0.029480686207648432,0
MYD0978,2010-11-01,0,1,-19.33777646551789,0
DAG0558,2010-09-20,0,0,-29.10938960373835,0
PEV0323,2010-06-30,0,0,-6.667872637621485,0
BTS0011,2010-05-12,0,0,-19.5836058032379,0
SBQ0786,2010-03-10,0,0,12.483425976493095,1
MNC0717,2011-04-15,0,0,-2.8360660935867372,0
DMK0257,2010-02-25,0,0,-12.130705471330657,0
BBG0325,2010-10-11,0,0,-4.164226989874464,0
CJF0802,2011-04-14,0,0,-0.6912259348013094,0
PLH0862,2011-03-14,0,0,-4.3596439136799745,0
DRR0242,2011-02-21,0,0,-27.869055201177844,0
MDM0625,2010-08-05,0,0,-3.1596914318157587,0
TUC0632,2010-05-11,0,0,-21.856710998064614,0
ILH0958,2011-05-05,0,0,-2.8082035903270253,0
BJW0619,2011-03-31,0,0,-0.1084547701630072,0
SRH0155,2010-08-30,0,0,-27.940994843837416,0
MSH0040,2010-08-05,0,0,-20.96352554767998,0
HGN0287,2010-04-30,0,0,-16.840338192484182,0
JCR0172,2011-04-22,0,0,-4.800039892289533,0
ZJS0269,2010-09-22,0,0,-22.75393339116465,0
SGG0787,2011-02-01,0,0,-24.506753298495937,0
CLH0703,2010-07-27,0,0,-0.7369174506420677,0
SAC0687,2011-05-06,0,0,-26.606969435012047,0
MSS0001,2010-01-22,0,0,-14.935062529142101,0
EMS0317,2010-01-11,0,0,-2.885034663742431,0
XLB0710,2011-02-21,0,0,-0.7369174506420677,0
BJM0111,2011-04-22,0,0,-21.907741371893962,0
NHH0185,2010-03-01,0,0,-20.897507345343683,0
KVS0425,2010-08-06,0,0,-2.0874836682162368,0
RKD0604,2010-03-01,0,1,-4.423011069283348,0
JKF0465,2010-04-08,0,0,-2.5114861009300284,0
KES0729,2010-12-03,0,0,-4.062379021738479,0
AAF0791,2010-02-26,0,0,-10.687702362732011,0
CLF0852,2011-03-02,0,0,-7.244561959638645,0
KSH0569,2011-05-10,0,0,-8.377014489092971,0
JMC0925,2010-08-06,0,0,-7.950011530977122,0
SAA0999,2010-07-12,0,0,-15.819752232918745,0
NGC0058,2010-02-11,0,0,0.5569138761746899,0
JIG0128,2010-12-08,0,0,-19.569709701757574,0
SNS0129,2010-07-16,0,0,-27.38316556095981,0
JKJ0698,2010-08-07,0,0,-0.6654657203766874,0
MOP0763,2010-09-21,0,0,-22.405398223773545,0
OYM0026,2010-08-19,0,0,-5.950736824330875,0
LNS0989,2010-09-24,0,0,3.9800247664400104,0
AIB0948,2010-09-07,0,0,-2.9661090889862862,0
XAA0104,2010-06-25,0,0,-18.033586282356396,0
AKF0709,2011-03-11,0,0,-0.22543925009529175,0
JER0404,2010-06-08,0,0,-4.036844816943926,0
NOB0181,2011-01-18,0,0,-18.327798228774782,0
DDM0579,2010-05-26,0,0,-0.029480686207648432,0
MKS0204,2010-04-07,0,0,-3.9268479016593574,0
EHB0420,2010-05-20,0,0,-13.771917298735616,0
CMS0454,2011-01-10,0,0,-0.4596809819545342,0
CEJ0109,2010-02-11,0,1,-10.979932660514919,0
BCM0653,2010-06-30,0,0,-20.316652735130447,0
FBA0348,2010-10-08,0,1,-25.665173021410396,0
ATE0869,2010-09-12,0,0,-1.9606022966139562,0
NGO0690,2010-11-16,0,0,-8.77530176269181,0
PIS0522,2010-05-17,0,0,-21.0505857399354,0
TLM0797,2010-01-08,0,0,-1.04774121145374,0
CIM0926,2010-06-28,0,0,-25.23692318825124,0
LDG0459,2010-02-12,0,0,-1.23947277238085,0
SBH0537,2010-05-13,0,0,-25.175210212652246,0
KKC0683,2011-01-03,0,0,-7.701858199313278,0
MAS0025,2010-06-24,0,1,-17.505318479087464,0
KQC0708,2010-03-31,0,0,-0.7064905313396821,0
QPM0727,2010-05-11,0,0,-6.388405746285798,0
HAV0121,2011-04-25,0,0,-10.746381516237989,0
JMK0099,2010-12-07,0,0,-9.129465831612947,0
TIW0299,2010-04-07,0,0,-0.7224114404158399,0
LUR0896,2010-05-26,0,0,-19.716597280933115,0
NGC0058,2010-07-13,0,0,-0.5221208935186041,0
ILR0304,2010-04-12,0,0,-1.2018865578410214,0
RGN0408,2010-10-29,0,0,-9.410754244811756,0
RBB0485,2010-02-15,0,0,-6.400065355332117,0
CSB0080,2010-03-25,0,0,-26.861823669982982,0
CJK0200,2010-06-17,0,0,0.2741121150880872,0
MJS0890,2010-04-08,0,0,-21.857797544538244,0
DLF0377,2010-11-02,0,0,-1.9385050253089275,0
NAB0801,2010-08-27,0,0,-2.5897919497128896,0
LAM0911,2010-11-29,0,0,10.001305230441517,1
NKH0807,2010-06-16,0,0,-26.59992768507925,0
BBG0325,2010-03-10,0,0,-4.8476525674254844,0
ARB0881,2010-11-02,0,0,-22.405398223773545,0
FSC0601,2010-05-24,0,1,-2.896254242984355,0
JPA0667,2010-04-06,0,0,-21.62993651061936,0
EIS0041,2010-03-11,0,0,-13.941649233384169,0
BWH0813,2011-04-21,0,0,-25.704021776545687,0
CJG0470,2010-07-28,0,0,-0.029480686207648432,0
SAH0599,2010-05-18,0,0,-1.2191903865591485,0
GTD0116,2010-02-03,0,0,-26.09557265719741,0
DRR0242,2010-10-11,0,0,-28.93484533884589,0
SGG0787,2010-07-23,0,0,-24.990397339164588,0
AOK0844,2010-10-09,0,0,-2.647537457973044,0
MSG0839,2011-03-29,0,0,-0.9964347838972571,0
CLB0774,2010-03-20,0,0,-12.361486415397508,0
OLW0689,2010-04-05,0,0,-4.767983260573487,0
ILC0838,2010-02-15,0,0,-2.3067309677462617,0
ESA0642,2010-01-07,0,0,-19.791250938605117,0
AVM0947,2010-06-21,0,0,-6.5802842350034325,0
MIM0712,2010-09-08,0,0,-0.7064905313396821,0
CIM0271,2010-02-12,0,0,-18.84765467058071,0
AGB0643,2010-10-14,0,0,-20.24162330236345,0
SAT0194,2010-11-08,0,0,-1.6174773603098629,0
BJH0354,2010-12-22,0,0,-25.20814221448711,0
DDM0579,2010-01-04,0,0,-0.4596809819545342,0
BTS0011,2010-08-12,0,0,-19.61461926295499,0
IJM0139,2011-02-18,0,0,-0.7224114404158399,0
CGA0629,2011-02-11,0,0,-6.612240618682449,0
TSB0437,2010-03-23,0,0,-20.160601202722432,0
NHH0185,2010-03-09,0,0,-17.93803377856409,0
HGN0287,2010-09-13,0,0,-10.702028172478208,0
BDB0453,2010-02-10,0,0,-0.4596809819545342,0
WDV0573,2011-02-08,0,0,-3.85574959112148,0
FRB0023,2011-02-02,0,0,-21.13832847988499,0
DSM0591,2011-01-05,0,0,-2.1998743259766798,0
JMH0543,2010-02-24,0,0,-23.130104109593958,0
AJL0462,2010-08-10,0,0,-2.679825226279604,0
AQD0820,2010-04-08,0,0,-5.9045133003201045,0
KWE0082,2010-05-24,0,0,-12.410249863328545,0
CNM0800,2011-03-04,0,0,-22.412778297273803,0
KNB0022,2010-01-08,0,0,-21.25716399440978,0
CCM0136,2010-07-28,0,0,-2.859977556439503,0
CHG0146,2010-03-03,0,0,-25.899020495842137,0
SMH0291,2010-08-14,0,0,-1.740853558214667,0
EHB0420,2011-03-30,0,0,-18.29081305086038,0
SBN0495,2011-03-24,0,0,-8.086153983562667,0
AMW0392,2010-11-03,0,0,-27.317369786036807,0
AMD0077,2010-03-02,0,0,-15.233056483624864,0
AIB0948,2011-01-04,0,0,-6.040885445630352,0
MBR0724,2010-09-22,0,0,-1.5738480095105842,0
SDO0170,2010-08-30,0,0,-5.193813009149267,0
AKK0329,2011-03-30,0,0,-19.488821795240938,0
SBN0495,2011-04-15,0,0,-6.849220017665175,0
MLP0668,2010-04-28,0,0,-0.007929272750629934,0
MGS0974,2010-06-15,0,0,-20.275132461327303,0
EGD0409,2010-01-13,0,0,-19.479548314810813,0
JMB0308,2010-06-23,0,1,-5.090288167168524,0
LPC0492,2010-08-12,0,0,-6.2308092587219335,0
SBN0495,2010-06-04,0,0,-6.387025364657688,0
TCD0009,2011-02-21,0,0,-27.028365272166752,0
MSZ0310,2011-05-16,0,0,-3.8016059136588183,0
KBL0260,2010-05-05,0,0,-18.732121341825064,0
NGO0690,2011-04-29,0,0,0.2131054487798565,0
KAT0489,2011-04-13,0,0,-8.350232953466275,0
AGB0643,2011-02-02,0,0,-19.001334147598527,0
LQC0479,2010-08-19,0,1,-6.906833872920629,0
ECR0822,2011-02-11,0,0,-1.3883418056542496,0
GNZ0953,2010-08-12,0,0,-1.0498541092994174,0
MAD0496,2010-05-13,0,0,-6.44828016456006,0
JFC0757,2011-02-16,0,0,-21.30001129515665,0
XBN0229,2010-09-17,0,0,-21.60248827240673,0
CCW0031,2011-05-03,0,0,-25.140021633849983,0
NUL0471,2010-07-08,0,0,-1.765124657373235,0
XHG0902,2011-03-02,0,0,-19.37143917311994,0
CSJ0340,2010-01-28,0,0,-18.68981131983014,0
DPM0423,2010-08-27,0,0,-21.473657771303124,0
WPE0538,2010-10-28,0,0,0.35742007684825694,0
SAC0687,2010-03-01,0,0,-26.480756409452397,0
EMW0105,2010-11-18,0,0,-26.252003552742963,0
TAP0551,2010-02-09,0,1,-10.896579705712611,0
HPR0585,2011-05-12,0,0,-1.3361854307088379,0
HPR0585,2010-03-19,0,0,-2.7687114063107856,0
SDB0106,2010-10-28,0,0,-15.060500741558485,0
SLP0762,2010-09-14,0,0,-22.300056690424185,0
ARB0881,2011-04-21,0,0,-19.830551687494108,0
DKB0631,2010-11-30,0,0,-19.58243524641307,0
CBB0365,2010-02-16,0,0,-21.08786249388561,0
EDB0714,2010-09-03,0,1,-3.2553724606731294,0
DSB0731,2010-04-30,0,0,-6.371936751873022,0
JMC0925,2011-01-18,0,0,-10.404588781542088,0
IIA0092,2010-09-09,0,0,-6.994407710051064,0
DCH0843,2010-05-25,0,1,-0.22543925009529175,0
QNF0205,2011-03-11,0,0,-1.2246782923914452,0
GCC0744,2010-12-01,0,0,-6.1464892058021405,0
MSO0222,2010-04-05,0,1,-21.257444570682424,0
WSR0241,2010-10-01,0,0,-28.835479101615988,0
CCH0182,2011-04-25,0,0,-20.109469352763654,0
HRL0540,2010-10-14,0,0,-12.373802499400085,0
PDH0716,2010-06-10,0,0,-1.457313532185367,0
IIW0249,2010-07-09,0,0,-20.6277355639495,0
TSG0906,2010-04-29,0,0,-21.35730678416121,0
IIA0092,2010-03-22,0,0,-8.63280930393421,0
NMC0486,2010-09-08,0,0,-5.134110337689549,0
JDC0030,2010-03-14,0,0,-22.705220683365383,0
CCM0136,2011-01-11,0,0,-2.0829632363322617,0
TPH0474,2010-09-20,0,0,-0.22543925009529175,0
CCC0393,2010-12-03,0,0,-27.86185607276343,0
TLK0993,2010-11-22,0,0,4.871662594316149,0
KKC0683,2010-12-22,0,0,-7.264361290172701,0
SKG0759,2011-05-05,0,0,-19.317674080433903,0
AIP0982,2010-09-10,0,0,-21.22335857031692,0
BCB0679,2010-04-26,0,0,-2.290697747229501,0
VLB0647,2010-12-29,0,0,-18.6549801239089,0
CTW0500,2011-05-05,0,0,-5.250494145754374,0
NCK0295,2011-04-01,0,0,-0.029480686207648432,0
JCR0172,2010-09-27,0,0,-5.223999646850871,0
HPM0986,2010-09-07,0,0,-17.06502291841423,0
JRS0362,2011-05-16,0,0,-21.8150487951184,0
DAG0558,2011-02-22,0,0,-27.842267704791198,0
BEH0615,2010-04-14,0,0,-4.021324055055402,0
TMA0069,2010-04-07,0,0,-6.265494138626082,0
GHL0460,2010-05-07,0,1,6.760363067025423,1
PPF0435,2010-09-21,0,1,-9.95689367613977,0
SAA0999,2011-01-24,0,0,-16.30778707599484,0
CAM0681,2010-04-01,0,0,-26.018372363548792,0
MTB0620,2010-04-07,0,0,-1.7447818085348672,0
HOB0994,2010-11-30,0,0,-12.114087949976579,0
LIM0674,2010-05-13,0,0,-9.72342125428122,0
NMB0972,2010-06-09,0,0,-2.0903255814213253,0
UBF0645,2010-08-23,0,0,-19.33027214200615,0
RJB0088,2011-04-06,0,0,-18.68003653687731,0
KCS0173,2010-03-17,0,0,-0.5758179089972373,0
RVF0201,2010-12-14,0,0,-23.894944913173504,0
BAL0044,2010-10-20,0,0,-21.49531613491058,0
LBH0942,2010-06-03,0,0,-1.8458420418609194,0
NAF0326,2010-06-01,0,0,-4.02506911058606,0
BSH0445,2010-08-25,0,0,-10.671714112819473,0
FAW0032,2010-05-06,0,1,-24.64497292415558,0
AOK0844,2010-06-09,0,0,-4.584507263407545,0
IIA0092,2010-03-30,0,0,-8.85854140611923,0
KJG0910,2011-04-18,0,0,-21.161350051355612,0
ERH0449,2010-10-05,0,0,5.1538075130462175,0
WDV0573,2010-09-29,0,0,-2.0711351343322804,0
EHB0420,2010-05-11,0,0,-18.107591804035224,0
RMS0266,2011-05-05,0,0,-9.279569458274523,0
OBH0499,2010-03-27,0,0,-2.9423872123298906,0
CLB0774,2010-08-03,0,0,-23.054203148267106,0
JHP0583,2010-08-21,0,0,6.309890110618767,0
MTT0901,2010-01-12,0,0,-22.948228487080996,0
RHY0079,2010-11-17,0,0,-15.456697253709308,0
LDG0459,2010-06-21,0,0,-2.3974178040053857,0
BRB0355,2011-01-21,0,0,-15.421560828670067,0
BMT0528,2011-04-26,0,0,-22.098966586748702,0
AJR0319,2010-12-08,0,0,-6.240659183261641,0
YWW0660,2010-05-04,0,0,-19.783719909635693,0
DCC0160,2011-01-21,0,0,-18.748136760027478,0
YEV0793,2010-11-18,0,0,-23.055352225441084,0
PNL0301,2010-03-10,0,1,-4.377434490142946,0
MKP0861,2010-11-11,0,0,-4.68759830378508,0
JDF0593,2010-06-18,0,0,-6.930405141596339,0
NHH0185,2011-01-12,0,0,-20.116136806503164,0
IJR0825,2010-10-20,0,0,-1.7712979978922476,0
BEC0505,2010-10-22,0,0,-3.989500536800165,0
TTD1000,2010-06-17,0,0,-18.699144672738043,0
RRA0938,2010-05-28,0,0,-11.451224786828107,0
CMM0487,2010-10-01,0,0,-7.0449122811228335,0
DGW0752,2010-05-14,0,0,-4.743863978020045,0
YDN0198,2010-05-28,0,0,-28.11831719796578,0
JKB0126,2011-02-09,0,0,-19.69604987151422,0
BJW0619,2010-03-11,0,0,-4.573678219449107,0
MSD0939,2011-01-20,0,0,-27.940859752096344,0
WKD0013,2010-09-15,0,0,-21.524948393612817,0
MLL0598,2011-01-03,0,0,-4.537779809485755,0
AAN0823,2010-01-08,0,0,-0.9964347838972571,0
BTR0403,2010-08-04,0,0,-25.63478367450898,0
AMH0794,2010-05-26,0,0,-9.928230954431228,0
CKD0680,2011-02-18,0,0,-23.006323614206053,0
SDF0017,2010-04-07,0,0,-20.53198206532511,0
KKC0683,2011-03-28,0,0,-10.710947505167837,0
MKL0941,2010-02-26,0,0,-3.8661402544294106,0
AIB0948,2011-02-18,0,0,-6.093989344175952,0
NMC0486,2011-03-11,0,0,-5.945270837259386,0
ELT0769,2010-05-19,0,0,-22.405398223773545,0
JAJ0849,2011-03-12,0,0,-2.1789073847090776,0
AAN0823,2010-08-23,0,0,-3.067758533759161,0
SMB0804,2010-09-13,0,0,-23.509092285705606,0
DBW0483,2011-01-06,0,0,-9.261476911786758,0
GJT0386,2010-07-23,0,0,-2.1029826037279236,0
ETR0177,2010-12-01,0,0,-26.90634799759755,0
XHG0902,2011-03-08,0,0,-19.591256246888634,0
SGM0021,2010-06-29,0,0,-20.901206222341443,0
GQP0743,2010-03-17,0,0,-7.929788713228618,0
JZD0888,2010-02-05,0,0,-21.741885558658282,0
LJB0826,2010-09-01,0,0,-0.9964347838972571,0
MKS0204,2010-05-18,0,0,-5.358464225516286,0
VCC0396,2010-03-11,0,0,-6.560470610778907,0
CKB0427,2011-01-06,0,0,-9.939657374885428,0
BLB0114,2010-01-15,0,0,-15.785572884448584,0
CWB0065,2010-11-08,0,0,-25.54493165587428,0
PDW0259,2011-02-10,0,0,-19.365566922018616,0
ROB0272,2011-02-22,0,0,-8.198402091505272,0
MOS0047,2010-04-01,0,1,-18.541401709120464,0
HRB0351,2010-05-05,0,0,-15.95584747021735,0
MGS0974,2010-04-27,0,0,-20.778342643847168,0
ILR0304,2010-04-13,0,0,-1.2191903865591485,0
AKW0167,2010-06-17,0,0,-27.211112190614585,0
CMB0912,2010-02-16,0,0,-24.76427432400203,0
ICS0956,2010-08-09,0,0,-3.067758533759161,0
AAF0535,2010-03-12,0,1,-21.73762802977444,0
ASV0946,2010-12-07,0,0,-2.9771309032206545,0
FXF0957,2010-12-21,0,0,-1.3883418056542496,0
HVF0067,2011-04-20,0,0,-3.4745391475991028,0
EHR0096,2010-11-05,0,0,-25.021013876118786,0
MAH0149,2010-10-21,0,0,-25.622662191520703,0
RLG0856,2011-01-04,0,0,-5.435673664143678,0
EHR0096,2010-04-01,0,0,-25.628083950969767,0
RUM0880,2011-04-13,0,0,-0.5175808761499638,0
OLW0689,2010-10-11,0,0,-0.7996561794394665,0
CCW0524,2011-03-25,0,0,-21.30001129515665,0
KCF0045,2010-12-13,0,0,-22.51668780946943,0
SGS0268,2010-11-03,0,0,-6.267067048928993,0
JKF0465,2010-10-09,0,0,-0.6702730895577815,0
HGH0595,2010-12-02,0,0,-0.029480686207648432,0
HPM0986,2011-01-14,0,0,-19.69492904306935,0
ESA0642,2010-10-22,0,0,-20.553084951153778,0
HSB0196,2011-02-07,0,0,2.5064327025445436,0
WPR0368,2010-02-12,0,0,-20.584532646943558,0
MSG0839,2011-02-11,0,0,-0.9964347838972571,0
JAJ0849,2010-02-10,0,0,-1.9351107929126101,0
DIB0285,2010-01-05,0,1,-13.044998654813753,0
MSG0839,2010-04-05,0,0,-0.7369174506420677,0
NMG0766,2010-12-03,0,0,-22.300056690424185,0
KDT0346,2010-08-13,0,0,-19.289886905707363,0
TDJ0998,2010-12-08,0,0,-13.957143805497822,0
CAB0388,2011-03-23,0,0,-22.668585615470533,0
DBG0261,2010-04-26,0,0,-19.509345506740146,0
OQH0183,2011-05-11,0,0,-18.6549801239089,0
BTL0722,2010-03-24,0,0,-0.7261734935627828,0
ZJS0269,2010-07-09,0,0,-21.355356763867917,0
AKF0709,2010-12-20,0,0,5.1538075130462175,0
AMR0318,2010-12-15,0,0,-2.8582107625868503,0
PLH0715,2011-03-10,0,0,3.537883334020421,0
BDB0453,2011-01-21,0,0,-0.029480686207648432,0
JJH0613,2010-07-20,0,0,-6.085532759672219,0
DIB0081,2010-03-31,0,0,-11.257126366832722,0
ESJ0670,2011-02-06,0,0,-20.893779823345994,0
IIW0249,2011-01-18,0,0,-19.076956483094364,0
GCS0571,2011-03-04,0,0,-0.692388082700063,0
TSG0906,2010-02-15,0,0,-19.88698136452581,0
RGG0064,2010-01-28,0,1,-5.5553263576226755,0
MCT0720,2010-06-28,0,0,-2.3067309677462617,0
ERH0449,2010-01-07,0,0,-2.2832896928276796,0
EHR0096,2010-10-21,0,0,-24.478656691380934,0
SSG0250,2011-02-22,0,0,-17.150123226126084,0
SBN0866,2011-04-20,0,0,1.3648711809856877,0
JJH0292,2010-10-04,0,0,-2.53787712214114,0
KAC0124,2010-11-04,0,0,-19.104126226416497,0
GJT0386,2010-07-02,0,0,0.0020269235781142925,0
MNR0829,2011-01-11,0,0,-0.7064905313396821,0
LBF0214,2010-03-05,0,0,3.654246927551867,0
CGB0637,2011-05-16,0,0,-15.550919705149113,0
DRR0242,2011-04-08,0,0,-28.552430082280807,0
MHG0244,2010-05-06,0,0,-19.253083145702135,0
SCP0130,2010-11-16,0,0,-1.6109666138470402,0
AJN0607,2011-03-17,0,0,-3.733242066801381,0
AMR0318,2010-06-18,0,0,-5.472248875421656,0
VLB0647,2010-04-13,0,0,-20.047559268910845,0
FDE0117,2010-01-21,0,0,-27.922701966700174,0
WVB0539,2010-01-26,0,0,-26.056561276331877,0
TJG0582,2010-10-11,0,0,-0.7224114404158399,0
CMM0487,2010-07-15,0,0,-5.96624612690573,0
FHS0837,2010-11-15,0,0,-2.822060863980596,0
OJK0233,2010-08-12,0,0,-8.946256654267813,0
JKM0303,2011-04-25,0,0,-3.5437051560696773,0
CCH0182,2010-04-27,0,0,-20.047990670827176,0
DJB0159,2010-05-03,0,0,-21.476471741272576,0
DTT0076,2010-06-16,0,0,-14.74396201394245,0
WIF0691,2010-04-05,0,0,-20.364657320279093,0
PGH0184,2010-05-20,0,0,-19.939094412869395,0
RDM0115,2010-12-03,0,0,-26.81378908145166,0
KCB0815,2011-05-13,0,0,-8.31908955944607,0
LCC0819,2010-01-06,0,1,-20.406319263895625,0
JOL0024,2010-03-30,0,0,-26.67987517781046,0
JIG0128,2010-12-30,0,0,-15.979843244596623,0
HIW0536,2010-01-05,0,0,14.94912847655462,1
YCE0983,2010-12-06,0,0,-23.492599287005987,0
KRM0541,2010-04-13,0,0,-21.531510345510355,0
KWE0082,2011-03-24,0,0,-16.965163753056686,0
ZJS0269,2011-03-24,0,0,-24.213465134244416,0
PIS0522,2010-03-31,0,0,-21.436374009158044,0
FUM0015,2010-12-14,0,0,-18.211170799997603,0
MKG0711,2010-01-27,0,0,-0.7064905313396821,0
SIJ0661,2010-04-27,0,0,12.338742494888038,1
JPA0667,2011-03-25,0,0,-21.64165453369776,0
ADF0397,2010-08-12,0,0,-10.542641225767625,0
ATF0274,2010-12-22,0,0,-23.032840900544784,0
PLH0862,2010-01-27,0,0,-1.9759043875444604,0
MKP0861,2010-07-28,0,0,-5.017343932566973,0
SMH0291,2010-07-24,0,0,-2.151657675769002,0
ACC0042,2010-01-04,0,0,-21.374462466464706,0
BTR0403,2011-04-26,0,0,-21.28662888455051,0
BJM0111,2010-08-05,0,0,-22.32518586106187,0
CQW0652,2010-09-08,0,1,-16.41706765173342,0
LOF0311,2011-03-25,0,0,-5.359802862188758,0
GQP0743,2011-04-12,0,0,-6.710026582451405,0
ASB0796,2010-03-24,0,0,1.4935728946516065,0
SER0165,2010-05-26,0,0,-28.17575915301279,0
AJH0175,2010-03-22,0,0,0.7570939596961352,0
RZC0746,2010-03-19,0,0,-6.167442915025845,0
BLL0929,2010-12-16,0,0,-23.800443405221245,0
RMS0266,2011-01-19,0,0,-14.028144062251727,0
NDM0417,2011-05-05,0,0,-27.137659809365005,0
RHP0484,2010-06-14,0,0,-9.020023099655418,0
HGG0240,2010-04-30,0,0,-25.61798384281724,0
SNS0129,2011-04-18,0,0,-25.00465459965494,0
IMG0320,2010-07-01,0,0,-4.721011712825543,0
DDA0476,2011-02-03,0,0,-4.790173288554001,0
HKF0831,2010-05-05,0,0,3.537883334020421,0
HPM0986,2010-08-24,0,0,-17.992552883713074,0
HXL0968,2010-10-08,1,1,-2.44824523789714,0
ETR0428,2011-01-03,0,0,-12.228471965136123,0
HSP0290,2011-01-26,0,0,-0.7224114404158399,0
SGG0787,2010-08-16,0,0,-24.304253658348102,0
MCJ0324,2010-10-04,0,0,-2.6877314210330496,0
DCH0843,2010-04-16,0,1,-0.9603885267399619,0
AAE0190,2010-09-01,0,0,-27.270143040908806,0
PGO0433,2011-03-10,0,0,-11.19344441103749,0
ANP0555,2010-03-03,0,0,-0.5595468145982068,0
EZH0736,2010-01-20,0,0,-6.119657908306408,0
MIB0904,2010-09-01,0,0,-19.961473945176294,0
ASB0796,2010-01-07,0,0,-1.6492473589735255,0
BKW0374,2011-02-07,0,0,-22.522074970463677,0
MDM0976,2010-08-11,0,0,-20.898547160872795,0
RAG0275,2010-02-03,0,0,-18.142830867952398,0
KKS0119,2010-01-07,0,0,-26.689745965063253,0
POB0343,2010-11-11,0,0,-19.243346497990274,0
MKS0204,2010-12-15,0,0,-1.8984983482808957,0
JAD0609,2010-04-20,0,0,-5.42132113825096,0
LJB0826,2010-05-26,0,0,-1.0498541092994174,0
OCB0805,2011-01-28,0,0,-1.396178191417107,0
BSS0369,2010-04-06,0,1,-20.171122224352075,0
NGF0157,2010-07-11,0,0,-8.785442975435217,0
WKD0013,2010-07-06,0,0,-18.752833399069573,0
YEV0793,2011-03-07,0,0,-23.65082861386486,0
TIW0299,2010-02-24,0,0,-0.7224114404158399,0
CGF0337,2010-08-19,0,0,-17.779900862517366,0
HDD0806,2010-02-10,0,0,-2.415168484118567,0
PIS0522,2010-03-30,0,0,-21.42631668050285,0
BCM0653,2010-11-15,0,0,-19.360737182322055,0
MCD0125,2010-06-08,0,0,-17.301242570353907,0
MKG0711,2011-03-24,0,0,-3.384029984063204,0
WJD0576,2010-02-08,0,0,-3.451653225405721,0
VCY0751,2010-01-21,0,0,-5.564546911869229,0
YJV0699,2011-02-21,0,0,-0.9964347838972571,0
TIW0299,2011-03-09,0,0,6.760363067025423,1
TIW0299,2010-10-06,0,0,-1.2191903865591485,0
LAF0991,2010-12-29,0,0,-11.628403390124276,0
RTO0313,2010-01-05,0,0,-4.945406730385685,0
SED0886,2010-07-09,0,0,-19.628436312824306,0
OKC0107,2011-03-30,0,0,-11.284423834212362,0
UIR0043,2010-06-10,0,0,-20.256330009613976,0
IBM0671,2010-07-14,0,0,-9.550237993119708,0
FKB0163,2010-12-20,0,0,-19.46768006867819,0
FTM0406,2010-06-10,0,1,-7.340461695138515,0
LAP0338,2011-01-14,0,0,-20.114678939156306,0
CTR0697,2010-03-17,0,0,-2.433918962301618,0
HIA0414,2010-10-12,0,0,-5.784355534792667,0
SLP0762,2010-03-19,0,0,-19.88698136452581,0
KRM0541,2011-03-21,0,0,-22.211302687521766,0
TPH0474,2010-06-07,0,0,-0.7369174506420677,0
CGB0637,2010-03-18,0,0,-17.42914036610898,0
BYP0070,2010-11-15,0,0,-10.706215648678949,0
NOB0181,2010-12-16,0,0,-19.160624791198757,0
NMF0780,2010-07-19,0,0,-21.708390651625564,0
NSC0597,2010-03-02,0,0,-1.2191903865591485,0
HKR0628,2010-05-21,0,0,-4.818726737671227,0
SHW0578,2010-11-03,0,0,-3.2957473126333525,0
PEV0323,2011-01-19,0,0,-5.951192927775423,0
CCL0068,2010-02-23,0,1,-24.136118420364824,0
IIL0513,2010-07-01,0,0,-19.43248613812227,0
WNB0908,2010-04-09,0,0,-21.308679646671635,0
JXH0493,2010-12-30,0,0,-8.296075345604322,0
NAF0326,2010-04-23,0,0,-3.702730409759397,0
FLM0213,2010-07-27,0,0,3.468264087431635,0
PMV0850,2010-06-30,0,0,-2.1164352603287853,0
RSC0089,2011-02-07,0,0,-10.669616340034509,0
SEJ0677,2010-05-13,0,0,-4.237502283254798,0
IMG0320,2010-07-06,0,0,-1.430825958308219,0
JXH0493,2010-10-05,0,0,-5.2885930253430615,0
MCF0327,2010-06-23,0,0,-4.6796332785608,0
GTD0116,2010-05-21,0,0,-25.465778563567596,0
SOB0586,2010-11-12,0,0,-1.2191903865591485,0
CJF0802,2011-02-11,0,0,1.1992313000946524,0
AVM0947,2011-01-31,0,0,-5.979219544182797,0
PKB0281,2010-01-28,0,0,-17.6516723118923,0
PEV0323,2010-11-11,0,0,-7.446248371153729,0
SVL0803,2011-01-27,0,0,-3.5379112870581366,0
SNC0187,2011-02-24,0,0,-19.810820757696206,0
BWP0202,2010-04-14,0,0,-4.890510089771965,0
TDJ0998,2010-11-16,0,0,-17.721720330017888,0
KBB0189,2011-01-25,0,0,-27.332521502497684,0
ORG0339,2010-10-26,0,0,-20.758145980189283,0
SAH0599,2010-09-30,0,0,-0.4596809819545342,0
SOB0586,2011-01-06,0,0,-0.4596809819545342,0
MPT0376,2011-01-21,0,0,2.2011632120326112,0
OKC0107,2010-12-28,0,0,-12.842883552231001,0
KMW0545,2011-01-03,0,0,-13.132798029998412,0
BSS0369,2010-03-07,0,1,-17.068971486520468,0
OMS0101,2011-05-05,0,0,-25.762740703118652,0
JHP0583,2010-10-12,0,0,-4.958552991874171,0
SBN0866,2011-05-03,0,0,2.464317330517929,0
RAG0275,2010-05-07,0,0,-18.949220315869866,0
RVF0201,2011-02-01,0,0,-28.163283047640334,0
WKD0013,2011-02-07,0,0,-18.16197058457533,0
ORG0339,2010-07-01,0,0,-21.476863983655107,0
GZC0735,2011-03-06,0,0,-1.3671774758051924,0
KBL0260,2010-06-16,0,0,-19.033711908541136,0
RAR0725,2010-01-06,0,1,-3.1661024056346605,0
CAB0614,2010-07-02,0,0,-3.672459790754374,0
KRL0062,2010-04-22,0,0,-27.2414525072561,0
GZB0469,2011-02-04,0,0,-2.3067309677462617,0
ADC0391,2010-12-01,0,0,-1.2119194710320471,0
MHG0244,2010-02-19,0,0,-18.793830570549517,0
IIW0249,2010-04-08,0,0,-9.984068699939598,0
HCC0344,2010-11-03,0,0,-18.245730745986407,0
FBW0747,2011-03-02,0,0,-4.179361143528695,0
MLL0598,2010-07-12,0,0,-3.9793987935618134,0
KAT0489,2010-04-07,0,0,-5.93920476248843,0
HKR0628,2010-06-16,0,0,-5.883030727081859,0
ERH0449,2010-02-17,0,0,-0.7369174506420677,0
LOF0311,2010-11-22,0,0,-5.062786831467861,0
AKW0167,2011-01-24,0,0,-17.45592321054778,0
TJB0302,2010-03-09,0,0,-2.2832896928276796,0
VMJ0546,2010-11-29,0,0,-12.614366404913198,0
SAA0999,2010-10-18,0,0,-16.48697123439399,0
FAW0032,2010-08-25,0,1,-24.67793095853483,0
BKW0374,2010-07-27,0,0,-21.9036832536666,0
ICS0956,2010-02-24,0,0,-2.1652036406785555,0
MDM0976,2010-01-25,0,0,-20.2213907191757,0
MAH0864,2011-03-01,0,0,-3.9883050631414108,0
TSR0676,2010-12-15,0,0,-20.761586538165716,0
IJR0825,2010-04-28,0,0,-1.1703446480004231,0
FFC0891,2010-03-24,0,0,-20.075580509526162,0
SBQ0786,2010-08-06,0,0,12.351034510581258,1
FQA0854,2010-08-10,0,0,-5.270731242743182,0
KMW0545,2011-04-04,0,0,-11.548220289836877,0
DBG0261,2010-07-26,0,0,-18.53062119573508,0
LDB0090,2011-01-10,0,0,-27.844735883096178,0
EIP0997,2011-03-04,0,0,-18.76561457355149,0
JOL0024,2010-08-03,0,0,-27.57614147306947,0
FGW0853,2010-05-11,0,0,-3.7132654459662717,0
SMB0804,2011-03-04,0,0,-22.51418984958775,0
QJR0688,2011-04-29,0,0,-24.175076360389426,0
DLM0051,2010-05-04,0,0,-14.081663180065902,0
SMW0084,2010-11-17,0,0,-17.303302120065382,0
CRP0456,2010-06-17,0,0,-0.4596809819545342,0
SED0886,2010-12-15,0,0,-20.81061411270298,0
RGH0728,2011-01-31,0,0,-5.32632427551664,0
CLH0703,2010-11-23,0,0,-1.3883418056542496,0
DCC0160,2010-07-16,0,0,-19.551856265365586,0
DDA0476,2010-12-14,0,0,-6.377355217128752,0
SBD0913,2011-05-05,0,0,-0.6714023655516712,0
IIA0092,2011-04-08,0,0,-9.601215185751698,0
SPA0141,2010-10-06,0,0,-28.409204596925292,0
KRL0062,2010-01-21,0,0,-26.83073307624022,0
ILR0304,2010-04-26,0,0,-2.242471115725948,0
JMD0520,2010-01-20,0,0,-20.376132601281938,0
NSS0876,2011-03-14,0,0,-5.0018517557456335,0
JRG0207,2010-02-11,0,1,1.8286963437211625,0
JCR0921,2010-08-09,0,0,-9.899166132960886,0
HDD0806,2011-02-11,0,0,-11.410688978562234,0
EGK0893,2010-05-14,0,0,-21.21294958209728,0
JMB0308,2010-01-07,0,1,-2.83787880767602,0
ZFM0468,2011-02-17,0,0,-2.7687114063107856,0
HKF0831,2010-02-16,0,0,-0.7064905313396821,0
CTA0020,2010-05-06,0,0,-16.797889390372234,0
OQH0183,2011-01-17,0,0,-20.11257239652093,0
LHN0151,2011-05-13,0,0,-0.7824692357058893,0
CLH0703,2011-01-04,0,0,-0.7064905313396821,0
TSR0676,2010-11-02,0,0,-22.887466596050672,0
DIW0118,2010-04-21,0,0,-26.389083860195,0
MLL0598,2010-05-03,0,0,-4.260852979470087,0
AGB0186,2010-12-13,0,0,-19.435479785707116,0
TTD1000,2010-03-16,0,0,-18.35104342999375,0
OKC0107,2010-02-26,0,0,-9.385098550676616,0
MAR0955,2010-10-11,0,1,-0.9964347838972571,0
RHC0335,2011-05-02,0,0,-20.388432529543365,0
YJV0699,2010-08-13,0,0,-0.9603885267399619,0
XAA0104,2011-01-11,0,0,-23.692882596886648,0
HSB0196,2010-02-27,0,0,3.7892074492738175,0
JER0404,2010-10-01,0,0,-7.287621809472398,0
AES0827,2010-10-11,0,0,-0.7064905313396821,0
KCB0815,2010-12-30,0,0,-4.389435140228784,0
FMG0527,2010-01-15,0,1,-22.405398223773545,0
TLK0993,2011-03-02,0,0,-9.879439125962676,0
AAF0791,2011-01-26,0,0,-12.311222917966006,0
DSM0591,2010-08-10,0,0,-0.029480686207648432,0
GHH0288,2010-12-22,0,0,-6.768825690358767,0
PGO0433,2010-06-09,0,0,-11.686587973619453,0
YWW0660,2010-02-26,0,0,-20.749982055117357,0
XHW0498,2010-03-23,0,1,-5.531039561793136,0
YIC0195,2011-01-07,0,0,-2.2830281329461286,0
AES0827,2010-11-15,0,0,-0.22543925009529175,0
THD0448,2011-04-19,0,0,-3.451653225405721,0
LHB0967,2010-02-04,0,0,-0.22543925009529175,0
GCS0518,2010-02-11,0,0,-19.88698136452581,0
ANT0430,2010-01-11,0,0,-7.010031242947434,0
WBC0315,2011-03-10,0,0,-5.2870127707377605,0
SBN0866,2010-08-16,0,0,1.0929509175023213,0
SVS0871,2010-06-29,0,0,-2.824345954035266,0
SBK0161,2010-04-09,0,0,-18.846000849205666,0
CTR0341,2011-02-18,0,0,-20.24008587800654,0
ENC0234,2010-01-18,0,0,-8.94804490674619,0
JOM0750,2010-06-10,0,0,-4.858213546758975,0
HSP0290,2010-08-10,0,0,-0.4596809819545342,0
NCO0666,2010-11-22,0,0,-24.450347016644173,0
KRG0158,2010-07-21,0,0,-26.670567765806823,0
TAP0551,2010-08-30,0,1,-10.78601507805115,0
BXJ0010,2011-04-25,0,0,-18.545513710921455,0
JRF0835,2011-01-06,0,0,-0.3858800300046141,0
AMJ0297,2010-06-23,0,0,-0.029480686207648432,0
MKW0441,2010-07-16,0,0,-20.257925880839025,0
ASM0575,2010-10-29,0,0,-0.692388082700063,0
MJM0510,2010-11-08,0,0,-21.068510552234216,0
TSG0906,2010-08-24,0,0,-20.335753815340922,0
ALD0529,2010-08-12,0,0,-20.75158947995044,0
MCT0720,2010-11-04,0,0,-1.4904878636043577,0
BNR0965,2010-05-24,0,0,-2.22460976006937,0
LFS0071,2010-10-28,0,0,-10.421286279930882,0
BTN0061,2010-05-28,0,0,-24.058955737032647,0
NNA0610,2010-09-09,0,0,-3.8710474644503847,0
DSM0591,2010-07-29,0,0,-0.4596809819545342,0
CMS0454,2011-04-15,0,0,-0.029480686207648432,0
ACC0042,2010-10-26,0,0,-19.483811020268035,0
SVL0803,2010-06-29,0,0,-1.257639024922696,0
HDD0806,2010-01-13,0,0,-10.701586101279304,0
MLG0475,2010-06-14,0,0,-2.2832896928276796,0
NJC0705,2010-02-05,0,0,-1.1703446480004231,0
CCW0031,2011-04-27,0,0,-25.12066079949716,0
BJH0811,2010-01-18,0,0,-28.309025842012034,0
BER0314,2011-02-02,0,0,-7.901266247879789,0
DPS0262,2010-03-12,0,0,-20.006466460919228,0
FHS0837,2010-10-21,0,0,-1.3883418056542496,0
JER0404,2010-07-07,0,0,-6.810818059260896,0
WVB0539,2011-03-23,0,0,-24.8102998904061,0
AJP0723,2010-06-18,0,0,-0.22543925009529175,0
WDD0366,2011-02-01,0,1,-21.038223090908104,0
NAF0326,2011-01-25,0,0,-0.44587206539245017,0
BTR0403,2010-08-25,0,0,-25.071717721849723,0
BNR0965,2010-09-07,0,0,-1.5794869891409462,0
MKG0711,2010-04-20,0,0,-0.7261734935627828,0
NMF0780,2011-03-16,0,0,-19.830551687494108,0
DFR0218,2010-04-14,0,0,-21.322461172331487,0
TLM0797,2010-01-29,0,0,-3.448592523514094,0
FAW0032,2011-03-01,0,1,-25.469801037429306,0
JGM0934,2010-01-28,0,0,-11.521227814813074,0
HOB0994,2010-04-06,0,0,-9.878781997652027,0
APG0307,2010-06-11,0,0,-1.2191903865591485,0
SBN0971,2011-01-10,0,0,-1.3196540884509886,0
MJB0588,2011-04-26,0,0,-0.029480686207648432,0
SGG0787,2010-11-23,0,0,-25.540779710880543,0
IBM0671,2011-01-07,0,0,-9.566914456945256,0
MKW0441,2010-10-01,0,0,-17.394581400566608,0
BXJ0010,2011-03-07,0,0,-21.09507643934046,0
LCC0819,2010-07-19,0,1,-23.964096368309356,0
SJC0333,2010-10-11,0,0,-19.226613609187552,0
KBP0008,2010-03-23,0,0,-24.517228872911915,0
DCC0160,2010-01-25,0,0,-20.00214937428632,0
SGS0268,2010-08-09,0,0,-6.189800164950157,0
KBB0189,2010-12-28,0,0,-27.315588214211175,0
SOB0360,2010-06-01,0,0,-22.772257207301777,0
DTP0379,2010-08-23,0,0,-10.145523286882394,0
OBH0499,2010-06-10,0,0,-6.16614121714656,0
PIS0522,2011-02-10,0,0,-21.59920319287994,0
KPP0452,2010-03-31,0,0,-0.3858800300046141,0
WKF0012,2010-03-29,0,0,-18.234351395214276,0
MNR0829,2010-05-13,0,0,-0.9964347838972571,0
IDO0176,2010-04-26,0,0,-5.251871417929351,0
CJK0200,2010-04-27,0,0,-0.8376928033285367,0
MIM0712,2010-10-14,0,0,-1.589437420292029,0
VTT0385,2010-02-03,0,0,-22.63880016291546,0
MAH0149,2010-05-19,0,0,-25.325050214324847,0
VEB0935,2010-06-30,0,0,-25.953627274837118,0
HCL0113,2010-03-25,0,0,-10.874751068678506,0
EGD0132,2010-01-12,0,1,-3.687967558067612,0
ATP0662,2010-03-31,0,0,-24.71354550735066,0
RLG0856,2010-01-15,0,0,-7.408063047255496,0
ZCF0590,2010-06-01,0,0,-0.029480686207648432,0
ORM0669,2011-01-17,0,0,-0.8620604466921122,0
MIM0712,2010-05-05,0,0,-0.9964347838972571,0
KMW0545,2010-10-14,0,0,-9.726924748200304,0
NHE0919,2011-04-27,0,0,-23.327724756459475,0
JTM0223,2010-03-18,0,1,-22.535687481599666,0
BHW0458,2010-11-30,0,0,-1.2191903865591485,0
SAC0687,2010-07-28,0,0,-27.82617082366528,0
HCM0267,2010-03-10,0,0,-4.890227078914563,0
AIS0405,2011-03-15,0,0,-6.663346972589807,0
MKP0861,2010-01-11,0,0,-6.355878699514619,0
ATP0662,2011-01-12,0,0,-27.04057850873255,0
HKF0831,2010-02-12,0,0,-0.9964347838972571,0
ATE0869,2010-09-18,0,0,1.8305507556890461,0
HWM0342,2011-04-04,0,0,-20.16325966894351,0
NHE0919,2011-03-28,0,0,-21.114035820977733,0
HWW0436,2010-01-26,0,0,-7.109199212612111,0
CMB0912,2010-04-04,0,0,-25.90463620040373,0
FKK0055,2010-12-17,0,0,-22.317624635642005,0
IJR0825,2011-01-19,0,0,-1.0498541092994174,0
CSP0197,2010-11-23,0,0,-2.3753180758080816,0
GCS0518,2010-08-12,0,0,-21.232575671854647,0
NMC0486,2010-08-06,0,0,-6.123647654638489,0
KTG0091,2010-06-11,0,0,-8.761622714125792,0
TQS0212,2010-11-12,0,0,1.186119008442006,0
CAM0681,2010-01-19,0,0,-24.66297311100459,0
PSF0133,2010-06-18,0,1,-3.1617223746362697,0
HIW0536,2010-04-23,0,0,16.066684336143226,1
RSM0277,2011-03-30,0,0,-7.512565404040515,0
MGS0974,2010-05-18,0,0,-20.978695534789153,0
HDS0367,2010-04-19,0,0,-17.678191348165342,0
KBC0054,2010-02-10,0,0,-23.306657386404027,0
NSS0876,2010-11-04,0,0,-5.733164198233567,0
JDB0169,2010-08-31,0,0,-4.030227111049726,0
WDO0870,2010-09-02,0,0,-4.928053922903473,0
NCH0179,2010-05-12,0,0,-27.873491081761358,0
JAV0361,2010-08-03,0,0,-21.470448012533893,0
AAE0190,2010-06-22,0,0,-26.170771818799494,0
CTR0341,2011-01-12,0,0,-17.62323697392992,0
AJD0074,2010-03-16,0,0,-27.20235902796287,0
HAH0760,2010-05-24,0,0,-21.121536953472855,0
MKW0441,2010-11-09,0,0,-21.729637995246094,0
MNC0717,2010-04-26,0,0,-2.107604718532343,0
GRC0145,2011-05-10,0,0,-27.89709434545739,0
MMB0488,2010-12-02,0,0,-6.78607451674759,0
EIS0041,2011-04-06,0,0,-19.41770604882788,0
HCL0113,2011-05-10,0,0,-8.311934576384374,0
BCB0679,2010-03-10,0,0,2.419576758544167,0
GQP0743,2010-08-23,0,0,-2.882248454748378,0
BXJ0010,2011-03-22,0,0,-19.840640247745227,0
AOS0987,2010-05-18,0,0,-6.876695537137607,0
CFM0767,2010-05-14,0,0,-20.96565862920329,0
EBC0390,2011-03-24,0,0,-23.37993609537341,0
JER0404,2010-04-23,0,0,-6.3923215183505135,0
ZFM0468,2010-05-07,0,0,-0.9964347838972571,0
JCW0858,2010-09-27,0,0,-3.4020652680699186,0
SER0165,2010-03-24,0,0,-27.77325813185928,0
ADF0397,2011-05-04,0,0,-6.896326805977651,0
DPM0423,2010-12-16,0,0,-17.645163410186797,0
BAM0636,2010-01-27,0,0,-20.905739119838245,0
GZC0735,2011-02-14,0,0,-8.280530678700984,0
NMS0280,2010-01-24,0,0,-16.652177503194025,0
TUC0632,2011-02-11,0,0,-19.488821795240938,0
MOS0047,2010-02-09,0,1,-15.083229094591275,0
EWH0191,2010-10-25,0,0,-25.946937376664437,0
HSB0196,2010-03-04,0,0,2.131284859649668,0
PLH0862,2010-06-25,0,0,-2.494253511459533,0
UFK0208,2010-09-10,0,0,5.231846034320029,0
MDH0686,2010-04-01,0,0,-11.026162198240968,0
KRL0501,2011-01-18,0,1,-2.5546315943277023,0
FBW0747,2010-07-14,0,0,-6.668462477259368,0
BXJ0010,2011-04-27,0,0,-9.64468475549063,0
ZCF0590,2010-04-12,0,0,-3.2683919445329366,0
BCB0679,2010-12-17,0,0,-1.5738076424717065,0
MYD0978,2010-02-10,0,1,-21.15623028824973,0
CLB0774,2010-01-04,0,0,-23.499422556925424,0
NAB0903,2010-02-18,0,0,-18.43011282349198,0
IRM0931,2010-09-13,0,0,-28.267885622158246,0
PGC0066,2011-02-01,0,0,-26.67987517781046,0
SVL0803,2010-06-02,0,0,-0.761447583695599,0
JLM0364,2010-01-19,0,1,-21.03103834452793,0
LBF0214,2010-01-09,0,0,30.807521415221004,1
CLB0774,2010-02-12,0,0,-21.85838877194442,0
JTS0389,2010-04-21,0,0,-22.60550316211038,0
YEV0793,2010-12-08,0,0,-24.908381516300096,0
TRK0914,2010-08-11,0,0,-0.5271180072023753,0
MSO0222,2010-02-19,0,1,-21.08425336717073,0
RAS0432,2010-06-07,0,0,-12.810097751704916,0
PLH0715,2010-01-29,0,0,-3.2814880105289603,0
BAJ0654,2010-09-17,0,0,-19.894673940187545,0
CTR0341,2010-07-02,0,0,-19.968517538490005,0
MKL0941,2010-05-18,0,0,-9.64966438166573,0
HSB0196,2010-05-17,0,0,4.999560258427437,0
EIS0041,2010-07-28,0,0,-21.105593081498114,0
WBC0315,2010-06-28,0,0,-4.833872634422164,0
RCC0617,2010-06-28,0,0,-3.660956569619543,0
NCO0666,2010-05-19,0,0,-22.135939800300548,0
BAM0636,2010-07-01,0,0,-19.309619787597853,0
GKO0078,2010-12-21,0,0,-8.813698401797978,0
JJB0700,2010-11-17,0,0,-4.64161472324372,0
IWM0816,2010-05-10,0,0,-7.283265428596906,0
MVF0594,2011-03-18,0,0,-2.2832896928276796,0
PGC0066,2011-02-09,0,0,-27.995584789606255,0
MCD0125,2010-04-05,0,0,-17.033843887280682,0
XHW0498,2010-01-18,0,1,-5.853985970713779,0
PNH0761,2011-02-21,0,0,-20.325725808550146,0
MSD0939,2010-08-24,0,0,-28.244587849868026,0
DBS0235,2010-09-21,0,0,-21.719397558858873,0
ZSK0258,2010-06-04,0,0,-19.678303926995,0
LHL0309,2011-02-21,0,0,-2.357023279364853,0
KKC0683,2011-01-07,0,0,-6.024610844317294,0
QJR0688,2010-06-14,0,0,-25.498194668427573,0
MDM0625,2011-02-10,0,0,-0.4334828168940703,0
BSB0990,2011-05-05,0,0,-5.115600584972526,0
RMS0266,2010-04-30,0,0,-10.425153692467575,0
LBC0356,2011-02-17,0,0,-21.674802614208033,0
AES0827,2011-02-22,0,0,-0.9603885267399619,0
GQP0743,2010-06-24,0,0,-6.986245192531328,0
DMG0358,2010-07-28,0,0,-21.704059669941216,0
OMM0944,2011-02-16,0,0,-3.7022810571497757,0
SBK0161,2010-10-21,0,0,-19.441235465505997,0
MOP0763,2010-09-02,0,0,-16.07223347027059,0
TTD1000,2010-05-03,0,0,-17.602400987373358,0
HJB0742,2010-04-05,0,1,-8.01173756910714,0
FTM0406,2010-11-11,0,1,-12.19043096508824,0
DPS0262,2010-05-18,0,0,-18.462541784511245,0
NKP0236,2010-03-25,0,0,-29.339540836911738,0
KQS0415,2010-10-01,0,0,-7.091948232869981,0
ENC0234,2010-07-26,0,0,-10.063453816633,0
NCK0295,2010-01-19,0,0,-0.029480686207648432,0
KBP0008,2010-09-15,0,0,-23.324385689195537,0
BMG0917,2010-03-03,0,0,-5.759219792337603,0
CJG0470,2011-01-10,0,0,-0.7224114404158399,0
HJA0018,2011-03-18,0,0,-20.280654475262054,0
HCS0003,2010-12-17,0,0,-24.73469971810573,0
BNG0237,2010-06-04,0,0,-3.2530768186591104,0
NAF0033,2010-01-27,0,0,7.369026128521114,1
ZFM0468,2011-01-31,0,0,-1.3883418056542496,0
PKB0429,2010-03-01,0,0,-14.709878701847856,0
JMD0520,2010-02-02,0,0,-19.40135733482191,0
AKK0329,2010-08-23,0,0,-17.540250625931776,0
QNF0205,2010-05-14,0,0,-2.2539850957151657,0
ECL0930,2010-07-08,0,0,-27.595503298240942,0
SDF0017,2011-01-19,0,0,-20.467485781154096,0
SES0477,2010-08-03,0,0,-7.791796749828109,0
SJW0451,2010-11-17,0,0,-2.3067309677462617,0
SGB0140,2010-02-16,0,0,-0.692388082700063,0
BHC0665,2010-01-28,0,0,-16.852403254823457,0
CJP0952,2010-03-03,0,0,-2.22460976006937,0
NCH0179,2010-02-08,0,0,-27.49338054764212,0
JER0404,2010-06-17,0,0,1.7779903130401635,0
HAH0248,2010-08-31,0,0,-17.653241550781217,0
HIA0414,2010-02-02,0,0,-4.971713251306255,0
PEV0323,2010-02-08,0,0,-7.878789951158296,0
CGF0337,2011-04-19,0,0,-19.811767604280817,0
AIM0627,2011-01-14,0,0,-6.4932608613821685,0
AAE0190,2010-12-28,0,0,-25.575975939349178,0
DIC0988,2010-11-01,0,0,-1.2999652118185168,0
NWT0098,2010-05-21,0,1,-17.461224915995558,0
PPF0435,2010-01-11,0,1,-12.470894177522723,0
KMS0657,2010-01-18,0,0,-20.550515814106348,0
IJM0444,2010-08-12,0,0,-5.728144787674978,0
HMM0108,2010-02-04,0,0,-9.71289533493541,0
AAV0450,2010-09-01,0,0,-1.6680305294240725,0
BMG0917,2010-08-20,0,0,-9.20432400037464,0
XRS0633,2011-03-22,0,0,-21.98291566403941,0
IWM0816,2010-09-01,0,0,-3.681835745991634,0
ESR0693,2010-06-28,0,0,-26.008875740258873,0
LQC0479,2010-09-10,0,1,-6.19840489437388,0
GOK0238,2010-05-25,0,0,-27.047820217046933,0
MNS0224,2010-07-15,0,0,-20.943378656320192,0
TCD0009,2010-10-15,0,0,-26.42963769507128,0
HSB0196,2011-01-27,0,0,3.9124883130499484,0
ARD0509,2010-01-14,0,0,-18.64532580484547,0
BSB0990,2010-01-25,0,0,-9.610591337951064,0
SMH0291,2011-04-02,0,0,-4.581364555174787,0
PTH0552,2011-01-18,0,0,-0.5390818897600411,0
ANT0430,2010-01-21,0,0,-10.978924785268077,0
BXJ0010,2010-12-13,0,0,-14.694979833415687,0
AAF0791,2010-10-13,0,0,-8.683994349533577,0
AMV0036,2010-01-04,0,0,2.6495067705710653,0
IUY0279,2010-10-06,0,0,-8.354830004792916,0
RRA0938,2010-08-03,0,0,-9.888346013603723,0
OMS0101,2011-03-21,0,0,-25.729333992829766,0
CQH0701,2010-07-06,0,0,-0.22543925009529175,0
BIH0745,2010-06-30,0,1,-7.661376817726932,0
IJW0851,2010-05-13,0,0,-5.29140951290583,0
IUB0565,2010-08-04,0,1,-4.597345223597358,0
DMG0358,2010-09-23,0,0,-21.952063685082294,0
EFS0882,2010-11-18,0,0,-19.88698136452581,0
XLB0710,2010-01-11,0,0,3.3192509359057567,0
MBG0438,2010-02-04,0,0,-11.649957205344663,0
DMK0257,2010-05-19,0,0,-17.653340428378783,0
FDE0117,2010-01-25,0,0,-24.235524017036823,0
SDO0170,2010-04-06,0,0,-5.276801043546811,0
NMS0280,2010-04-06,0,0,-19.0242262602643,0
JCR0289,2010-08-05,0,0,-0.4596809819545342,0
DMK0257,2010-12-28,0,0,-15.842310088124577,0
GBM0603,2011-01-12,0,0,-4.797306001038692,0
ARA0252,2010-12-17,0,0,-18.187490775721926,0
DCH0843,2010-12-01,0,1,-3.9971648671184994,0
MHA0798,2010-01-05,0,0,-2.6432156450423463,0
VCC0396,2011-03-07,0,0,-1.7076179025395959,0
AHD0848,2011-03-17,0,0,-4.330058520519856,0
BXJ0010,2010-12-01,0,0,-21.162620251824364,0
CCA0046,2010-03-11,0,1,-19.05728911205597,0
DLF0377,2010-05-17,0,0,2.1386004522073563,0
PAD0773,2010-09-29,0,0,-20.870558454047114,0
LJT0817,2010-09-21,0,0,-25.513390349027077,0
AOK0844,2010-04-17,0,0,-4.825428386535691,0
YCE0983,2010-03-11,0,0,-24.221010919867126,0
HWH0646,2010-10-06,0,0,-19.60588478054001,0
RVC0232,2010-12-13,0,0,-4.083316754975954,0
NMB0972,2010-12-29,0,0,-0.3858800300046141,0
IIL0513,2011-04-13,0,0,-21.143585374931035,0
CMM0487,2010-05-03,0,0,-5.37208956562381,0
MSD0939,2011-02-21,0,0,-27.327366064558532,0
PDW0259,2010-08-09,0,0,-18.96737977108512,0
PNH0761,2010-12-13,0,0,-14.444991742287016,0
IIL0513,2010-05-13,0,0,-18.81217657381194,0
NAF0326,2010-12-30,0,0,-7.181876091586901,0
ARD0509,2010-03-11,0,0,-20.1411338579544,0
EGK0893,2010-03-15,0,0,-20.291306403365866,0
DOL0332,2010-10-19,0,0,-19.099001646319948,0
AKW0167,2011-03-11,0,0,-26.508817859063583,0
RRA0938,2010-03-22,0,0,-3.2702669099113564,0
CBG0398,2010-12-28,0,0,-6.99717181958124,0
JMW0638,2011-01-27,0,0,-19.69328658777306,0
IIA0092,2010-11-16,0,0,-8.833920629739396,0
QNF0205,2010-08-13,0,0,-2.5265955895777097,0
AVM0947,2011-03-14,0,0,-7.054157921168894,0
KVS0425,2010-11-29,0,0,-7.476921804837616,0
ASS0517,2010-05-05,0,0,-21.654854343668717,0
MBR0724,2010-11-12,0,0,-0.7064905313396821,0
MKS0204,2010-01-14,0,0,-2.459139720327812,0
MLP0668,2010-02-22,0,0,-1.725032725308779,0
CAN0842,2010-07-09,0,0,-0.9964347838972571,0
SJO0209,2010-04-20,0,0,0.5426198132013269,0
AIM0627,2010-07-07,0,0,-7.108787046283965,0
DDA0476,2010-02-09,0,0,-7.356297827950016,0
TVS0050,2010-10-26,0,0,-20.983825926463282,0
RCP0785,2010-10-20,0,0,-21.512079784629805,0
CLH0703,2010-12-14,0,0,-1.1260412373189865,0
LAM0911,2010-10-26,0,0,11.357377810606636,1
PGC0066,2010-05-20,0,0,-25.350778342496483,0
ILC0838,2011-03-24,0,0,-0.9964347838972571,0
AKK0329,2010-02-23,0,0,-17.43425410021348,0
ILH0958,2011-03-01,0,0,-0.9964347838972571,0
HDD0806,2010-06-14,0,0,-6.549550761144701,0
IBP0883,2010-10-15,0,0,-20.532290607096115,0
SVL0940,2010-08-26,0,0,-6.2816140107706815,0
ARB0881,2011-01-24,0,0,-20.412769216833453,0
HBB0056,2010-05-20,0,0,-20.148346176032305,0
MCS0035,2010-06-10,0,0,2.395174845508791,0
DVW0103,2010-05-12,0,0,-8.09020612768029,0
HCM0267,2011-04-25,0,0,-5.06833030928442,0
RAM0447,2010-02-26,0,0,-2.22460976006937,0
DOP0562,2011-02-11,0,0,-28.055524489353957,0
HPH0075,2010-03-08,0,0,-9.466708863042186,0
WGR0833,2011-01-26,0,0,-1.0831116803301484,0
ESJ0670,2010-08-17,0,0,-21.901354476970596,0
CAB0388,2011-03-08,0,0,-22.76714232243478,0
LOF0311,2011-02-16,0,0,-4.70861339685689,0
CTR0341,2010-02-11,0,0,-20.123027596858606,0
AJH0175,2010-08-17,0,0,-5.272410979097799,0
NBH0256,2010-08-06,0,0,-19.479748497580204,0
GRM0868,2010-12-14,0,0,-6.966749123013301,0
OCS0865,2010-05-12,0,0,-5.3357541150190855,0
UIR0043,2010-08-24,0,0,-21.509756771491652,0
LDG0459,2010-02-09,0,0,-4.547844656032225,0
CGF0337,2010-03-30,0,0,-20.998304312089658,0
SSJ0784,2010-12-07,0,0,-20.610613680184656,0
ALB0892,2010-01-29,0,0,-22.360773409824674,0
SMH0291,2011-01-22,0,0,-1.6008576746214658,0
XLB0710,2010-05-26,0,0,-0.7064905313396821,0
ADF0397,2010-03-29,0,0,-10.602588685873911,0
MNC0717,2010-02-03,0,0,-1.765124657373235,0
LHN0151,2010-11-01,0,0,-0.34087968296285,0
HWW0436,2011-02-02,0,0,-12.379634440796394,0
IAR0694,2010-10-13,0,0,-27.27121628146881,0
JIM0095,2010-08-27,0,0,-26.13715673375384,0
RIH0777,2010-05-04,0,0,-19.818109441574506,0
TJG0582,2010-01-19,0,0,-0.029480686207648432,0
MIL0255,2010-04-09,0,0,-20.375748081480083,0
XWD0923,2010-08-05,0,0,4.091433528607013,0
SRH0155,2011-01-06,0,0,-27.56740248204858,0
HRB0351,2010-08-14,0,0,-16.69161605474835,0
CKD0680,2010-08-31,0,0,-24.13972073766695,0
HAM0985,2011-05-06,0,0,-23.296020054266478,0
AAW0353,2011-03-10,0,0,1.504839272404638,0
DDM0579,2010-12-20,0,0,-3.6442671602233077,0
CPG0322,2010-08-03,0,0,-5.206149169664968,0
KDT0346,2011-01-11,0,0,-20.143695022162547,0
HLM0933,2010-10-12,0,0,-7.022664776317924,0
BKW0374,2010-02-08,0,0,-22.65555769370826,0
POB0343,2010-05-05,0,0,-19.49391359838046,0
TET0621,2010-12-10,0,0,-7.032423037781086,0
CTW0500,2011-05-11,0,0,-4.8312870202937575,0
LIM0674,2010-04-23,0,0,-10.96621387160269,0
JOM0750,2010-02-22,0,0,-6.605093970596954,0
CLF0852,2011-02-23,0,0,-6.721771304359891,0
JKM0303,2010-02-11,0,0,-0.4596809819545342,0
DKB0631,2010-10-04,0,0,-18.45544914801519,0
JXH0493,2010-08-11,0,0,-6.37719438417389,0
CEL0561,2010-06-17,0,0,-29.195855370296158,0
KRL0501,2010-08-24,0,1,-3.982039658852841,0
KPP0452,2010-11-12,0,0,-1.4904878636043577,0
HWW0436,2010-05-06,0,0,11.360119017253965,1
AAE0190,2010-11-30,0,0,-25.697498699982702,0
JRL0574,2010-06-10,0,0,-2.393743454302694,0
AJP0723,2010-07-15,0,0,-0.9964347838972571,0
PLH0715,2010-06-11,0,0,-3.2865737661952608,0
AIP0982,2010-04-12,0,0,-19.595343789875415,0
LHB0967,2011-02-14,0,0,-2.5846566095701746,0
USH0199,2011-02-11,0,0,-21.089114842838512,0
CMM0487,2011-01-24,0,0,-5.6522429265717165,0
SBN0866,2010-11-30,0,0,4.516951116237806,0
MDM0625,2011-05-09,0,0,-3.9685405770883335,0
NCK0295,2010-10-01,0,0,-2.7687114063107856,0
SRS0231,2011-02-28,0,0,-21.949898726851757,0
DLM0051,2010-08-17,0,0,-12.67663140131333,0
EZT0640,2011-04-29,0,0,-19.87748112590839,0
SCP0130,2010-04-21,0,0,-2.15121495565279,0
HSB0196,2011-01-22,0,0,2.499246890053314,0
JCR0289,2010-12-21,0,0,-3.451653225405721,0
HAV0121,2010-01-11,0,0,-11.494462154403664,0
TDG0962,2010-11-30,0,0,-1.8311822238694049,0
PTH0830,2010-09-17,0,0,-3.067758533759161,0
KNW0644,2011-05-06,0,0,-19.489588200837375,0
ERH0449,2010-12-21,0,0,-0.4596809819545342,0
KRG0158,2010-05-26,0,0,-27.922555206256106,0
GJD0298,2010-06-21,0,0,-0.4596809819545342,0
KCF0045,2010-03-22,0,0,-23.210563534965445,0
JKJ0698,2010-10-22,0,0,3.537883334020421,0
HSP0290,2011-02-01,0,0,6.760363067025423,1
HGG0240,2010-12-13,0,0,-27.12772624153456,0
CAM0681,2010-06-30,0,0,-22.485320687879266,0
AMR0400,2010-03-16,0,0,-5.197278063875842,0
TJD0996,2010-07-07,0,0,-17.359654706559127,0
BWH0813,2010-07-30,0,0,-25.750949990024992,0
VLB0647,2010-08-19,0,0,-19.231750392577737,0
DCH0843,2010-09-10,0,1,-1.1260412373189865,0
ZKS0899,2010-02-23,0,0,-22.144628356105045,0
AAV0450,2011-03-21,0,0,-0.4596809819545342,0
PBP0002,2010-09-17,0,0,-28.625022872339855,0
VSS0154,2010-08-25,0,1,-26.636666664553672,0
JMC0925,2010-04-08,0,0,-10.550574340711705,0
CBG0398,2010-03-12,0,0,-8.701528359377903,0
HAC0282,2010-05-13,0,0,-18.760962713063122,0
BNG0237,2010-07-13,0,0,-10.222973799670854,0
RCC0617,2010-03-04,0,0,-6.67547243481215,0
NAF0326,2011-04-12,0,0,-0.6044777223528399,0
LDB0090,2010-09-23,0,0,-27.827159756141555,0
JCG0316,2010-02-15,0,0,-3.940580715489432,0
KCF0045,2010-08-09,0,0,-20.492840911611324,0
KQC0708,2011-02-11,0,0,-0.7261734935627828,0
BMS0877,2010-05-17,0,0,-5.5049893952788125,0
CQH0730,2011-01-20,0,0,-5.825373438646693,0
DZC0228,2010-06-03,0,0,-12.681501466755208,0
ICS0956,2010-11-15,0,0,-0.9964347838972571,0
CJM0138,2010-12-22,0,0,6.760363067025423,1
OKC0107,2010-09-17,0,0,-11.292397235026442,0
HSP0290,2010-02-08,0,0,-0.029480686207648432,0
DGW0752,2010-03-05,0,0,-6.513682255378171,0
JAD0609,2010-05-21,0,0,-4.53023183302264,0
WBC0192,2010-05-18,0,0,-26.452701896604026,0
TLH0648,2010-05-19,0,0,-19.762262412447967,0
IBM0671,2010-10-01,0,0,-10.340021091941935,0
MSS0001,2010-07-23,0,0,-15.948076433734627,0
SNC0187,2010-10-05,0,0,-23.018540059201314,0
CMW0783,2010-12-14,0,0,-22.300056690424185,0
KBL0260,2010-04-30,0,0,-18.87146900000903,0
KMB0922,2010-12-16,0,0,-22.60967394289753,0
KQS0415,2010-01-08,0,0,-4.980616841012875,0
ROB0272,2010-01-11,0,0,-3.45075684379799,0
LJB0826,2010-08-03,0,0,-0.9964347838972571,0
KBS0874,2010-06-16,0,0,-1.9288385396016565,0
GZC0735,2010-03-24,0,0,-2.81669614961379,0
CAB0614,2010-04-14,0,0,-4.974437512664281,0
JFC0757,2010-01-05,0,0,-22.017591307112866,0
VEB0935,2011-03-28,0,0,-25.269174276809963,0
MES0407,2010-01-28,0,0,-9.613004838584061,0
DRR0242,2010-06-16,0,0,-27.104146495822647,0
BLL0929,2010-12-29,0,0,-26.46894781155686,0
SAC0687,2010-02-16,0,0,-26.025381063758346,0
TET0621,2011-02-09,0,0,-7.291786127175669,0
YJV0699,2010-01-08,0,0,-0.3858800300046141,0
KBB0189,2010-07-28,0,0,-26.924716832663876,0
ASS0206,2010-12-20,0,0,4.961849482413754,0
RJM0381,2010-09-21,0,0,-22.135452700513042,0
NUL0471,2010-08-10,0,0,-4.264906485433357,0
BHC0665,2010-05-21,0,0,-15.005767845920559,0
KSH0569,2010-11-10,0,0,-7.726590477535865,0
GRC0145,2010-07-16,0,0,-28.23974904672923,0
CCM0467,2010-01-13,0,0,-0.029480686207648432,0
KJM0887,2011-02-01,0,0,-22.300056690424185,0
PKB0281,2010-08-10,0,0,-18.428918852390325,0
GQP0743,2010-01-12,0,0,-5.598650119465333,0
GQF0659,2010-02-08,0,0,-21.1384972750551,0
TET0621,2011-01-06,0,0,-5.150355854774261,0
NMB0972,2011-03-23,0,0,-0.7064905313396821,0
DBS0235,2010-10-14,0,0,-20.999055319599506,0
FLM0213,2010-10-13,0,0,4.873124673216012,0
MKS0204,2010-02-16,0,0,-1.2202720901607336,0
ABH0663,2010-04-27,0,0,1.2403620969882923,0
DOL0332,2010-08-09,0,0,-19.32635882626448,0
SVL0940,2010-05-12,0,0,-7.853548044008107,0
GMF0738,2010-07-26,0,0,-7.429942529266896,0
DLF0377,2010-06-29,0,0,-1.1432665526180017,0
MDH0580,2010-03-23,0,1,-5.51723368054013,0
GCC0744,2011-03-16,0,0,-6.6143890078702725,0
CJP0952,2010-11-12,0,0,-0.9964347838972571,0
KCO0122,2011-03-28,0,0,-10.054068976359758,0
DHM0937,2011-05-09,0,0,-28.493026503346755,0
OKC0107,2011-01-07,0,0,-11.686587973619453,0
SPA0141,2010-04-29,0,0,-27.838140615236625,0
HBO0413,2011-04-11,0,1,-6.8102990515398005,0
KDT0346,2010-11-08,0,0,-17.110645276181003,0
PNH0761,2010-10-13,0,0,-21.489184625798657,0
NHH0185,2010-08-30,0,0,-18.78666317777845,0
BCB0679,2010-10-01,0,0,-1.6019295099566762,0
POB0343,2011-04-26,0,0,-18.48721488163278,0
UBF0645,2011-01-06,0,0,-19.812979239434753,0
LJJ0905,2010-06-16,0,0,-21.161350051355612,0
SKG0759,2010-03-25,0,0,-18.892361859914217,0
MAH0864,2010-10-14,0,0,-3.1234467797274874,0
KWC0004,2011-03-08,0,0,-26.620160367755375,0
HCL0113,2011-05-05,0,0,-10.884970402059594,0
HLM0933,2011-01-27,0,0,-8.245821398956991,0
BLB0114,2011-04-14,0,0,-17.29659586687285,0
ENL0100,2010-03-09,0,0,-20.5425825254614,0
PNL0301,2010-03-31,0,1,-1.8992503703140073,0
DAG0558,2010-03-12,0,0,-28.015292459623538,0
HVF0067,2010-08-11,0,0,-5.131345424970846,0
MKG0711,2010-11-17,0,0,-2.3067309677462617,0
VMJ0546,2011-04-12,0,0,-12.71632944341593,0
PTH0830,2010-03-19,0,0,-1.3883418056542496,0
JPW0741,2010-10-05,0,0,-4.364284858121096,0
AGB0643,2010-01-29,0,0,-18.966040526622578,0
SMH0291,2010-02-12,0,0,-0.692388082700063,0
RLG0856,2010-01-21,0,0,-5.177409125282907,0
AAE0190,2011-02-08,0,0,-25.871598346491055,0
ETR0177,2010-09-23,0,0,-26.003821708149644,0
CTR0341,2010-06-03,0,0,-20.976631304217904,0
EIM0156,2010-06-22,0,0,-23.02491732711394,0
HIW0536,2010-07-09,0,0,19.264928045186252,1
MCJ0324,2010-10-06,0,0,-4.413928597820018,0
HDD0806,2010-01-25,0,0,-4.941828230129886,0
AMD0077,2010-09-27,0,0,-12.74660103128383,0
AMH0464,2011-04-29,0,0,-0.9964347838972571,0
CSH0626,2010-06-03,0,0,-1.2359139124041576,0
JBD0616,2011-02-17,0,0,-8.555211484922324,0
DLM0051,2010-10-20,0,0,-16.16370458559561,0
LDM0587,2010-12-09,0,0,-0.4596809819545342,0
AHD0848,2010-03-30,0,0,-2.22460976006937,0
BVC0790,2011-04-30,0,0,-17.200429461425756,0
RFP0380,2010-09-03,0,0,1.9561757542458054,0
CJM0521,2010-06-07,0,0,-19.830551687494108,0
HAH0248,2010-07-19,0,0,-11.711190024081247,0
AJR0319,2010-10-05,0,0,-5.398001871915085,0
CAA0612,2010-06-01,0,0,-8.738160549414602,0
HPM0986,2010-08-05,0,0,-18.708950009395494,0
TSG0906,2010-12-27,0,0,-19.25451810998834,0
CBG0490,2010-10-19,0,0,-7.3782782160362785,0
IBM0671,2010-06-11,0,0,-7.587472188588322,0
JCW0858,2010-05-28,0,0,-6.317702527661936,0
MAE0331,2010-07-19,0,0,-19.226613609187552,0
JJM0203,2010-06-09,0,1,-22.401870892480815,0
CNE0352,2010-12-07,0,0,-14.372186503309763,0
SSS0345,2010-05-25,0,0,-18.335298379303254,0
CCH0685,2010-06-14,0,0,-24.554241610766667,0
CJF0802,2011-01-18,0,0,1.434651588443785,0
YCE0983,2010-05-10,0,0,-24.233887123136014,0
ORM0669,2010-02-12,0,0,-2.435398578442232,0
VMJ0546,2010-11-12,0,0,-10.187660793201417,0
FMG0527,2010-03-04,0,1,-18.958950842231047,0
MCJ0324,2010-01-14,0,0,-6.742108047066267,0
AKH0758,2010-10-14,0,0,-20.291306403365866,0
ASG0692,2010-06-28,0,0,-25.02425414785023,0
MKP0861,2010-10-13,0,0,-6.2130870513923355,0
LAM0911,2011-02-07,0,0,12.77647843907289,1
AKW0167,2010-12-27,0,0,-28.453842879937497,0
THR0873,2011-04-27,0,0,-3.4231102595121,0
CGF0337,2010-12-13,0,0,-20.367376032475136,0
WJD0576,2011-04-01,0,0,-0.4596809819545342,0
NCH0179,2010-04-30,0,0,-27.326884194070203,0
WBC0315,2011-03-01,0,0,-3.1913550060371563,0
CCM0136,2010-04-07,0,0,-3.5760866111546648,0
IBP0883,2010-05-19,0,0,-21.777042508392924,0
LNR0656,2011-03-11,0,0,-20.618130847447105,0
AAF0791,2010-05-27,0,0,-10.581792497105312,0
TEM0977,2010-01-20,0,0,-14.556068719871405,0
KDS0349,2010-11-12,0,0,14.402156369285876,1
DAL0673,2011-05-10,0,0,-8.194505035595284,0
RDM0115,2010-01-08,0,0,-27.005081574739165,0
CJM0138,2011-04-12,0,0,-3.5437051560696773,0
FFC0891,2010-09-16,0,0,-21.088730434575268,0
SMY0792,2010-07-08,0,0,-6.596330650751611,0
RTO0313,2010-03-16,0,0,-4.929333218567763,0
DIW0118,2010-06-07,0,0,-24.00434371612971,0
PTH0552,2010-02-08,0,0,-1.9422789046918751,0
WDD0366,2010-08-11,0,1,-21.195876145053603,0
KRL0062,2011-03-01,0,0,-27.17243554539357,0
WIF0691,2010-02-12,0,0,-21.966034294020005,0
WJD0576,2011-03-28,0,0,-0.029480686207648432,0
LPC0492,2010-08-10,0,0,-3.8685159801729014,0
JBD0616,2011-05-06,0,0,-6.666895863350192,0
NAB0801,2011-03-21,0,0,-1.0875053070921012,0
TCD0009,2010-01-11,0,0,-26.358362537599646,0
MDH0580,2011-01-07,1,1,-4.80401161754105,0
SCP0130,2010-01-22,0,0,-0.739666586076396,0
BBH0810,2011-03-18,0,0,-27.93489551207722,0
ORM0669,2011-03-22,0,0,-0.719650616339095,0
HIA0414,2010-09-29,0,0,-12.182487252912097,0
KSP0966,2010-07-16,0,0,-0.7064905313396821,0
YCE0983,2010-01-20,0,0,-23.60843356135115,0
TQS0212,2010-01-04,0,0,7.051263605283566,1
HDJ0446,2010-11-23,0,0,-0.3858800300046141,0
KNG0672,2011-01-18,0,0,-10.663699374836824,0
JMW0638,2010-10-25,0,0,-19.56064698690068,0
BJP0134,2011-03-22,0,0,-4.7399670516971355,0
EGD0409,2010-03-03,0,0,-18.841040566113747,0
IMB0481,2010-12-09,0,0,-5.831249575164861,0
MGS0974,2011-02-24,0,0,-20.57791012517896,0
CJM0138,2010-04-30,0,0,-1.2018865578410214,0
JCR0289,2011-05-06,0,0,-0.029480686207648432,0
HJB0742,2010-06-08,0,1,-8.066208149657768,0
IBS0836,2010-11-29,0,0,-3.9367329886101743,0
WJD0576,2010-09-29,0,0,-0.029480686207648432,0
KRM0541,2010-07-16,0,0,-21.524703142058115,0
FOB0756,2011-02-27,0,0,-19.349376358932545,0
MHA0798,2010-05-27,0,0,-3.9503820854830565,0
BTL0226,2010-07-06,0,1,-9.303113220687123,0
AIH0675,2011-04-12,0,0,-23.51609640111667,0
HMW0713,2010-02-12,0,0,-0.22543925009529175,0
HCL0113,2010-11-30,0,0,-9.605705331135823,0
FEB0306,2010-09-24,0,0,-4.237127811729692,0
JRG0207,2010-11-10,0,1,3.4379160272817444,0
KCF0045,2010-01-19,0,0,-21.84132107994958,0
ARD0509,2011-03-24,0,0,-20.1411338579544,0
KVS0425,2011-01-24,0,0,-10.19578242495163,0
MIM0712,2010-04-07,0,0,-3.067758533759161,0
TLK0993,2010-04-15,0,0,-10.514936828049827,0
LTS0860,2010-07-14,0,0,-7.041074734065319,0
ESH0283,2010-05-25,0,0,-13.392773449338165,0
TSM0927,2010-10-22,0,0,-22.002323915821194,0
ZJE0857,2011-03-04,0,0,-4.478829540301149,0
KTG0091,2010-01-07,0,0,-10.294506384875717,0
VIA0063,2011-03-04,0,0,-24.00968544163527,0
EHB0420,2010-05-17,0,0,-18.384457812717187,0
SOB0360,2010-02-26,0,0,-20.1073251945312,0
ARD0509,2010-03-15,0,0,-20.934313054350014,0
CAC0889,2010-02-26,0,0,-21.387727140010725,0
KJW0416,2010-11-16,0,0,-11.78993471890135,0
CCW0524,2010-03-11,0,0,-19.88698136452581,0
GCL0016,2010-04-06,0,0,-26.70795075780279,0
IEB0153,2010-12-24,0,0,-1.6413180854547136,0
RHO0732,2010-10-25,0,0,-4.632862972223734,0
MKG0711,2010-08-17,0,0,-0.3858800300046141,0
TLK0993,2010-01-28,0,0,-8.536093640221452,0
IIL0513,2010-09-04,0,0,-18.69131550627742,0
RAG0275,2010-11-10,0,0,-18.777094864907667,0
PES0085,2010-06-04,0,0,-27.71825701243165,0
DHM0937,2011-05-16,0,0,-27.313421595015484,0
ERH0449,2010-02-15,0,0,-3.2814880105289603,0
CGB0637,2010-10-28,0,0,-16.50496785247458,0
ALD0529,2010-11-02,0,0,-21.68843689264645,0
SAC0687,2010-01-06,0,0,-26.160669747041993,0
UCS0227,2010-08-31,0,0,-0.31035132262275056,0
TSM0363,2010-11-23,0,0,-21.037998417266977,0
DLF0377,2011-02-16,0,0,4.7874923315301885,0
LJJ0905,2010-03-17,0,0,-20.677025923347287,0
NMC0486,2010-02-15,0,0,-5.600357460173541,0
VIA0063,2011-02-18,0,0,-25.388605433161274,0
LDG0459,2011-05-02,0,0,-1.9297300539783464,0
CGA0629,2011-02-21,0,0,-4.446517512080845,0
KCS0173,2011-02-25,0,0,-4.130726935861048,0
SBH0537,2010-06-22,0,0,-26.521671619821632,0
IMB0481,2011-03-29,0,0,-6.441589719989452,0
JTS0389,2010-05-14,0,0,-20.657033433604397,0
ALD0544,2010-12-30,0,0,-0.8999668900474944,0
NWK0215,2011-03-23,0,0,4.102926342028809,0
RDT0424,2010-10-28,0,0,-6.01253271359667,0
OMS0101,2010-02-09,0,0,-23.852428750139325,0
RKF0164,2010-04-26,0,0,-22.679420568827595,0
LPC0492,2010-05-06,0,0,-4.844197372390795,0
AKR0057,2010-02-25,0,1,-24.60099761641743,0
EZH0736,2011-03-10,0,0,-5.404494983169684,0
ELH0960,2010-06-02,0,0,-2.7105248847627763,0
HDD0806,2011-04-03,0,0,-11.299591491202591,0
GRM0868,2010-02-25,0,0,-4.442518857579444,0
KJG0910,2010-09-15,0,0,-18.693479798396766,0
ESA0642,2010-04-22,0,0,-19.863901837430035,0
HIA0414,2010-10-18,0,0,-6.419107747673365,0
MDM0625,2010-01-25,0,0,-7.373890978823397,0
CAS0507,2011-05-16,0,0,-19.933291332973567,0
KBL0260,2011-03-17,0,0,-19.163190639756294,0
TSR0676,2010-04-19,0,0,-19.826076575333218,0
MSD0939,2010-08-23,0,0,-28.77489504579978,0
ANT0430,2010-05-06,0,0,-11.493399126351619,0
MDM0976,2011-02-25,0,0,-21.47052566039349,0
ABC0253,2010-02-01,0,0,-18.89526595894381,0
IIW0249,2010-04-14,0,0,-17.45065716372676,0
MVB0515,2010-02-23,0,0,-23.447860886963213,0
BAL0044,2010-12-20,0,0,-19.709255404628607,0
FPC0954,2011-04-27,0,0,-0.7261734935627828,0
RJB0088,2010-10-25,0,0,-18.733002494168204,0
KSP0357,2010-04-21,0,0,-20.964519524377465,0
DCC0160,2010-05-21,0,0,-21.32682712075166,0
JRL0574,2010-08-17,0,0,-0.029480686207648432,0
CKB0427,2011-03-21,0,0,-13.033535308577257,0
BMC0547,2010-05-18,0,0,-11.199183320375255,0
HDH0928,2010-07-21,0,0,1.6306364863023646,0
CCH0685,2010-07-06,0,0,-25.782450726698244,0
KMS0657,2010-05-13,0,0,-21.24993989130121,0
SBN0971,2010-12-27,0,0,-1.589437420292029,0
ALD0544,2010-08-02,0,0,3.267163878728411,0
NUL0471,2011-01-05,0,0,-4.264906485433357,0
RLB0719,2011-04-14,0,0,-0.7369174506420677,0
RIH0777,2010-05-18,0,0,-21.857797544538244,0
NAR0981,2011-01-19,0,0,-25.085583500495773,0
DMK0257,2010-04-30,0,0,-12.38834534301941,0
JJH0292,2010-07-01,0,0,-1.833257527821047,0
HBB0056,2010-05-21,0,0,-23.846709108990694,0
BLL0929,2010-07-22,0,0,-25.364333096705195,0
DRR0162,2010-09-10,0,1,-27.14796301357876,0
MIC0726,2010-03-11,0,0,-6.0855582461980475,0
MJS0890,2010-07-14,0,0,-19.37143917311994,0
MMG0943,2011-02-22,0,0,-1.3665597138254952,0
MPM0220,2010-07-14,0,1,-17.144772611349254,0
KPR0497,2010-04-06,0,0,-4.8673192038810384,0
MDM0625,2011-03-28,0,0,-1.896356822017765,0
AKK0329,2010-06-24,0,0,-19.243346497990274,0
MGS0974,2010-04-12,0,0,-20.97905237176792,0
JZD0888,2010-06-28,0,0,-20.88987158352893,0
KAC0124,2010-04-28,0,0,-18.967002632945878,0
JKJ0698,2011-03-21,0,0,-0.7064905313396821,0
ZFM0468,2010-07-14,0,0,-0.4596809819545342,0
JLW0053,2010-11-01,0,0,11.872331020553247,1
CAA0612,2010-02-25,0,0,-4.217290821615848,0
GHL0460,2010-07-19,0,1,-2.7687114063107856,0
WAS0254,2010-02-12,0,0,-18.40923843564724,0
AIP0394,2010-09-17,0,0,-3.623449625421017,0
HSD0457,2010-06-21,0,0,-0.7369174506420677,0
COM0321,2011-05-10,0,0,-2.481766901688843,0
ASL0378,2010-06-25,0,0,-22.903588927801025,0
BRM0995,2010-08-19,0,0,-11.085096262033517,0
BEH0615,2010-03-29,0,0,-2.048440484187722,0
GBM0603,2011-03-08,0,0,-5.061043423353567,0
PLH0862,2010-08-12,0,0,-4.304786050745406,0
JPW0741,2010-09-09,0,0,-4.506255604322519,0
CNE0352,2010-08-11,0,0,-14.019015673070498,0
JXH0493,2010-09-07,0,0,-7.423082011044926,0
EZH0736,2010-09-10,0,0,-8.937999637743815,0
TSR0676,2010-02-03,0,0,-20.919463543094594,0
HCS0003,2010-11-03,0,0,-20.2218810105104,0
CWR0502,2010-02-22,0,0,-7.6780108552525235,0
ASS0517,2010-09-02,0,0,-17.571469135015604,0
ZCF0590,2010-08-18,0,0,-2.2832896928276796,0
SAB0781,2010-12-20,0,0,-20.099024046161503,0
EPW0434,2010-03-05,0,0,-11.877215961089973,0
SNC0187,2010-05-13,0,0,-18.783855415945595,0
NBC0412,2011-03-11,0,0,-6.72085905255085,0
AOK0844,2010-12-24,0,0,-6.045990907316536,0
EGK0893,2010-08-05,0,0,-21.68843689264645,0
ICH0294,2011-04-27,0,0,-0.6480125171716509,0
CKB0427,2010-05-25,0,0,-13.300226321435275,0
HIA0414,2011-03-15,0,0,-3.1624530639347768,0
HWH0646,2010-10-29,0,0,-19.162507072808125,0
CJV0286,2010-01-08,0,0,-21.0505857399354,0
CAM0681,2011-05-02,0,0,-24.66870768645822,0
SBQ0786,2010-06-15,0,0,13.242935130645265,1
EFS0882,2010-10-25,0,0,-21.68843689264645,0
HAM0985,2010-06-15,0,0,-23.015122523521995,0
KJG0910,2010-08-13,0,0,-21.335937955741997,0
JCR0172,2010-09-17,0,0,-4.910736193212756,0
FKK0055,2011-03-07,0,0,-21.445656977754197,0
IMP0530,2011-03-14,0,0,-14.631135209324725,0
SGS0268,2010-01-11,0,0,-2.8385482457755415,0
ARL0034,2010-11-22,0,0,2.6538008330536513,0
ATP0662,2010-10-25,0,0,-22.831040729696042,0
JNA0559,2011-02-14,0,0,-7.973779826145119,0
SAK0375,2010-11-19,0,0,-21.00490379487644,0
BJH0354,2010-08-30,0,0,-26.497089313622155,0
NCH0179,2010-12-29,0,0,-26.80332877338958,0
NMS0280,2010-01-22,0,0,-20.929514709916475,0
ESH0135,2011-04-07,0,0,-1.2191903865591485,0
FHS0837,2010-07-12,0,0,-0.3858800300046141,0
AJN0607,2010-10-11,0,0,-5.031095767246711,0
JDF0593,2010-04-12,0,0,-4.237426168796446,0
DEB0782,2010-09-28,0,0,-21.232575671854647,0
HCS0003,2010-05-10,0,0,-21.103483930274706,0
BTN0061,2010-03-09,0,0,-22.932435763881813,0
MLD0755,2010-08-17,0,0,-6.695355757713742,0
HBB0056,2010-02-09,0,0,-23.06043920321099,0
VAA0087,2010-11-17,0,0,-18.945954329944584,0
SES0477,2010-10-08,0,0,-8.038288123612233,0
SSH0799,2011-02-16,0,0,-23.597782306416548,0
RAW0915,2010-11-18,0,0,-18.394617375097823,0
MCF0600,2010-03-09,0,1,-1.2191903865591485,0
RMS0266,2011-01-25,0,0,-11.173928415164482,0
NAB0903,2010-04-01,0,0,-21.23402994938772,0
FXF0957,2010-01-26,0,0,-2.3067309677462617,0
NRD0548,2011-01-11,0,0,2.5920124643718054,0
CFM0767,2010-01-07,0,0,-21.654854343668717,0
SBN0495,2010-04-22,0,0,-5.466352531368443,0
HAM0985,2010-05-06,0,0,-23.12642175721328,0
JCR0921,2011-02-18,0,0,-10.222857941035272,0
ESA0642,2010-02-11,0,0,-17.760728960146366,0
JRG0207,2010-11-03,0,1,5.976968830887586,0
KSP0357,2010-08-10,0,0,-21.558550114621198,0
FGW0853,2010-09-16,0,0,-7.217179199193197,0
AMW0392,2010-10-15,0,0,-26.18039287550573,0
MLP0668,2010-12-09,0,0,-2.3006641591026664,0
HWW0436,2010-05-25,0,0,-10.419482781408078,0
JMC0925,2010-11-04,0,0,-7.547370069379895,0
AJR0319,2011-02-16,0,0,-4.942112847019871,0
GCL0016,2010-11-12,0,0,-27.39503602657055,0
WVB0539,2010-07-15,0,0,-25.5272261850115,0
SBD0913,2010-03-31,0,0,-2.1745107649285274,0
IJR0825,2010-08-05,0,0,-2.3067309677462617,0
HMW0713,2010-03-08,0,0,-1.1703446480004231,0
MNC0717,2010-03-16,0,0,-1.4202651581832697,0
PIS0522,2010-11-10,0,0,-21.172365718006745,0
WDV0573,2011-02-14,0,0,3.477601823021587,0
TAC0300,2010-10-22,0,0,-2.5986346722643248,0
JRF0835,2010-04-05,0,0,-1.4904878636043577,0
MKS0204,2011-03-04,0,0,-5.890782133451694,0
IIW0249,2011-03-11,0,0,-17.333906567355484,0
SCB0534,2010-03-22,0,0,-18.892361859914217,0
CNE0352,2010-12-28,0,0,-14.842351207877869,0
HKR0628,2011-01-26,0,0,-5.26799684217292,0
DSB0731,2010-03-15,0,0,-4.058232688560338,0
NRF0137,2011-05-10,0,0,-0.4596809819545342,0
MLD0755,2011-03-09,0,0,-5.998275964934464,0
BSA0431,2010-12-30,0,0,-11.6708532660208,0
SLP0762,2010-04-08,0,0,-20.88987158352893,0
MLG0475,2011-01-21,0,0,-0.7224114404158399,0
YJF0532,2010-07-07,0,0,-19.900377560808693,0
DFR0218,2010-05-11,0,0,-21.677888653452555,0
DGN0480,2010-06-18,0,0,-4.98839357501447,0
IJW0851,2010-06-22,0,0,-4.34635198600904,0
CSC0217,2010-04-06,0,1,-21.436504369215868,0
LEM0605,2010-05-28,0,0,-6.449042715232736,0
CWR0502,2010-07-07,0,0,-8.143204833966024,0
OBH0499,2010-10-18,0,0,-2.1957402965351775,0
RJM0381,2011-01-19,0,0,-22.21246923939043,0
MDH0686,2010-07-08,0,0,-3.458212897842145,0
IUB0565,2010-01-05,0,1,-1.406548187512044,0
MAR0955,2010-10-20,0,1,-0.7064905313396821,0
MCS0035,2010-04-28,0,0,4.563777478590964,0
MDM0976,2010-02-22,0,0,-20.61164085382586,0
AAN0823,2010-11-11,0,0,-0.7064905313396821,0
BDV0168,2010-04-27,0,1,-4.02017665037863,0
LFS0071,2010-12-10,0,0,-4.642238990352666,0
EHR0096,2011-01-10,0,0,-25.63888273678708,0
YWW0660,2010-02-02,0,0,-19.50494015217646,0
JCG0316,2010-04-30,0,0,-0.9278821784857882,0
EIS0041,2010-11-30,0,0,-17.974072726431586,0
BBS0422,2010-01-24,0,0,-0.8359752062295911,0
ANT0430,2010-05-18,0,0,-10.692714955497422,0
ZMC0284,2010-06-30,0,0,-16.379853877739833,0
HIW0536,2010-10-28,0,0,13.412554274731747,1
CJM0521,2010-07-03,0,0,-17.539053247071365,0
KMW0545,2010-02-16,0,0,-6.497181391060394,0
DKB0631,2010-07-26,0,0,-20.52563808616219,0
NCK0421,2010-08-23,0,0,-26.890015166604826,0
MVF0594,2011-01-14,0,0,-0.4596809819545342,0
CCW0524,2010-05-10,0,0,-19.591256246888634,0
LRW0970,2011-05-11,0,0,-0.7261734935627828,0
ECL0930,2010-02-16,0,0,-28.588574456578158,0
CJP0952,2010-09-24,0,0,-2.22460976006937,0
MBR0724,2011-04-05,0,0,-1.1260412373189865,0
JIG0128,2010-08-05,0,0,-16.360630628704826,0
RYB0718,2011-04-06,0,0,-0.7064905313396821,0
MSH0040,2010-11-12,0,0,-21.96584746526196,0
JNA0559,2010-01-22,0,0,-6.728061255499938,0
CUD0795,2010-07-09,0,0,-9.554594083086727,0
SDB0106,2011-01-12,0,0,-16.907761298191645,0
CJC0494,2011-05-04,0,0,-6.914239842001052,0
TQS0212,2011-02-04,0,0,2.085191759480381,0
RHO0732,2011-02-03,0,0,-2.6050572672709222,0
ZKS0899,2010-01-22,0,0,-22.317926751229834,0
LBC0356,2010-05-24,0,0,-21.35386276072768,0
JKB0126,2010-10-08,0,0,-20.278741321055804,0
TIW0299,2010-10-25,0,0,-0.029480686207648432,0
IBM0671,2011-05-06,0,0,-9.044237933243949,0
CMW0783,2010-12-08,0,0,-18.57305593337037,0
OSH0655,2011-04-06,0,0,-18.64526851236849,0
DBW0483,2011-04-28,0,0,-4.505884443419063,0
EZH0736,2011-05-10,0,0,-6.910406897413395,0
ZJE0857,2011-03-16,0,0,-1.174323020903671,0
RHC0335,2011-03-15,0,0,-15.325701706547875,0
CKH0144,2011-04-13,0,0,-24.102558978929096,0
TSB0437,2011-01-04,0,0,-22.066251203243723,0
PES0085,2011-02-25,0,0,-28.108516651799732,0
GCS0571,2011-01-12,0,0,-1.23947277238085,0
KNW0644,2010-12-28,0,0,-18.780319288968485,0
SED0886,2010-01-20,0,0,-19.03595424097898,0
JOM0750,2010-01-26,0,0,-5.170112175107988,0
DTT0076,2010-10-08,0,0,-15.02247680773587,0
HKF0831,2010-09-02,0,0,-1.1703446480004231,0
SOF0808,2011-02-25,0,0,-27.189964280584604,0
SHR0334,2010-03-22,0,0,-19.47198526733939,0
CPG0322,2010-10-25,0,0,-3.6221487044264222,0
ENC0234,2010-07-19,0,0,-11.557314014615258,0
RLG0856,2010-08-17,0,0,-1.0444036198955473,0
HDD0789,2011-05-13,0,0,-24.765190068753554,0
JJH0292,2010-09-20,0,0,-2.689474856202196,0
BHC0665,2010-07-23,0,0,-18.753444461414347,0
GJD0298,2010-05-06,0,0,-0.029480686207648432,0
RGG0064,2010-11-02,0,1,-7.375117136978702,0
CCH0685,2010-03-02,0,0,-25.638734396832547,0
SPA0141,2010-02-08,0,0,-29.07852852861265,0
RHY0079,2010-01-08,0,0,-13.019684581332513,0
KBG0549,2011-02-02,0,0,-22.0134378208744,0
LIM0674,2010-06-01,0,0,-11.52505084201664,0
JJH0613,2010-08-05,0,0,-1.259342190779421,0
JAV0361,2010-03-16,0,0,-21.303913764401614,0
DGW0752,2010-11-01,0,0,-6.274892105645449,0
AGB0643,2010-05-10,0,0,-17.654681568463957,0
DAG0558,2011-05-12,0,0,-28.505044423764843,0
CCH0182,2010-10-21,0,0,-16.775226306357922,0
AMW0392,2010-06-30,0,0,-27.89685998325956,0
BAH0875,2011-01-11,0,0,-4.47573250256994,0
LCB0664,2010-09-27,0,0,-24.85816346276556,0
LHL0309,2010-01-05,0,0,-6.096223855504718,0
SDO0170,2011-02-01,0,0,-3.7906304064376855,0
EFS0882,2011-04-25,0,0,-21.498202546886546,0
ILJ0526,2010-04-26,0,0,-21.654854343668717,0
VEB0935,2011-02-10,0,0,-25.187867614395714,0
SMB0804,2010-06-16,0,0,-22.260394744886867,0
GAF0060,2010-03-03,0,0,-3.104643551872755,0
JOM0750,2010-09-27,0,0,-4.026764060468508,0
CEL0561,2010-09-28,0,0,-29.28180321488037,0
SXM0895,2010-08-24,0,0,-21.89072210486438,0
ORB0473,2011-02-21,0,0,-1.4904878636043577,0
QCH0110,2010-10-19,0,0,-22.360773409824674,0
CIM0271,2011-01-28,0,0,-22.187082444381872,0
TNM0961,2010-07-27,0,1,-1.474437207553592,0
NMB0972,2011-02-14,0,0,-3.384029984063204,0
NCH0179,2011-04-04,0,0,-27.312981689429648,0
NOB0181,2010-06-19,0,0,-16.575127575109832,0
CKB0482,2010-08-12,0,0,-8.062383676511217,0
JCW0858,2011-01-05,0,0,-5.9320359777128715,0
MOH0273,2010-03-15,0,0,-16.44330224454893,0
KJW0416,2011-01-10,0,0,-7.262430670228582,0
PLH0862,2010-10-18,0,0,-4.402378998145423,0
NWK0215,2011-03-09,0,0,2.2635872548383986,0
AIH0675,2010-07-02,0,0,-20.856021602259602,0
LJB0826,2011-03-07,0,0,-0.22543925009529175,0
PKB0281,2010-02-15,0,0,-17.813142706917233,0
JCV0245,2010-01-27,0,0,-8.953580845212969,0
ZSL0305,2011-04-27,0,0,-0.4596809819545342,0
SAA0999,2010-02-09,0,0,-11.985488313593919,0
BRS0734,2010-04-22,0,0,-2.9759082790525326,0
DOP0562,2010-09-21,0,0,-28.991576701801932,0
JGM0934,2010-02-16,0,0,-10.911982667984716,0
TNM0961,2010-06-11,0,1,-1.61486430278444,0
KJP0371,2010-11-24,0,0,-21.42570264503911,0
SSH0799,2010-09-28,0,0,-21.608512694544515,0
LNR0656,2010-08-24,0,0,-19.48816434827006,0
GHH0288,2011-05-11,0,0,-2.5196697717842653,0
RGH0728,2010-08-30,0,0,-8.347532638071357,0
KAL0395,2010-06-15,0,0,-27.495042858660895,0
IAR0694,2011-04-08,0,0,-27.025464709588846,0
PMV0850,2011-03-14,0,0,-1.8830778099365943,0
JKB0126,2011-04-19,0,0,-19.533226677799007,0
MGS0974,2010-12-10,0,0,-21.842811667545334,0
EJW0884,2011-01-19,0,0,-20.844096365091673,0
ADD0846,2010-08-18,0,0,-3.492821625883721,0
RHO0732,2011-04-21,0,0,-4.636752936445873,0
YJF0532,2010-10-08,0,0,-20.154943938043402,0
HCL0651,2010-01-22,0,0,-17.725948760550864,0
KRL0062,2011-03-17,0,0,-27.06819571398762,0
CCW0524,2010-01-19,0,0,-21.14364623941958,0
ZKS0899,2010-02-22,0,0,-23.69793557270691,0
OQH0183,2011-05-05,0,0,-18.82047025614338,0
CJP0952,2011-01-07,0,0,-4.411832841995647,0
ILR0304,2011-03-21,0,0,-0.029480686207648432,0
UJC0737,2010-12-28,0,0,-3.1527588409919645,0
DVM0265,2010-02-04,0,0,-5.620323342196457,0
JAD0609,2010-07-22,0,0,-3.9226272880597435,0
WXH0872,2010-06-28,0,0,-4.824777278990837,0
MHH0180,2010-02-23,0,0,-18.276610657007495,0
HTH0007,2011-04-11,0,0,-21.573515022741503,0
CKD0680,2011-01-04,0,0,-21.72201118710143,0
RVF0201,2010-05-21,0,0,-28.072175827459432,0
JJB0700,2010-06-14,0,0,-3.0899597974681683,0
KJJ0293,2010-12-21,0,0,-4.371654815077477,0
GAF0060,2011-02-18,0,0,-0.7113558994823279,0
KBP0008,2011-02-11,0,0,-22.146606907713362,0
MKP0861,2011-03-04,0,0,-5.433610231276816,0
JCR0172,2011-02-03,0,0,-6.876800230129561,0
HAD0246,2010-07-22,0,0,-14.264446990392685,0
DEB0782,2010-03-26,0,0,-21.335937955741997,0
BSS0463,2010-01-07,0,0,-0.029480686207648432,0
CAM0681,2010-04-07,0,0,-22.388626072166517,0
WJD0576,2011-01-10,0,0,-2.1998743259766798,0
JRF0835,2010-11-17,0,0,-0.22543925009529175,0
HVF0067,2010-03-22,0,0,-5.041574583472311,0
CLF0852,2010-03-02,0,0,-4.410950497472527,0
VIA0063,2011-05-13,0,0,-23.775281967869546,0
CIM0926,2010-03-29,0,0,-22.140836534309074,0
TDS0984,2011-04-18,0,0,-24.784296328466212,0
SJO0209,2010-07-23,0,0,5.384959259888433,0
ZKS0899,2011-05-11,0,0,-22.3336665876584,0
NCK0295,2011-04-15,0,0,-0.4596809819545342,0
MBJ0312,2010-04-05,0,0,-4.202026207398717,0
SJW0451,2010-03-29,0,0,-0.7064905313396821,0
LDM0587,2010-01-22,0,0,-0.7224114404158399,0
CIM0271,2010-11-15,0,0,-17.8020922485382,0
AAL0706,2011-01-14,0,0,-0.7064905313396821,0
DGF0443,2010-06-28,0,0,-18.417915688800576,0
XHW0498,2010-04-06,0,1,-5.198158822156074,0
LIM0674,2010-08-06,0,0,-9.159190564555729,0
LIM0674,2010-02-09,0,0,-10.399409198390344,0
YDN0198,2010-03-04,0,0,-27.003722040640923,0
WSR0241,2010-11-29,0,0,-28.784714505939633,0
IIW0249,2010-01-15,0,0,-16.593949159801355,0
MSG0839,2011-04-01,0,0,-0.22543925009529175,0
AIH0675,2011-01-17,0,0,-23.668895294276467,0
DMK0257,2010-03-15,0,0,-13.116731120016993,0
IDO0176,2010-05-11,0,0,-4.618535408103298,0
AES0827,2010-01-20,0,0,-1.0498541092994174,0
RTO0313,2010-12-29,0,0,-4.439364852688186,0
KBL0260,2010-06-03,0,0,-16.77834370810831,0
MJM0510,2010-05-10,0,0,-21.128642975246066,0
SBN0866,2010-09-27,0,0,-2.7307853185819795,0
KQS0415,2010-06-09,0,0,-7.7482953303054956,0
GAF0570,2010-04-09,0,0,-3.617847189827785,0
OKC0107,2010-11-23,0,0,-10.8103236475647,0
GCC0945,2010-05-18,0,0,-1.2591644484622293,0
XLB0710,2010-05-13,0,0,-0.9603885267399619,0
KCB0815,2011-05-11,0,0,-4.327448648935274,0
OKB0439,2010-10-11,0,0,-17.100788045863283,0
JNJ0556,2010-10-21,0,0,-22.839071871783062,0
IAT0263,2010-03-08,0,0,-9.789479032164309,0
ADD0846,2010-04-09,0,0,-1.1703446480004231,0
TPH0474,2010-06-16,0,0,-0.029480686207648432,0
GHL0460,2010-08-12,0,1,-3.067758533759161,0
BJH0811,2010-09-02,0,0,-28.932650303218225,0
RGH0728,2010-02-02,0,0,-6.476460010110827,0
OJK0233,2010-01-12,0,0,-9.423549007180327,0
SBK0161,2010-05-21,0,0,-22.42403314831813,0
MNC0717,2010-06-02,0,0,-3.9971648671184994,0
NAB0903,2011-02-03,0,0,-20.266895844716032,0
PPF0435,2010-02-10,0,1,-11.494659474402283,0
NMC0486,2010-08-09,0,0,-4.855717933383403,0
DLF0377,2010-05-13,0,0,0.09712001509342372,0
HGH0595,2010-01-13,0,0,-0.4596809819545342,0
FHO0630,2010-04-28,0,0,-6.578810499049723,0
KBL0260,2010-03-09,0,0,-19.592428315846064,0
AHG0634,2010-02-03,0,0,-18.36287658704407,0
FLM0213,2011-01-28,0,0,3.61319019408279,0
GTD0116,2011-03-07,0,0,-26.161459804587594,0
QNP0216,2010-04-23,0,0,-21.605045333106204,0
BTL0722,2010-01-20,0,0,-0.9603885267399619,0
JAM0382,2010-03-05,0,0,-22.533777543452516,0
KBP0008,2011-02-10,0,0,-23.04297027552161,0
CGF0337,2010-05-10,0,0,-18.335298379303254,0
ROB0272,2010-09-27,0,0,-5.572325493576727,0
XLB0710,2010-09-15,0,0,-1.4904878636043577,0
CEL0561,2011-02-08,0,0,-16.15090477313811,0
HLH0512,2010-08-10,0,0,-21.14364623941958,0
TSM0363,2010-08-13,0,0,-23.189650051658873,0
WGR0833,2010-10-22,0,0,-3.067758533759161,0
IMG0320,2011-03-18,0,0,-4.798867368113747,0
SSJ0784,2011-04-20,0,0,-20.46415956043859,0
BMT0528,2011-05-04,0,0,-20.846436843958372,0
RZC0746,2010-05-16,0,0,-0.5830513533966268,0
AMH0794,2010-09-07,0,0,-1.19403363856145,0
BCR0581,2010-03-17,0,0,-1.3361854307088379,0
CFG0959,2010-12-22,0,0,-0.22543925009529175,0
GCS0518,2010-04-30,0,0,-22.360773409824674,0
JDC0030,2011-04-12,0,0,-24.804254071366472,0
EZH0736,2010-01-25,0,0,-6.4121083470805615,0
JGM0934,2010-04-14,0,0,-7.0276380633087,0
MJS0890,2010-03-22,0,0,-18.892361859914217,0
CSJ0340,2011-04-18,0,0,-17.680263632025003,0
DIC0988,2011-03-10,0,0,3.358527077912072,0
CTR0341,2011-05-06,0,0,-18.641758093014346,0
LHN0151,2011-01-04,0,0,-2.589653961942304,0
NRO0768,2010-01-14,0,0,-19.162926296757064,0
CFM0767,2010-12-09,0,0,-19.35910113596401,0
LCB0664,2010-03-08,0,0,-25.74146511244828,0
HTF0641,2011-01-05,0,0,-19.930796886491976,0
BAL0044,2010-10-28,0,0,-17.409849192075853,0
RMW0542,2010-04-26,0,1,-3.8574173862567704,0
NGC0058,2011-03-03,0,0,2.049392600708188,0
EIM0156,2010-07-23,0,0,-23.22604454077282,0
IAR0694,2010-08-11,0,0,-25.5339708190412,0
JKB0126,2010-02-26,0,0,-18.36663444346277,0
JLW0053,2010-06-11,0,0,17.157746480268884,1
JDC0030,2010-04-09,0,0,-28.383020975075397,0
HDH0928,2010-02-18,0,0,0.5449133376602049,0
WBC0192,2010-04-12,0,0,-24.78763215620711,0
MAW0166,2010-10-25,0,0,-26.70439247262709,0
LFS0071,2010-09-29,0,0,-6.314494640193857,0
SGS0268,2011-04-19,0,0,-10.675095400603482,0
KMS0657,2011-03-17,0,0,-20.808478574865035,0
SOG0411,2010-02-09,0,0,-2.9312371878486374,0
SBH0537,2010-06-30,0,0,-26.503487432113275,0
CTW0500,2011-01-26,0,0,-6.2909164302261615,0
BAJ0654,2010-07-01,0,0,-19.820842026762193,0
AJD0074,2011-01-03,0,0,-28.34881201116616,0
EPW0434,2010-05-28,0,0,-12.444240175137452,0
USH0199,2010-10-26,0,0,-19.567789825096384,0
VFM0814,2010-03-24,0,0,-25.51151269566992,0
ZSB0649,2010-03-31,0,0,-21.533921190172464,0
WGS0516,2011-03-29,0,0,-19.88698136452581,0
DRR0162,2010-12-29,1,1,-23.393836459498175,0
KJS0618,2010-11-23,0,0,-5.504310690694979,0
IMG0320,2010-12-29,0,0,-3.4120452411432325,0
CAB0388,2010-05-17,0,0,-22.26443048523913,0
KKW0879,2010-10-28,0,0,1.5016459503283386,0
ATP0662,2011-05-03,0,0,-25.890352386024006,0
PLH0715,2011-01-17,0,0,-1.112927565131713,0
BRB0355,2010-03-06,0,0,-15.819016592739786,0
RRA0938,2011-04-27,0,0,-8.304529977836978,0
KVT0028,2011-05-11,0,0,-5.849135066487406,0
JIG0128,2010-07-19,0,0,-17.917249632590597,0
AJL0462,2010-09-13,0,0,-2.679825226279604,0
FOB0756,2010-01-20,0,0,-21.059537182527492,0
JAD0609,2010-10-01,0,0,-5.250217014519535,0
LHB0606,2010-01-13,0,0,-6.536032850961533,0
JKJ0698,2011-02-12,0,0,-1.3123587927376548,0
BJM0111,2010-03-12,0,0,-23.86425325818857,0
PIS0522,2011-04-12,0,0,-21.32394317670355,0
KBL0260,2010-09-15,0,0,-19.709402222469066,0
BSS0369,2010-02-16,0,1,-18.868524794637892,0
WNB0908,2010-10-19,0,0,-21.30001129515665,0
PGO0433,2010-08-09,0,0,-7.61475909312162,0
IRM0931,2011-05-17,0,0,-16.768418778852265,0
CGA0629,2010-11-24,0,0,-3.636582600151428,0
SNS0129,2010-02-25,0,0,-26.48863013362063,0
SVL0803,2010-01-06,0,0,-3.120759603365059,0
IDO0176,2010-10-18,0,0,-4.67793459706354,0
OCS0865,2010-05-06,0,0,-6.8351359125350655,0
MAE0331,2010-02-05,0,0,-19.790885277055622,0
AKC0924,2010-11-16,0,0,-22.500405356220654,0
KES0729,2010-11-19,0,0,-8.58495040619573,0
MSS0001,2010-08-16,0,0,-14.663954696745577,0
ECR0822,2010-08-18,0,0,-3.988861446707915,0
KBC0054,2010-01-07,0,0,-22.784505011666624,0
JMK0099,2010-04-12,0,0,-7.78177808121427,0
BCR0581,2010-08-30,0,0,-1.3361854307088379,0
DVM0265,2010-09-02,0,0,-2.0791346329646103,0
SSH0799,2010-02-01,0,0,-22.134110833407817,0
YJF0532,2010-08-11,0,0,-20.81061411270298,0
RDM0115,2011-04-21,0,0,-27.44287009933703,0
TTD1000,2010-12-07,0,0,-19.434100072072397,0
ORG0339,2010-01-05,0,0,-19.69328658777306,0
BHC0665,2010-03-18,0,0,-14.922344907435559,0
SBQ0786,2010-11-29,0,0,13.096234425685566,1
NBH0256,2010-08-09,0,0,-21.14767136699743,0
MSD0939,2010-10-13,0,0,-27.31433580104124,0
RHP0484,2010-02-11,0,0,-5.536106446642293,0
BLL0929,2011-03-02,0,0,-25.034044781732746,0
EZT0640,2010-06-25,0,0,-21.856710998064614,0
CLH0703,2010-08-30,0,0,-0.22543925009529175,0
HIW0536,2011-04-25,0,0,14.82865139972273,1
JPA0667,2011-03-21,0,0,-23.106191210601537,0
APG0307,2011-05-02,0,0,-0.4596809819545342,0
BTL0722,2010-05-28,0,0,-1.0498541092994174,0
IHK0841,2011-05-09,0,0,-0.9964347838972571,0
LEM0605,2010-08-13,0,0,-6.526842419148011,0
MAS0025,2010-03-11,0,1,-18.472717104549247,0
WGR0833,2011-01-21,0,0,-0.22543925009529175,0
CPG0322,2010-09-23,0,0,-6.4654305468693565,0
CCH0685,2010-01-14,0,0,-26.688482958813097,0
NSS0876,2011-02-08,0,0,-3.773416816244776,0
TSB0437,2011-04-15,0,0,-16.888924595601452,0
CFW0264,2010-02-17,0,0,-6.812717924359845,0
KCS0173,2010-12-08,0,0,-0.2494980189121634,0
CBB0365,2010-05-04,0,0,-22.444308328224565,0
RIH0777,2010-12-10,0,0,-20.78053111880115,0
IKR0401,2010-08-19,0,1,-2.9334815118479582,0
CJK0200,2010-03-05,0,0,-1.3097423780258168,0
JXH0493,2010-01-07,0,0,-7.614568873955363,0
AHG0634,2010-04-13,0,0,-20.333502261750823,0
HFB0347,2010-09-09,0,0,-20.85992104302636,0
CHM0821,2010-09-14,0,0,-6.226093877978201,0
KPR0497,2010-07-01,0,0,-5.962963702060847,0
RFP0380,2011-01-03,0,0,-3.252334895468948,0
DAG0558,2010-06-24,0,0,-28.702302855675725,0
DJB0159,2010-02-15,0,0,-20.824636927636334,0
HKR0628,2010-10-29,0,0,-4.770660312768655,0
ABC0253,2010-05-18,0,0,-18.555695695456734,0
MLL0598,2010-04-06,0,0,-6.126862270099082,0
LAP0338,2010-06-16,0,0,-21.444079954850736,0
MHH0180,2010-05-14,0,0,-16.59227185460452,0
ZMC0284,2010-02-01,0,0,-15.771997714388817,0
HGH0595,2010-02-25,0,0,-0.4596809819545342,0
IKR0401,2010-12-28,1,1,-2.9923665055841866,0
MDH0686,2011-05-16,0,0,-6.536106435457214,0
DJB0159,2010-12-01,0,0,-19.446569833887338,0
SMW0084,2010-04-20,0,0,-18.7092086005905,0
IBB0696,2011-03-09,0,0,-2.5578785765081875,0
HFB0347,2010-12-08,0,0,-17.10146378521665,0
QJR0688,2011-02-01,0,0,-21.020149673855485,0
FWM0707,2011-02-01,0,0,-3.0463533321355953,0
DPS0262,2010-04-06,0,0,-19.366553118017578,0
VAA0087,2010-06-14,0,0,-19.135443104075193,0
HVF0067,2011-03-30,0,0,-4.662246343268521,0
QPM0727,2010-01-14,0,0,-4.748683283800233,0
ABN0239,2011-05-02,0,0,-5.2003002876738265,0
HIW0536,2010-02-23,0,0,10.851757449226625,1
BTL0722,2010-12-13,0,0,-0.9603885267399619,0
BSH0445,2010-04-12,0,0,-12.386777211984395,0
WTR0563,2010-04-19,0,0,-29.62984787543178,0
LAM0911,2010-09-08,0,0,10.74830144360567,1
LQC0479,2010-07-14,0,1,-6.938054937774723,0
JJH0292,2010-05-14,0,0,-0.7224114404158399,0
HDH0928,2011-04-13,0,0,1.9032454016532938,0
IMP0530,2010-08-26,0,0,-19.591256246888634,0
IKP0472,2010-06-26,0,0,-2.8692751546932413,0
LDB0090,2010-04-01,0,0,-27.03759779447944,0
LJR0523,2010-02-15,0,1,-19.830551687494108,0
FGW0853,2010-04-20,0,0,-5.867719845447937,0
KBS0874,2011-01-04,0,0,-4.622550786651573,0
VSA0230,2010-02-23,0,0,2.5859693220955933,0
ABC0253,2010-09-07,0,0,-18.48125794190389,0
NJB0243,2010-06-16,0,0,-17.691201788746525,0
OSH0655,2010-06-09,0,0,-19.39699590906605,0
ZSB0649,2011-01-04,0,0,-18.957229297662707,0
HLH0512,2010-08-21,0,0,-18.343544784783035,0
DMG0358,2011-02-22,0,0,-22.25373838265307,0
PEV0323,2011-03-04,0,0,-3.9973944892808504,0
KKW0879,2010-07-12,0,0,-3.0650614619025873,0
JMC0925,2010-07-30,0,0,-7.760813644294558,0
MNC0717,2011-04-06,0,0,-3.253161180380175,0
TSG0906,2011-01-21,0,0,-21.654854343668717,0
GTD0116,2010-10-26,0,0,-17.52483327874404,0
KNW0644,2010-09-09,0,0,-19.231750392577737,0
DEB0782,2011-01-13,0,0,-21.228307059185113,0
SBK0161,2010-03-11,0,0,-19.012247082527324,0
CJK0200,2010-01-15,0,0,-1.313209908762019,0
JDC0030,2010-01-03,0,0,-27.411892658525744,0
KKC0683,2010-08-25,0,0,-0.877115086457934,0
MNR0829,2011-05-05,0,0,-0.7261734935627828,0
AKK0329,2010-04-19,0,0,-19.309619787597853,0
SRS0231,2011-04-20,0,0,-22.04072061420686,0
FLM0213,2011-03-17,0,0,0.31875189706056517,0
AGB0643,2010-05-11,0,0,-17.673393109479775,0
KNW0644,2010-01-18,0,0,-18.76610081770889,0
DDM0579,2010-06-09,0,0,-0.7224114404158399,0
CCW0524,2010-06-04,0,0,-22.360773409824674,0
SLP0762,2011-04-13,0,0,-17.00339340378798,0
SMW0084,2010-07-29,0,0,-16.078039137283554,0
BTW0005,2010-10-27,0,0,-23.430997184825856,0
HTH0007,2010-09-03,0,0,-24.306668225155704,0
BRM0995,2011-04-05,0,0,-7.6911552798692355,0
CLF0852,2010-09-16,0,0,-5.418954292321587,0
NJC0705,2011-03-14,0,0,-0.22543925009529175,0
NAB0903,2010-07-20,0,0,-20.75615900526475,0
CSB0080,2010-11-08,0,0,-27.339223155809805,0
GJT0386,2011-01-07,0,0,2.224900429755621,0
IAT0263,2010-06-09,0,0,-6.946343524014765,0
AIB0948,2010-06-15,0,0,-6.522760287692336,0
LBH0942,2010-03-22,0,0,-5.394930682822178,0
BMM0112,2010-02-01,0,0,-20.222243179623092,0
DLM0051,2010-08-24,0,0,-13.573099873710362,0
CRP0456,2010-10-01,0,0,-0.3858800300046141,0
GJT0386,2010-04-23,0,0,-0.6436707923397762,0
JOL0024,2011-03-11,0,0,-27.70795014713167,0
XHW0498,2010-06-23,0,1,-3.0591148460372324,0
NHE0919,2010-04-29,0,0,-22.122760465100328,0
ASS0206,2011-02-25,0,0,7.256321936240738,1
EDB0714,2010-06-18,0,1,-0.9357227767369523,0
MKP0861,2011-04-07,0,0,-4.704640458440963,0
WTF0387,2010-07-08,0,0,-3.67704247753818,0
MSZ0310,2010-12-02,0,0,-3.266726905917608,0
ELB0847,2010-09-22,0,0,-0.7261734935627828,0
ILJ0526,2010-06-14,0,0,-21.522909427893637,0
CCM0855,2011-04-27,0,0,-5.800248136388518,0
EHR0096,2010-03-25,0,0,-26.784182197209475,0
YJV0699,2010-04-29,0,0,-1.112927565131713,0
RRA0938,2010-05-20,0,0,-7.159280246440403,0
DID0650,2011-02-11,0,0,-20.00828867651103,0
BAM0611,2010-08-04,0,0,-4.343339783656461,0
KNB0022,2010-10-18,0,0,-20.803393464776263,0
RMS0266,2010-02-18,0,0,-6.170461028937893,0
DLH0029,2011-01-28,0,0,3.1802567194815765,0
ZFM0468,2010-09-24,0,0,-1.2191903865591485,0
SGS0268,2010-06-09,0,0,-3.226973700190456,0
MJB0588,2011-02-03,0,0,-1.2018865578410214,0
IAT0263,2010-04-27,0,0,-4.027200504822076,0
WBC0192,2010-04-26,0,0,-26.566353562647805,0
JLM0364,2010-02-22,0,1,-21.797653049806172,0
HVF0067,2010-10-01,0,0,-2.5492985408703817,0
KLM0639,2010-08-30,0,0,-19.575644466819995,0
BTW0005,2011-03-29,0,0,-24.15646710656324,0
TQS0212,2010-10-26,0,0,1.453877055084945,0
CAM0681,2010-02-22,0,0,-24.09560844026157,0
ONW0083,2010-07-15,0,0,-18.382901995683028,0
JCV0245,2010-11-16,0,0,-17.773453390563986,0
DID0650,2011-01-12,0,0,-18.6549801239089,0
VLB0647,2010-06-03,0,0,-20.372665444656377,0
TJG0582,2010-02-09,0,0,-0.029480686207648432,0
GCC0744,2010-07-01,0,0,-2.5334300148879265,0
TNM0961,2010-07-02,0,1,-1.8645958631406074,0
RAS0432,2011-03-03,0,0,-13.108735257870421,0
CSL0949,2011-02-09,0,0,-4.0634793513821705,0
MHH0180,2010-09-08,0,0,-17.745102427488973,0
LNS0989,2010-01-15,0,0,2.4238493446116536,0
FRB0023,2010-02-15,0,0,-21.908817946541376,0
AIH0675,2010-04-06,0,0,-23.643459201304154,0
BLB0114,2010-01-26,0,0,-16.644126501389565,0
FHO0630,2011-02-17,0,0,-4.340771078599232,0
DZC0228,2010-04-08,0,0,-9.281864543840243,0
MMB0488,2010-12-21,0,0,-6.6155502123982615,0
CEL0561,2011-04-06,0,0,-28.2561403624411,0
SPA0141,2010-12-10,0,0,-27.434197875713835,0
UFK0208,2010-11-02,0,0,2.2336168888597285,0
MTB0620,2011-03-29,0,0,-3.5048907591000216,0
CJG0470,2010-10-11,0,0,-0.7224114404158399,0
NMF0780,2010-10-25,0,0,-21.148852660381976,0
ENC0234,2010-08-10,0,0,-10.351060311622746,0
JCV0245,2010-12-22,0,0,-16.140391179796666,0
SCB0534,2010-05-27,0,0,-20.334431870885965,0
ETR0177,2010-12-17,0,0,-26.34048799910397,0
IJW0851,2010-11-12,0,0,-3.380496874857613,0
IBP0883,2010-09-13,0,0,-18.21164724199798,0
CJC0494,2011-01-21,0,0,-4.589850204726872,0
TUC0632,2010-10-15,0,0,-17.09009637994984,0
HLH0512,2010-09-11,0,0,-20.165029776187566,0
BAM0611,2010-11-23,0,0,-6.741264651454799,0
DLH0029,2010-07-15,0,0,0.14211755994153918,0
GKO0078,2011-02-03,0,0,-13.088548763239487,0
CLD0894,2010-12-10,0,0,-21.21951633259596,0
IJR0825,2010-05-28,0,0,-0.9964347838972571,0
MDH0686,2010-09-11,0,0,-6.843066566707762,0
MSS0001,2010-12-21,0,0,-16.36913450235238,0
BTS0011,2010-07-23,0,0,-18.747893304843615,0
TDS0984,2011-02-21,0,0,-21.420631939786745,0
GQF0659,2010-01-21,0,0,-19.44938115829848,0
TSM0363,2010-12-27,0,0,-21.467595538136493,0
NWT0098,2010-07-22,0,1,-22.464240750908516,0
GQF0659,2010-02-11,0,0,-19.231750392577737,0
CTW0500,2010-03-18,0,0,-6.042353376497886,0
MCT0720,2010-05-26,0,0,-0.3858800300046141,0
HSB0196,2010-01-19,0,0,5.330361545574874,0
JOM0750,2011-02-18,0,0,-4.242325502799417,0
EMB0531,2011-03-10,0,0,-21.654854343668717,0
AIS0405,2010-02-18,0,0,-9.218265442269853,0
NGC0058,2010-06-07,0,0,1.9509515880965864,0
EHB0420,2010-08-11,0,0,-18.061912264829516,0
BWP0202,2010-05-28,0,0,-5.760967390169071,0
BIS0247,2010-08-11,0,0,-17.396229489293773,0
MDH0686,2011-04-08,0,0,-5.136627353684162,0
DMK0257,2010-09-27,0,0,-12.975459695883728,0
SJC0333,2010-05-03,0,0,-21.205341208886125,0
NDM0417,2010-08-19,0,0,-25.078828277569187,0
FGW0853,2010-05-24,0,0,-3.1119958099051246,0
DCH0843,2010-07-30,0,1,-1.5738480095105842,0
ESJ0670,2010-06-30,0,0,-21.905325485068943,0
KRG0158,2010-01-05,0,0,-27.13848812229037,0
OBH0499,2010-01-04,0,0,-7.010519466770802,0
MAW0166,2011-04-13,0,0,-25.46292875120696,0
CNB0900,2011-04-28,0,0,-21.14364623941958,0
JCV0245,2010-09-17,0,0,-17.768788860332506,0
VSS0154,2010-07-06,0,1,-26.844458348813987,0
IDO0176,2010-08-20,0,0,-5.312140070657733,0
XHG0902,2010-08-24,0,0,-19.084498948681357,0
FMG0527,2010-03-30,0,1,-21.741885558658282,0
IIW0249,2010-08-11,0,0,-13.452622386687722,0
QCH0110,2010-11-30,0,0,-20.75158947995044,0
IEB0153,2010-03-25,0,0,-0.2875430268220498,0
ALD0544,2010-01-14,0,0,-2.9667784112433537,0
FWM0707,2011-05-11,0,0,-1.7712979978922476,0
TSR0676,2010-04-08,0,0,-20.574714653448837,0
HCL0113,2010-01-15,0,0,-9.07812447715878,0
WTF0387,2010-01-11,0,0,-3.104643551872755,0
WBC0315,2010-07-15,0,0,-4.703387159725025,0
EFS0882,2010-03-12,0,0,-18.958950842231047,0
FIR0920,2010-08-20,0,0,-22.563969409937158,0
LCB0664,2011-05-09,0,0,-25.812506771282642,0
AAF0791,2011-02-24,0,0,-11.745072649713165,0
BEH0615,2010-06-29,0,0,-4.206543663890784,0
TOR0193,2011-01-18,0,0,-26.045744034943255,0
AOS0987,2010-02-09,0,0,-7.615303920877864,0
LJR0523,2010-05-19,0,1,-20.291306403365866,0
NRF0137,2010-10-06,0,0,-1.2191903865591485,0
IBP0883,2010-01-11,0,0,-20.38367483047034,0
FHO0630,2011-02-23,0,0,-5.067897799426191,0
BNR0965,2011-01-21,0,0,-1.6270987266143493,0
PNH0761,2011-02-09,0,0,-16.95352031078164,0
XHG0902,2010-11-11,0,0,-21.51994785334091,0
KDT0346,2011-02-17,0,0,-17.16611534291053,0
DMG0358,2011-01-13,0,0,-21.848047994861304,0
MCJ0324,2010-06-04,0,0,-4.340277940971987,0
HGG0240,2011-05-11,0,0,-25.673163054485485,0
CCW0031,2010-05-26,0,0,-25.00982017634692,0
PTH0552,2011-04-12,0,0,-1.1616128156423429,0
JCC0225,2010-10-28,0,0,-21.196909555456386,0
JFC0557,2010-11-11,0,0,-3.1999608012330327,0
KAT0489,2010-09-22,0,0,-7.210148907108419,0
KPR0497,2010-05-11,0,0,-7.090280766454384,0
AMR0400,2011-02-22,0,0,-6.903905775720318,0
TNM0961,2010-06-15,0,1,-3.0374550860693716,0
CJG0470,2010-08-25,0,0,-2.7687114063107856,0
CCR0863,2011-05-11,0,0,-5.540947238619651,0
CKP0721,2010-02-11,0,0,-3.9649591664182253,0
HKR0628,2010-01-06,0,0,-5.077122530304791,0
MSH0040,2010-11-01,0,0,-22.984872909229125,0
CIG0052,2010-01-27,0,0,-27.917239817150403,0
BER0314,2010-12-21,0,0,-3.4913397093536105,0
TYB0779,2010-08-26,0,0,-20.89701276516689,0
SAH0599,2010-10-12,0,0,-0.029480686207648432,0
MCJ0324,2010-06-10,0,0,-4.08301197077958,0
MTB0620,2010-01-14,0,0,0.2184848297406461,0
MHG0733,2010-01-12,0,0,-4.281755112545852,0
SER0165,2010-10-18,0,0,-28.20798099547062,0
CWR0502,2010-10-15,0,0,-6.458456906811307,0
JCR0921,2011-02-15,0,0,-9.561840787721394,0
HOB0994,2010-12-01,0,0,-12.884532537998894,0
TEM0977,2011-01-03,0,0,-19.82569644131081,0
IAR0694,2010-01-26,0,0,-26.657523856103353,0
APG0307,2010-09-02,0,0,-0.4596809819545342,0
HIA0414,2010-02-16,0,0,-1.1939297832252578,0
EMB0531,2010-04-28,0,0,-21.0505857399354,0
KQC0708,2010-05-28,0,0,-3.067758533759161,0
QJR0688,2010-01-18,0,0,-26.781075932269346,0
CAN0842,2011-03-07,0,0,-1.0498541092994174,0
HRW0550,2011-02-17,0,0,-23.731378083259983,0
IBB0359,2010-08-09,0,0,-20.6436671778514,0
CUD0795,2010-04-29,0,0,-10.33932472682352,0
NMC0486,2010-07-13,0,0,-7.349952567275636,0
NDM0417,2011-04-25,0,0,-25.954459422283776,0
QNF0205,2011-01-20,0,0,-5.393642240235977,0
DPM0423,2011-03-23,0,0,-18.221054066375018,0
MMB0488,2010-11-29,0,0,-8.749695353238621,0
JKB0126,2010-05-10,0,0,-18.910256388734297,0
IJR0825,2010-12-22,0,0,-1.0498541092994174,0
MOS0047,2010-02-05,0,1,-19.228372989573472,0
JCR0921,2010-11-03,0,0,-10.211176308233235,0
ATE0869,2010-07-31,0,0,-4.15964418946885,0
RLG0856,2010-10-01,0,0,-5.940293304572492,0
LNS0989,2010-09-15,0,0,3.694811064069768,0
MAR0955,2010-04-05,0,1,-0.7064905313396821,0
HAD0246,2011-05-08,0,0,-7.133315143769323,0
EHB0420,2010-11-22,0,0,-19.473117279392568,0
BJH0354,2011-03-07,0,0,-28.140430573090498,0
ARA0252,2010-11-03,0,0,-18.436001834596937,0
VFM0814,2010-09-23,0,0,-27.308111257207543,0
SAH0599,2010-03-31,0,0,-0.4596809819545342,0
OCS0865,2010-03-03,0,0,-3.7680334609389092,0
ETR0177,2010-08-13,0,0,-26.14055552156242,0
LRW0970,2010-06-14,0,0,-2.7105248847627763,0
AIP0982,2010-06-28,0,0,-21.906013587539974,0
MJM0510,2010-11-22,0,0,-20.81061411270298,0
EHB0824,2010-07-06,0,1,-1.0498541092994174,0
TJG0582,2010-06-02,0,0,-3.2683919445329366,0
ARD0509,2010-08-04,0,0,-19.491876752478674,0
ZJE0857,2011-01-14,0,0,-6.804726521634052,0
CAB0388,2010-04-28,0,0,-22.62019492172226,0
JPW0741,2010-02-05,0,0,-5.647115733903206,0
CJP0952,2010-09-29,0,0,-2.200838563720936,0
DCC0160,2010-06-08,0,0,-18.49959297290536,0
SVL0940,2010-01-26,0,0,-6.957206766024797,0
GMF0738,2010-11-16,0,0,-4.330408595071503,0
AAV0450,2010-03-01,0,0,-1.0498541092994174,0
NCO0666,2010-03-18,0,0,-21.940147242984267,0
BAL0044,2010-12-08,0,0,-18.121656917043993,0
JRL0574,2011-02-07,0,0,-0.7224114404158399,0
CQH0701,2010-12-08,0,0,-1.2137761885505824,0
ZJS0269,2010-12-10,0,0,-21.081640667709507,0
CJM0521,2010-12-06,0,0,-20.88987158352893,0
NWK0215,2010-02-01,0,0,4.786474807523177,0
CCH0182,2010-06-03,0,0,-19.600212087821774,0
SGB0140,2010-05-03,0,0,-0.692388082700063,0
KJJ0293,2010-05-06,0,0,-1.0899530966848943,0
GJD0298,2010-02-19,0,0,-0.7224114404158399,0
FHS0837,2010-11-11,0,0,-0.9964347838972571,0
JKF0465,2010-05-01,0,0,-0.5929259581782844,0
KAT0489,2010-10-20,0,0,-6.413426594023349,0
ATP0662,2010-11-04,0,0,-25.634062023076922,0
GHH0288,2010-04-28,0,0,-3.3396860367880663,0
JZD0888,2010-09-29,0,0,-21.387727140010725,0
DLM0051,2010-11-09,0,0,-13.771457443120198,0
KQC0708,2010-06-03,0,0,-0.22543925009529175,0
BAK0964,2010-08-18,0,0,-4.2777012823125915,0
SOF0808,2010-11-15,0,0,-25.746584616431164,0
SSS0345,2011-03-09,0,0,-19.072235182019085,0
ASB0796,2011-01-20,0,0,-1.6349105562779869,0
MDM0625,2011-05-16,0,0,-0.9293225968440311,0
RLG0856,2011-03-07,0,0,-4.389801968020151,0
BTR0403,2010-09-30,0,0,-21.38491725673248,0
SJC0333,2010-02-11,0,0,-18.87022359573291,0
HWH0646,2010-07-09,0,0,-18.977688497221493,0
HLM0933,2011-01-20,0,0,-5.15868307883477,0
TMA0069,2010-09-24,0,0,-4.758764879353748,0
BMC0547,2011-04-15,0,0,-10.450154153965741,0
JCW0858,2010-02-05,0,0,-5.431474457474678,0
KBP0008,2010-02-25,0,0,-23.596728266663376,0
BTR0403,2010-06-25,0,0,-21.836402525958647,0
EMW0105,2011-05-13,0,0,-25.757689224701494,0
KNW0644,2010-01-19,0,0,-20.540290713984177,0
NIH0969,2011-03-29,0,0,-1.5794869891409462,0
GAF0060,2010-05-25,0,0,-0.8900187837592739,0
WDD0366,2010-03-12,0,1,-21.196052142551935,0
YWW0660,2010-04-26,0,0,-18.966040526622578,0
ASS0206,2010-06-21,0,0,4.232005292793815,0
HOB0994,2010-04-16,0,0,-9.39252116858836,0
AMH0794,2010-03-02,0,0,-9.554594083086727,0
OKB0439,2010-03-29,0,0,-18.33204469174575,0
TDJ0998,2010-09-13,0,0,-18.489449946784134,0
CCL0068,2010-02-17,0,1,-21.243924636322845,0
UJC0737,2010-05-13,0,0,-2.7625055306718878,0
TVS0006,2011-01-25,0,0,-25.442179346195417,0
SOF0808,2011-04-07,0,0,-27.56076874875407,0
FDE0117,2010-11-15,0,0,-25.901222100788345,0
HCW0419,2010-01-12,0,0,-22.660096422269362,0
LCD0622,2011-01-10,0,0,-7.087935669895842,0
RAB0589,2010-06-29,0,1,-2.859977556439503,0
PGC0066,2011-01-03,0,0,-26.41437245216821,0
JAM0382,2010-03-16,0,0,-22.882642311028917,0
AJL0462,2010-03-09,0,0,-4.239271598648543,0
TVS0006,2010-01-07,0,0,-24.1043683754458,0
HRW0550,2010-09-22,0,0,-22.737840958532843,0
AKR0057,2010-03-12,0,1,-23.69993219499554,0
SOB0586,2010-06-30,0,0,-0.029480686207648432,0
LHN0151,2010-01-26,0,0,-1.4386045791384277,0
JRG0207,2010-03-30,0,1,6.2686326335401645,0
KRV0372,2010-01-29,0,0,-23.214959893760692,0
MKL0941,2010-07-21,0,0,-6.365264214695344,0
SBQ0786,2011-03-07,0,0,16.8983991956477,1
ETR0177,2011-02-09,0,0,-26.30081679722889,0
AAW0353,2010-07-06,0,0,-1.027681364713203,0
SBH0537,2011-02-28,0,0,-25.163980074927622,0
NSS0876,2010-02-09,0,0,-8.290487381498338,0
CGA0629,2010-11-23,0,0,-6.446665119076101,0
GCR0554,2011-02-09,0,0,-11.70050128436992,0
CAB0614,2010-10-01,0,0,-4.907083932285673,0
SAC0687,2010-09-23,0,0,-25.928886395417976,0
LLV0602,2011-04-08,0,0,-7.194287410271386,0
YWW0660,2010-09-30,0,0,-16.376832237766052,0
HIA0414,2010-10-05,0,0,-6.599672447499302,0
FOB0756,2010-02-04,0,0,-17.48592621624357,0
NLO0131,2010-05-18,0,0,-0.7224114404158399,0
IEB0153,2010-10-14,0,0,-2.511345882812975,0
ESH0283,2011-04-20,0,0,-16.468099422642922,0
CXC0336,2011-03-01,0,0,-19.863901837430035,0
FEB0306,2010-10-11,0,0,-5.6307858585114445,0
USH0199,2010-03-26,0,0,-22.004840465206485,0
VSS0154,2010-05-14,0,1,-27.121869661567757,0
GMF0738,2011-02-15,0,0,-3.950593157448452,0
ADF0397,2011-01-26,0,0,-6.029664547327911,0
CSJ0340,2010-07-15,0,0,-19.792445914905898,0
CBG0490,2010-02-24,0,0,-6.852705639217561,0
MHA0798,2011-02-11,0,0,-0.41148802439306564,0
TLM0797,2011-04-18,0,0,-4.722254162373588,0
FRL0511,2011-01-26,0,0,-22.405398223773545,0
KRM0541,2010-11-24,0,0,-21.614761631265083,0
ZSL0305,2011-04-19,0,0,-0.029480686207648432,0
TRK0914,2011-04-07,0,0,0.44663476268453906,0
MES0407,2010-10-12,0,0,-3.195965049934557,0
ADC0391,2011-03-11,0,0,-9.220994655516506,0
NJB0243,2011-01-13,0,0,-16.16909780293895,0
PDH0716,2010-08-23,0,0,-4.6485874176457855,0
NAF0326,2010-03-22,0,0,-2.9822706693740884,0
ETR0177,2010-04-16,0,0,-27.156558925767058,0
TDJ0998,2011-02-08,0,0,-18.11813757235086,0
NMS0280,2010-06-11,0,0,-17.5577810297209,0
RLG0856,2011-02-16,0,0,-2.0476527753386335,0
JMK0099,2010-06-11,0,0,-8.308300210272023,0
WDD0366,2010-05-25,0,1,-20.151531149766924,0
LEM0605,2010-07-13,0,0,-7.16292591265767,0
EMW0772,2010-12-13,0,0,-17.875643956888894,0
MNR0829,2010-05-07,0,0,-1.1260412373189865,0
CKP0721,2010-10-06,0,0,-0.7369174506420677,0
BHC0665,2011-03-25,0,0,-15.127139823857533,0
ARA0252,2010-08-31,0,0,-12.404024539192505,0
BCR0581,2011-03-22,0,0,-4.264906485433357,0
SBN0971,2011-03-18,0,0,-1.1163496977096656,0
PGH0184,2010-07-30,0,0,-19.933526208619696,0
BAJ0654,2010-04-14,0,0,-20.454305815550697,0
TSB0437,2010-05-11,0,0,-19.827879394375714,0
CJG0470,2010-05-19,0,0,-0.029480686207648432,0
JMK0099,2011-05-10,0,0,-8.089738714704822,0
MVF0594,2011-02-23,0,0,-0.4596809819545342,0
PID0426,2010-09-13,0,0,-12.851602360970105,0
CQH0730,2011-03-14,0,0,-8.32656484356437,0
MFV0897,2010-05-21,0,0,-19.88698136452581,0
KMB0922,2011-03-04,0,0,-20.780306817109476,0
DPM0423,2010-08-19,0,0,-21.261884743335145,0
ETR0428,2010-09-09,0,0,-13.747270596991939,0
CJF0802,2010-11-10,0,0,-4.587193716498291,0
BXJ0010,2011-01-10,0,0,-22.071845767513537,0
OKC0107,2010-09-07,0,0,-10.180355502249654,0
JCV0245,2010-02-09,0,0,-18.10638698657067,0
CKB0482,2010-08-06,0,0,-7.686507139547189,0
KNG0672,2010-06-30,0,0,-10.631752444162316,0
MKP0861,2011-02-23,0,0,-6.958775356449678,0
JCR0172,2011-02-21,0,0,-3.369156183389464,0
DVW0103,2010-07-09,0,0,-8.662004909648886,0
LBF0214,2010-12-20,0,0,0.8490453317845095,0
RSM0277,2010-08-19,0,0,-7.614610006869043,0
BAM0636,2010-06-03,0,0,-20.09283367798332,0
QRM0739,2010-09-14,0,0,-3.0431948249162133,0
PPF0435,2010-07-08,0,1,-12.727919768662787,0
AKF0709,2010-08-30,0,0,-0.3858800300046141,0
RIH0777,2010-04-22,0,0,-19.591256246888634,0
TDG0962,2010-05-18,0,0,-1.765124657373235,0
NGO0690,2010-11-04,0,0,-4.5838880163697695,0
BBG0325,2011-01-14,0,0,-3.7192141649775294,0
NCH0179,2010-06-21,0,0,-27.65057937452673,0
ASS0517,2011-03-14,0,0,-19.03595424097898,0
SED0886,2010-04-16,0,0,-21.420186341359113,0
KAT0270,2011-04-12,0,0,-19.418946202352117,0
JCR0921,2010-10-13,0,0,-13.145584271459825,0
RRA0938,2010-10-28,0,0,-4.994871054464397,0
AMR0400,2010-08-31,0,0,-3.1707256550378133,0
EIM0156,2010-03-04,0,0,-22.42043506858397,0
LAP0338,2010-11-15,0,0,-18.908163495898975,0
CJF0802,2010-03-22,0,0,0.3579687032406582,0
DGW0752,2010-06-21,0,0,-4.605047441287979,0
ANT0430,2010-06-02,0,0,-14.197890140015147,0
DHM0937,2010-06-29,0,0,-28.43334227233663,0
HBB0056,2010-03-25,0,0,-22.470610114228975,0
DJB0159,2011-01-27,0,0,-20.0784258816351,0
UJC0737,2010-03-17,0,0,-6.733507818205453,0
NKH0807,2011-04-07,0,0,-29.079359509805045,0
ABC0253,2011-04-01,0,0,-18.472556293942716,0
KPP0452,2010-02-03,0,0,-0.029480686207648432,0
DLF0377,2010-12-17,0,0,-4.555529766153654,0
WBC0192,2010-09-08,0,0,-25.801619821382133,0
MKG0711,2011-04-14,0,0,-0.7064905313396821,0
FKB0163,2010-12-21,0,0,-23.543177638193242,0
TSM0363,2010-12-08,0,0,-21.647254020532955,0
GOK0238,2010-06-02,0,0,-25.89195025646916,0
AOB0019,2010-04-08,0,0,-20.39997974805317,0
NAH0503,2010-03-22,0,0,-5.330691080611814,0
KJG0910,2010-03-17,0,0,-21.387727140010725,0
BYP0070,2010-07-09,0,0,-5.307823922048669,0
TRK0914,2010-08-25,0,0,-0.23823562954544286,0
UCS0227,2010-09-14,0,0,-0.6100537034662921,0
FRR0832,2011-01-07,0,0,-3.2814880105289603,0
OBH0499,2010-08-31,0,0,-4.328451538747686,0
VLB0647,2011-05-16,0,0,-19.810820757696206,0
EBC0390,2010-07-28,0,0,-23.01379138097559,0
SSS0345,2011-03-18,0,0,-19.263233144839887,0
FRL0511,2011-04-07,0,0,-20.88987158352893,0
UAD0771,2011-04-05,0,0,-20.610988929977225,0
LNS0989,2010-02-25,0,0,3.3603169476409676,0
QPM0727,2010-10-25,0,0,-5.591033306888676,0
MOP0763,2010-12-21,0,0,-20.412769216833453,0
KNW0644,2010-05-04,0,0,-19.098921175144483,0
RNF0765,2011-04-07,0,0,-22.300056690424185,0
CLB0774,2010-03-16,0,0,-23.761798255811527,0
SMB0804,2010-03-05,0,0,-23.62418851466441,0
SOB0360,2010-10-12,0,0,-22.762312668422055,0
KVT0028,2011-01-31,0,0,-5.898291951628607,0
JAD0609,2011-04-19,0,0,-7.8950275539241375,0
CTW0500,2011-04-05,0,0,-5.3041232727646275,0
AMD0077,2010-08-23,0,0,-14.975586537789468,0
KMW0545,2010-03-19,0,0,-11.564649653500055,0
BMM0112,2011-03-01,0,0,-18.43011282349198,0
CJG0470,2011-04-27,0,0,-0.029480686207648432,0
SCP0130,2011-01-21,0,0,1.8183287771502137,0
KSP0966,2010-07-09,0,0,-0.9964347838972571,0
IJM0776,2010-02-09,0,1,-18.61040576475409,0
KRV0372,2011-04-29,0,0,-22.6828843742378,0
LFS0071,2010-07-06,0,0,-3.1707256550378133,0
IMP0530,2010-06-10,0,0,-21.14364623941958,0
NAH0503,2010-10-07,0,0,-7.635866049086758,0
JKF0465,2010-01-20,0,0,3.3192509359057567,0
LAP0338,2010-04-24,0,0,-18.329423769071468,0
NMC0486,2011-04-12,0,0,-7.866770664716341,0
NHH0185,2011-01-20,0,0,-20.537156434696612,0
DRR0242,2010-08-04,0,0,-29.22956545146917,0
SOF0808,2010-10-25,0,0,-27.06838258251844,0
YWW0660,2011-01-13,0,0,-17.651122973727297,0
ESJ0670,2010-07-06,0,0,-21.558752806315056,0
SPA0141,2011-05-06,0,0,-27.308708040543138,0
JJB0127,2010-05-27,0,0,-19.98055164541563,0
EIM0156,2010-12-09,0,0,-22.328225565543562,0
TDG0962,2010-04-22,0,0,-1.6270987266143493,0
MNR0829,2010-12-02,0,0,-2.5114861009300284,0
BAJ0654,2010-05-17,0,0,-20.725006107589707,0
NWK0215,2011-03-13,0,0,1.0648678317711529,0
MTB0620,2010-06-01,0,0,-0.607604831052754,0
KBC0054,2010-05-14,0,0,-23.805006844598893,0
WGR0833,2010-07-29,0,0,-1.3883418056542496,0
NIH0969,2010-01-27,0,0,-2.9771309032206545,0
SHR0334,2010-11-15,0,0,-19.263233144839887,0
ASV0946,2010-09-03,0,0,-2.8360660935867372,0
CLD0894,2010-02-15,0,0,-22.017591307112866,0
FKB0163,2010-12-27,0,0,-21.04861332170924,0
RHO0732,2010-01-12,0,0,-1.4499960887907264,0
ZMC0284,2010-09-28,0,0,-17.848459123530006,0
PKB0281,2010-06-15,0,0,-18.03545749759951,0
PPF0435,2010-04-13,0,1,-10.854964865427974,0
DOP0562,2010-05-14,0,0,-28.768541154016248,0
NCH0179,2011-03-22,0,0,-27.269619872412818,0
EHB0420,2011-04-24,0,0,-19.401055587418455,0
ORB0473,2010-03-25,0,0,-0.7224114404158399,0
CSP0197,2011-03-17,0,0,-0.21795048461945044,0
ABC0174,2010-03-08,0,1,0.15250850023721796,0
DAG0558,2010-03-18,0,0,-29.05523937652015,0
MMB0488,2010-02-17,0,0,-6.410529778742671,0
NKH0807,2010-09-17,0,0,-28.456321121563064,0
NUL0471,2010-02-12,0,0,-1.23947277238085,0
BEH0615,2010-06-02,0,0,-3.764515323370574,0
HGG0240,2010-03-04,0,0,-26.969264002153068,0
LEM0605,2011-01-26,0,0,-5.230965489403729,0
KRM0541,2010-03-05,0,0,-23.006842148664646,0
ATE0869,2010-05-10,0,0,-0.09598477880115297,0
BNG0237,2010-04-08,0,0,-9.993608068746084,0
TJG0582,2011-05-10,0,0,-0.029480686207648432,0
VLB0647,2010-11-24,0,0,-19.231750392577737,0
IJM0139,2010-06-30,0,0,-0.4596809819545342,0
SCB0534,2010-01-25,0,0,-21.30001129515665,0
YCE0983,2010-01-15,0,0,-23.898360610515624,0
MHH0180,2010-04-23,0,0,-19.24415667410824,0
AJN0607,2010-03-03,0,0,-6.456918142401605,0
RZC0746,2010-01-08,0,0,-5.818708553976762,0
EIS0041,2010-01-25,0,0,-15.217371959883394,0
IIL0513,2010-10-23,0,0,-21.086199775652403,0
NOB0181,2010-10-24,0,0,-16.339003003421226,0
TNM0961,2010-08-18,0,1,-4.43109909516113,0
NNS0059,2010-09-23,0,0,-22.291800142749935,0
MDH0686,2011-01-20,0,0,-3.377310622547043,0
BYP0070,2010-11-19,0,0,-6.728061255499938,0
RJM0381,2010-09-14,0,0,-21.50125431202207,0
NAF0033,2011-04-19,0,0,11.85952843786049,1
ABN0239,2010-08-17,0,0,-4.763757167451786,0
CCM0467,2010-05-13,0,0,-3.9971648671184994,0
GRM0868,2010-08-19,0,0,-4.752752449793434,0
LMF0980,2011-03-14,0,0,-20.92492963874986,0
DTP0379,2010-09-21,0,0,-9.842770976371867,0
IDO0176,2011-04-01,0,0,-4.299543695322541,0
SAH0599,2010-06-30,0,0,-3.6442671602233077,0
PGH0184,2010-06-28,0,0,-20.25538762574331,0
ANP0555,2010-03-15,0,0,0.0027420338095680563,0
SHW0578,2011-02-24,0,0,-0.029480686207648432,0
AAM0658,2010-11-02,0,1,-17.103471995976975,0
TAP0551,2010-08-11,0,1,-11.8996222215643,0
RSM0277,2011-03-14,0,0,-6.333364313178549,0
CTR0341,2010-01-07,0,0,-20.998304312089658,0
AAF0791,2010-07-09,0,0,-12.089350212738964,0
WPR0368,2010-10-12,0,0,-22.379577286151857,0
YDN0198,2010-02-10,0,0,-26.652349403530934,0
HTF0641,2010-12-14,0,0,-20.09283367798332,0
LJR0523,2010-07-20,0,1,-20.40929263626299,0
HAH0760,2011-01-25,0,0,-19.771070422204048,0
HRB0351,2011-02-08,0,0,-8.678532201563712,0
LJR0523,2010-01-28,0,1,-19.402863841490102,0
LJT0817,2010-11-11,0,0,-23.167611678717662,0
RKF0164,2011-03-28,0,0,-21.38115154416471,0
KLH0596,2010-01-07,0,1,-0.029480686207648432,0
AOK0844,2010-07-30,0,0,-1.2137761885505824,0
NDM0417,2010-09-17,0,0,-21.29570002790672,0
LJT0817,2010-10-22,0,0,-19.077695891670714,0
DMM0623,2010-03-15,0,0,-8.18120788845431,0
ONL0276,2010-11-01,0,0,-24.40235026383573,0
SBD0913,2010-01-18,0,0,-2.0325778955049145,0
IUB0565,2010-10-06,1,1,-0.8375234013034287,0
UIR0043,2011-03-21,0,0,-20.855129490183685,0
AJR0319,2011-01-29,0,0,-4.967989525255462,0
CBG0398,2010-05-17,0,0,-7.4234970261137505,0
ENL0100,2010-10-29,0,0,-19.23822458288646,0
LAF0991,2010-10-15,0,0,-10.63689035777793,0
PMJ0564,2011-03-23,0,0,-27.375849654172384,0
WGR0833,2010-06-28,0,0,-0.7064905313396821,0
JAJ0849,2011-04-05,0,0,-2.8360660935867372,0
DMM0623,2011-03-08,0,0,-5.178240709270199,0
MNC0717,2010-12-10,0,0,-2.0812409259100377,0
BLS0678,2010-08-11,0,1,-2.990397389280133,0
ANT0430,2010-08-20,0,0,-9.184379564742017,0
KMS0657,2010-10-28,0,0,-15.314180200039573,0
HVB0037,2010-01-25,0,0,3.612733094525538,0
SJO0209,2010-09-09,0,0,1.635059771551255,0
SDB0106,2010-01-19,0,0,-15.946308174160094,0
NIH0969,2010-11-11,0,0,-2.0968323255412997,0
HCV0478,2010-04-01,0,0,-6.569918001895758,0
AMH0794,2010-03-19,0,0,-7.616258669943591,0
DGF0443,2011-02-15,0,0,-20.31249698678073,0
SPA0141,2010-05-07,0,0,-28.03740404841801,0
GCG0951,2011-01-05,0,0,-3.5368427785415406,0
PNH0761,2010-06-24,0,0,-19.5839365471968,0
WLV0566,2010-10-21,0,0,-7.204477236203047,0
TJD0996,2010-08-25,0,0,-18.08478323369968,0
LMF0980,2011-03-02,0,0,-21.09216888234255,0
LUR0896,2010-06-09,0,0,-22.05365189537406,0
CRK0916,2010-11-09,0,0,-5.673173425660025,0
QSV0778,2010-02-01,0,0,-20.78053111880115,0
HLM0933,2011-05-06,0,0,-6.386046156303792,0
HXL0968,2010-05-18,0,1,-4.566695874481184,0
DFR0218,2010-06-18,0,0,-22.391689535668775,0
MJS0890,2011-01-18,0,0,-19.591256246888634,0
BIS0247,2011-01-03,0,0,-17.476829611414132,0
AJR0319,2010-02-23,0,0,-3.8655812959933655,0
LAF0991,2010-07-27,0,0,-11.435355653386068,0
SRS0231,2010-06-17,0,0,-22.604238752097103,0
RNF0765,2010-09-16,0,0,-20.291306403365866,0
HOB0994,2010-12-17,0,0,-10.10162871003422,0
SVL0940,2010-01-18,0,0,-6.560375476817285,0
PEV0323,2010-09-22,0,0,-7.2948547132018575,0
ALB0892,2010-03-03,0,0,-18.958950842231047,0
JER0404,2010-10-07,0,0,-12.188516888547156,0
ZMC0284,2010-06-02,0,0,-11.75549309271571,0
MGS0974,2010-07-12,0,0,-20.408399202284272,0
KBB0189,2010-09-23,0,0,-27.933739915910337,0
SBN0495,2011-04-12,0,0,-6.233659840061023,0
PMC0328,2010-03-24,0,0,-17.21245387255192,0
KBB0189,2010-05-14,0,0,-27.68759097844122,0
VFM0814,2010-01-21,0,0,-27.05661140100858,0
CCW0031,2011-05-16,0,0,-25.69332512067217,0
SVL0940,2011-01-20,0,0,-5.394467990971748,0
CSB0080,2011-04-14,0,0,-27.66691595984605,0
SDF0017,2010-03-08,0,0,-20.622565084411576,0
SVS0871,2010-02-02,0,0,-7.730590990741803,0
IBP0883,2010-04-28,0,0,-17.893029258167417,0
DGN0480,2010-09-28,0,0,-6.436693805151322,0
AAW0353,2010-06-08,0,0,-0.11708572370321235,0
ADD0846,2010-08-25,0,0,-0.22543925009529175,0
CKB0482,2010-07-23,0,0,-5.218957102483159,0
MDM0976,2011-05-12,0,0,-21.116707527329027,0
RAG0275,2010-03-05,0,0,-19.233021178987883,0
IRT0491,2011-02-01,0,0,-6.221707509544331,0
BJM0111,2010-01-19,0,0,-23.252522770475366,0
OQH0183,2011-05-13,0,0,-18.74504006831944,0
BSA0431,2011-05-10,0,0,-11.25240975756708,0
CGA0629,2010-08-16,0,0,-5.068672842046112,0
HAH0760,2010-04-30,0,0,-22.907919940550755,0
JPA0667,2011-02-14,0,0,-21.728421125044747,0
OLF0504,2010-03-24,0,0,-7.969963732135852,0
BAM0611,2011-03-11,0,0,-3.436651051476929,0
AMH0464,2010-01-21,0,0,-0.029480686207648432,0
YCE0983,2010-04-29,0,0,-25.16889607567998,0
LIM0674,2010-06-23,0,0,-7.198600218774118,0
SAH0599,2010-04-08,0,0,-0.7224114404158399,0
BSS0463,2010-03-05,0,0,-0.029480686207648432,0
EHB0420,2010-11-25,0,0,-19.18644002666224,0
CNE0352,2010-06-07,0,0,-15.588915806934892,0
PGC0066,2011-02-25,0,0,-26.433766985476836,0
CYA0506,2010-03-31,0,0,-22.017591307112866,0
MVF0594,2010-12-09,0,0,-0.029480686207648432,0
GCS0518,2011-04-01,0,0,-22.017591307112866,0
CIM0271,2010-06-14,0,0,-18.870959055151843,0
EBC0390,2010-01-26,0,0,-22.986585574065316,0
UCH0519,2010-04-13,0,0,-22.017591307112866,0
CGF0337,2011-05-11,0,0,-20.047990670827176,0
JMB0308,2010-02-03,0,1,-3.882391950739361,0
GRM0868,2010-11-15,0,0,-5.717096943688716,0
NMB0972,2010-06-18,0,0,3.3192509359057567,0
MSG0839,2010-08-18,0,0,-1.589437420292029,0
LDM0587,2010-12-13,0,0,-0.4596809819545342,0
FAW0032,2011-04-27,0,1,-27.50569929343021,0
AOB0019,2011-03-16,0,0,-20.298168699524354,0
BSH0445,2010-04-22,0,0,-11.076850575383673,0
IJM0139,2011-01-10,0,0,-0.4596809819545342,0
KQC0708,2010-09-03,0,0,-0.3858800300046141,0
COF0120,2010-05-12,0,0,-28.053745635300174,0
IIA0092,2010-10-22,0,0,-8.530846449323917,0
HXL0968,2010-04-21,0,1,-0.31611736925106015,0
WPR0368,2011-02-26,0,0,-22.82818758100825,0
EGD0132,2010-03-10,0,1,-2.7136662317072933,0
TSB0437,2010-01-19,0,0,-15.723485630783216,0
IBP0883,2010-03-22,0,0,-19.52162660470026,0
DDM0579,2011-02-15,0,0,-0.029480686207648432,0
SMH0291,2011-02-02,0,0,-1.3361854307088379,0
IBB0696,2010-10-06,0,0,-1.9939573236534898,0
LBF0214,2011-05-11,0,0,4.115557108407302,0
MYD0978,2010-12-10,0,1,-20.509217506612345,0
RTO0313,2010-10-20,0,0,-5.065694240726202,0
PMV0850,2011-03-15,0,0,-1.540096130741631,0
KAL0395,2010-02-01,0,0,-26.196056575380794,0
KBS0874,2010-05-12,0,0,-5.552866253113052,0
DHM0937,2010-10-18,0,0,-27.844210280970856,0
ECR0822,2010-10-28,0,0,-0.22543925009529175,0
FKK0055,2010-07-30,0,0,-21.92470013426987,0
IDO0176,2010-09-23,0,0,-6.1369572460098425,0
BJH0354,2011-01-12,0,0,-24.45528089533377,0
KJJ0293,2011-03-04,0,0,-1.3361854307088379,0
HGH0595,2010-04-08,0,0,-0.7224114404158399,0
RFP0380,2010-06-22,0,0,3.1832830691736262,0
HRB0351,2010-10-08,0,0,-9.932564492907773,0
CJH0702,2010-04-15,0,0,-0.9964347838972571,0
FDE0117,2010-01-29,0,0,-25.814391248955076,0
KWC0004,2011-04-13,0,0,-23.98735155325926,0
ASM0575,2010-02-18,0,0,-1.3361854307088379,0
EBC0390,2010-12-14,0,0,-21.710351040102637,0
NKH0979,2010-10-01,0,0,-21.064743530459396,0
SAH0599,2010-08-18,0,0,-0.029480686207648432,0
SMW0084,2010-05-11,0,0,-16.942123468976206,0
IRM0931,2010-07-11,0,0,-21.889070174782432,0
EZT0640,2011-05-16,0,0,-17.65946729872428,0
JJH0613,2010-03-17,0,0,-0.635048134335193,0
DEB0782,2010-04-27,0,0,-19.88698136452581,0
RDM0150,2011-01-28,0,0,-1.9224297616391368,0
CUD0795,2011-01-19,0,0,-10.538149806055571,0
JML0909,2010-01-04,0,0,-20.81061411270298,0
BTS0011,2010-01-20,0,0,-18.863106232173664,0
BDI0533,2010-05-06,0,0,-20.80496623861768,0
AJD0074,2010-03-04,0,0,-27.851179669746443,0
SJF0094,2010-05-06,0,0,0.32239525540478553,0
TLM0797,2010-08-10,0,0,2.1611059999737563,0
KBS0874,2011-03-02,0,0,-5.553327213165744,0
NRO0768,2010-07-09,0,0,-21.509982484633042,0
HGN0287,2010-09-09,0,0,-15.374504201446712,0
AES0827,2010-06-28,0,0,-4.215387455438645,0
LRR0148,2011-02-18,0,0,-25.850120742678314,0
ABN0239,2011-04-12,0,0,-2.147132598472581,0
SAB0781,2010-11-09,0,0,-20.18963993380339,0
CSC0217,2010-03-09,0,1,-19.129038021188535,0
KJM0887,2011-03-22,0,0,-22.360773409824674,0
KJM0887,2010-04-01,0,0,-19.702035869044494,0
TIW0299,2010-09-13,0,0,-2.2832896928276796,0
CTW0500,2010-12-28,0,0,-7.193018670985566,0
CJK0200,2011-03-31,0,0,-2.1907998614243525,0
NSS0876,2010-10-13,0,0,-5.90825005528302,0
RGH0728,2010-09-30,0,0,-4.469821004177334,0
ECL0930,2011-05-03,0,0,-28.95167951250812,0
GCC0945,2010-08-19,0,0,-0.7369174506420677,0
GHL0460,2010-02-16,0,1,-0.4596809819545342,0
JOM0750,2011-01-11,0,0,0.4440029795737246,0
NMF0780,2010-05-17,0,0,-22.360773409824674,0
YCE0983,2010-05-18,0,0,-24.986047372597454,0
JML0909,2011-02-15,0,0,-21.97060233034688,0
MHA0798,2010-12-10,0,0,-2.056415472760932,0
SIJ0661,2010-11-30,0,0,15.149464918408853,1
KKC0683,2010-10-18,0,0,-12.332108790447137,0
RKF0164,2010-03-22,0,0,-20.04876371986711,0
MGS0974,2010-07-01,0,0,-19.29192403776301,0
CQH0730,2010-09-30,0,0,-5.616696346693857,0
JZD0888,2011-03-02,0,0,-21.440585778851982,0
DID0650,2010-04-19,0,0,-19.124944479906617,0
DBB0384,2010-05-24,0,0,-21.294056675307502,0
CSH0626,2010-01-25,0,0,-5.727983787209382,0
ARB0881,2011-04-18,0,0,-20.88987158352893,0
THD0448,2010-03-25,0,0,-0.4596809819545342,0
CKP0721,2011-04-19,0,0,-3.384029984063204,0
FFC0891,2010-06-23,0,0,-16.58306273296523,0
EHB0420,2011-04-01,0,0,-18.233162568966804,0
JAM0382,2011-01-20,0,0,-21.937843074708326,0
FUM0015,2011-02-17,0,0,-19.915293131070143,0
RIH0777,2011-01-27,0,0,-20.70275629792411,0
ROB0272,2010-09-22,0,0,-8.113721514114786,0
KJS0618,2011-05-09,0,0,-8.151715633888784,0
NHE0919,2011-04-12,0,0,-21.516643048134256,0
HJB0742,2010-02-09,0,1,-9.250236818209714,0
CWB0065,2010-07-12,0,0,-25.7120292691676,0
HJB0742,2010-10-14,0,1,-7.8308473681207715,0
IBB0359,2010-01-28,0,0,-18.38429465587342,0
OJK0233,2010-08-20,0,0,-12.652253848518853,0
WBC0315,2011-04-13,0,0,-1.9927626499904818,0
THD0448,2010-10-13,0,0,-0.4596809819545342,0
NKH0979,2011-05-05,0,0,-21.3764835555196,0
FKK0055,2011-03-22,0,0,-14.054673860603202,0
DIB0081,2010-06-22,0,0,-12.786744287622469,0
QNF0205,2010-06-07,0,0,-4.822915020066262,0
KAC0124,2010-12-13,0,0,-18.085447663936975,0
CQW0652,2010-09-29,0,1,-17.38749513328969,0
SDO0170,2010-10-15,0,0,-3.95761015207961,0
NKP0236,2010-05-04,0,0,-28.820915178976065,0
HKI0171,2011-03-14,0,0,-5.015557372854232,0
OSH0655,2011-04-15,0,0,-19.384178335364368,0
SSJ0784,2010-03-16,0,0,-19.00257092770596,0
FLM0213,2010-01-21,0,0,3.7037048460847473,0
LDG0459,2010-07-26,0,0,-6.561339523408037,0
CXC0336,2010-09-08,0,0,-21.476863983655107,0
KNB0022,2011-03-28,0,0,-18.624495205353014,0
JPA0667,2010-07-27,0,0,-21.91974015238395,0
MLD0755,2010-08-27,0,0,-6.963094800858471,0
FDE0117,2010-08-11,0,0,-25.77129330928767,0
KRL0501,2010-11-29,1,1,-6.201172465120294,0
PMC0328,2010-04-14,0,0,-13.296161061242628,0
BKW0374,2011-03-01,0,0,-21.26481413640647,0
TLH0648,2010-12-02,0,0,-20.746381730944222,0
AIB0948,2010-10-21,0,0,-2.4854488444376557,0
NCO0666,2011-01-07,0,0,-21.62624408607951,0
OQH0183,2011-02-11,0,0,-20.227163149196144,0
HDS0367,2010-08-27,0,0,-18.10447052765676,0
MDM0625,2011-01-04,0,0,-2.692494140139388,0
KBC0054,2010-12-16,0,0,-22.60700838083028,0
RRA0938,2011-03-23,0,0,-11.658727649974367,0
BEH0615,2010-07-21,0,0,-3.816008880186473,0
IMB0481,2010-01-15,0,0,-5.256347227416882,0
CPG0322,2010-08-12,0,0,4.585267818334728,0
IBB0359,2011-03-03,0,0,-18.487289003576052,0
EHB0420,2011-01-17,0,0,-17.86550620026776,0
AJD0074,2010-04-16,0,0,-28.19484919186789,0
RDT0424,2010-04-16,0,0,-8.391797116195335,0
NGF0157,2011-02-17,0,0,-11.693681891986785,0
KBP0008,2010-06-17,0,0,-23.55991883573097,0
AIM0627,2011-04-08,0,0,-6.288946170822555,0
FMG0527,2010-06-25,0,1,-20.412769216833453,0
BBS0422,2011-03-01,0,0,-18.51253381248273,0
NMS0280,2010-07-24,0,0,-19.65427022671099,0
JCG0316,2010-08-31,0,0,-3.7910600865069455,0
JCR0172,2010-06-28,0,0,-0.38918859097134373,0
IKP0472,2010-03-11,0,0,-4.9566055642077345,0
JCV0245,2011-03-18,0,0,-13.114750155889055,0
MCT0720,2010-10-28,0,0,-0.7369174506420677,0
FIR0920,2010-06-22,0,0,-23.607087753108658,0
CCM0467,2010-04-01,0,0,-0.22543925009529175,0
MVF0594,2011-04-14,0,0,-1.404150611370028,0
SBN0866,2010-06-07,0,0,-0.13899700634192413,0
CMS0454,2011-04-04,0,0,-0.7369174506420677,0
HLH0512,2011-02-07,0,0,-20.291306403365866,0
MCF0600,2010-02-12,0,1,-0.7224114404158399,0
NJB0243,2010-01-21,0,0,-18.44971727166842,0
BAM0611,2011-02-04,0,0,-4.979071723892503,0
MSD0939,2010-12-27,0,0,-28.98214458279324,0
DJB0159,2010-06-15,0,0,-19.385842028769503,0
JRL0574,2010-12-01,0,0,-6.356662060617282,0
MVF0594,2010-10-05,0,0,-1.951465366480079,0
BJM0111,2011-01-04,0,0,-22.41981517265765,0
BER0314,2010-03-01,0,0,-4.1815200547429185,0
PLH0715,2010-07-19,0,0,-0.7064905313396821,0
BBH0810,2010-01-29,0,0,-28.658715003656425,0
JCR0289,2010-07-23,0,0,-2.1998743259766798,0
BMT0528,2010-05-28,0,0,-19.696604727908834,0
QCH0110,2010-11-11,0,0,-20.651707400147075,0
SJF0094,2010-11-19,0,0,-11.12165488105802,0
SMY0792,2010-06-28,0,0,-0.41148802439306564,0
DFR0218,2010-01-18,0,0,-19.84871565872777,0
LHN0151,2010-10-08,0,0,-4.761408199233756,0
LCD0622,2011-01-06,0,0,-4.871272825666551,0
BSS0463,2010-01-21,0,0,-0.4596809819545342,0
DIW0118,2010-02-05,0,0,-26.009421498647725,0
JMK0099,2010-04-26,0,0,13.817379767724788,1
LNR0656,2010-08-26,0,0,-17.779900862517366,0
DAG0558,2010-04-22,0,0,-28.532440632664247,0
TOR0193,2010-04-19,0,0,-26.805779457798735,0
SMW0084,2011-01-19,0,0,-11.772953365307785,0
ROB0272,2010-05-07,0,0,-3.9509084282090043,0
ZSK0258,2010-05-12,0,0,-19.46248469221257,0
HAV0121,2010-09-17,0,0,-9.594378033363341,0
RTO0313,2010-10-25,0,0,-4.144040380056822,0
ENL0100,2011-01-03,0,0,-18.294171311967716,0
RIH0777,2010-01-05,0,0,-21.741885558658282,0
SHW0578,2010-06-10,0,0,-0.029480686207648432,0
SAA0999,2010-11-30,0,0,-15.379659940080842,0
NAB0801,2010-03-19,0,0,-0.8900187837592739,0
FWM0707,2010-11-10,0,0,-2.3067309677462617,0
ILR0304,2010-03-18,0,0,-1.2191903865591485,0
AMR0318,2010-04-22,0,0,-8.182516543365296,0
OYM0026,2010-09-22,0,0,-6.397930618172381,0
GDF0704,2010-01-27,0,0,-3.2814880105289603,0
AAF0791,2010-07-06,0,0,-6.989791639005034,0
KJP0371,2010-05-28,0,0,-20.981613835813278,0
DTP0379,2010-08-26,0,0,-11.992232213280772,0
ASD0577,2011-04-27,0,0,-3.6442671602233077,0
GNZ0953,2010-05-11,0,0,-3.4786608408680877,0
SOF0808,2010-09-22,0,0,-28.04239338566265,0
PTH0830,2011-04-29,0,0,-1.0498541092994174,0
IIL0513,2010-09-29,0,0,-18.135965273499664,0
CBB0365,2010-08-30,0,0,-22.538028215505506,0
WIQ0567,2011-03-29,0,0,-25.032679694515878,0
CJV0286,2011-04-27,0,0,-21.654854343668717,0
USH0199,2010-07-23,0,0,-21.087541294867265,0
SRS0231,2011-04-08,0,0,-20.122778316068093,0
ASM0575,2010-08-31,0,0,6.467536869065157,0
TJD0996,2010-08-24,0,0,-20.175497329787163,0
FKB0163,2010-11-08,0,0,-20.642858275481558,0
CHG0146,2010-09-09,0,0,-26.2119926795192,0
SMW0084,2010-02-01,0,0,-17.84682681030006,0
BAJ0654,2010-08-03,0,0,-17.479995856186406,0
CKH0144,2010-09-23,0,0,-26.14470344131928,0
SVS0871,2011-05-10,0,0,-5.082707556599644,0
AIM0627,2011-01-31,0,0,-7.388644422039192,0
RGN0408,2011-02-10,0,0,-0.885998447274801,0
AOS0987,2010-02-24,0,0,-4.837729359127138,0
ETR0428,2010-03-24,0,0,-11.41584561829211,0
SKG0759,2010-06-09,0,0,-20.88987158352893,0
OYM0026,2010-06-01,0,0,-5.469021867208426,0
KKC0683,2011-01-26,0,0,-7.136077244494572,0
TDS0984,2010-07-08,0,0,-26.056252118429825,0
CSC0217,2010-06-09,0,1,-20.981737708024752,0
EZT0640,2010-03-11,0,0,-18.187910911694075,0
NOB0181,2011-04-05,0,0,-13.81441823544958,0
SBH0537,2010-04-07,0,0,-27.215600302670737,0
KAT0489,2010-02-26,0,0,-4.779806121669708,0
JDC0030,2010-01-20,0,0,-27.05404464769731,0
HRL0540,2010-08-30,0,0,-17.033280427769114,0
WDV0573,2010-04-22,0,0,-2.4093461569249257,0
JCR0289,2011-03-18,0,0,-0.4596809819545342,0
TLK0993,2010-03-01,0,0,-10.464558397803557,0
HDL0748,2010-10-06,0,0,-7.436470357612848,0
DBW0483,2011-02-04,0,0,-8.222592785960046,0
AMV0036,2010-02-23,0,0,3.7231055333083987,0
WLV0566,2010-01-14,0,0,-5.242168999426781,0
BIH0745,2010-05-19,0,1,-4.728432024683457,0
FSB0399,2010-04-09,0,0,-5.498021521526766,0
KJS0618,2010-03-08,0,0,-7.555486643341055,0
HRB0351,2011-01-18,0,0,-15.441125626336543,0
WTF0387,2010-07-01,0,0,4.027560576663177,0
NNS0059,2011-01-31,0,0,-20.938920170104666,0
IMB0481,2010-06-29,0,0,-5.873889763293164,0
CIM0926,2010-07-22,0,0,-21.766984244553555,0
WNB0908,2010-12-29,0,0,-20.038692027525826,0
IHK0841,2011-02-14,0,0,-3.9971648671184994,0
ORM0669,2011-01-25,0,0,-2.7202187933868345,0
UJC0737,2010-10-06,0,0,-6.836810344554237,0
KSP0966,2011-01-27,0,0,-2.822060863980596,0
LPC0492,2010-09-22,0,0,-4.734279430460447,0
BDB0453,2010-09-02,0,0,-2.7687114063107856,0
MKG0711,2010-02-01,0,0,-0.7064905313396821,0
SAK0375,2010-12-28,0,0,-22.902415499338986,0
BJP0134,2010-02-22,0,0,-6.487491126656209,0
BCR0581,2010-08-23,0,0,-3.698023264481094,0
SBN0495,2010-12-09,0,0,-5.2458355958521,0
TJD0996,2010-09-22,0,0,-18.605797885497054,0
KKW0879,2011-03-04,0,0,0.765804735996312,0
CKB0427,2010-10-06,0,0,-10.453544284484906,0
AKH0758,2010-12-13,0,0,-20.412769216833453,0
TJG0582,2011-04-27,0,0,-0.4596809819545342,0
SER0165,2011-02-18,0,0,-27.31464032414044,0
SDF0017,2011-05-04,0,0,-22.074163753211565,0
ARL0034,2010-04-05,0,0,2.8960198751805137,0
KBG0549,2010-07-27,0,0,-22.392793759738765,0
AKW0167,2011-03-09,0,0,-27.502904586409272,0
HKF0831,2011-04-18,0,0,-1.7839278486766261,0
RRP0568,2010-02-12,0,0,-22.072778347205485,0
TAC0300,2010-11-15,0,0,-1.2018865578410214,0
PNL0301,2010-05-20,0,1,-2.9092315985732284,0
CBG0490,2011-05-11,0,0,-6.924288990730361,0
AIP0982,2010-02-09,0,0,-20.571225329807476,0
NCO0666,2010-06-25,0,0,-22.596913712987202,0
LAF0991,2010-08-12,0,0,-9.430957861462502,0
TVS0050,2011-03-03,0,0,-21.52733124990357,0
MKP0861,2010-02-15,0,0,-5.309157674500398,0
JLW0053,2010-03-17,0,0,11.403163013496169,1
HDS0367,2010-06-21,0,0,-19.719076936557258,0
ATF0274,2010-03-26,0,0,-23.397410142093804,0
JPW0741,2010-07-01,0,0,-2.935817919383794,0
IBB0696,2011-01-31,0,0,-2.343057024122345,0
MCJ0324,2010-09-03,0,0,-5.88768422156852,0
ASG0692,2010-08-03,0,0,-26.288969566160517,0
BVC0790,2010-04-11,0,0,-17.619109824361658,0
ECF0828,2010-07-01,0,0,-0.7064905313396821,0
CJK0200,2010-09-03,0,0,-0.9903966254926218,0
RCP0785,2010-03-17,0,0,-19.317674080433903,0
SLB0049,2011-02-07,0,0,-20.261932665439986,0
WNB0908,2011-01-18,0,0,-19.924857936307376,0
BRM0995,2010-11-12,0,0,-8.36875572135125,0
AKH0758,2010-06-04,0,0,-19.88698136452581,0
MSS0001,2010-12-08,0,0,-14.237608823345909,0
EPW0434,2010-11-11,0,0,-14.661779877936283,0
HAH0760,2010-03-11,0,0,-19.669251838386003,0
CGF0337,2011-04-26,0,0,-18.74504006831944,0
EMW0772,2010-07-28,0,0,-20.291306403365866,0
LOM0086,2010-02-02,0,0,-13.29571995363392,0
YJV0699,2010-02-09,0,0,-0.7064905313396821,0
OBH0499,2010-08-24,0,0,-4.88641202698193,0
HDS0367,2010-01-11,0,0,-18.406596631502453,0
PDW0259,2011-01-27,0,0,-19.719141199312617,0
CAS0507,2010-01-27,0,0,-21.117711238633547,0
BMC0547,2010-10-04,0,0,-9.955050589323946,0
GZB0469,2010-02-23,0,0,-2.5114861009300284,0
OYM0026,2011-02-11,0,0,-7.4284479297912185,0
JXH0493,2010-07-09,0,0,-5.027799823199871,0
ALD0544,2010-11-09,0,0,-1.7831214637621997,0
JBD0616,2010-06-17,0,0,-3.1047391675277822,0
PMC0328,2011-03-18,0,0,-18.08958139563697,0
CKH0144,2011-05-11,0,0,-25.346018471692105,0
NCK0421,2010-02-15,0,0,-26.242091676926066,0
KPP0452,2011-03-07,0,0,-0.22543925009529175,0
SAB0781,2010-02-23,0,0,-21.569454934712553,0
TLH0648,2010-11-03,0,0,-18.735540325140732,0
MCT0720,2011-03-11,0,0,-3.6173288383779436,0
KWC0004,2010-06-17,0,0,-26.168480909962454,0
MKL0941,2010-02-23,0,0,-3.4744374256866877,0
HIW0536,2011-03-29,0,0,12.404070983806605,1
DKB0631,2010-03-01,0,0,-18.6549801239089,0
HAH0248,2011-03-02,0,0,-16.97953486198776,0
CFG0959,2011-02-25,0,0,-2.1954716241012875,0
HWM0342,2010-12-08,0,0,-21.905647108059725,0
CQH0701,2010-06-03,0,0,-0.9431118171253274,0
HDD0789,2010-06-04,0,0,-24.79964905530983,0
NGC0058,2010-08-28,0,0,3.380139065309095,0
JCR0172,2010-11-08,0,0,-2.970065013047474,0
BCM0653,2011-01-31,0,0,-18.474315467711335,0
DZC0228,2010-07-26,0,0,-9.541828677195895,0
EJW0884,2010-01-18,0,0,-22.405398223773545,0
LHB0967,2010-04-06,0,0,-1.2591644484622293,0
ZSB0649,2010-05-14,0,0,-21.30453089403659,0
GJT0386,2010-02-24,0,0,-3.5642682114798845,0
GCC0744,2010-02-19,0,0,-3.0738717446797637,0
LMF0980,2011-05-13,0,0,-21.388097705622954,0
CKD0680,2010-03-19,0,0,-22.882642311028917,0
DRR0162,2010-07-19,0,1,-26.593075052719655,0
MHG0244,2011-02-11,0,0,-17.55290393936184,0
BSH0445,2010-09-17,0,0,-11.255235916536549,0
DSB0731,2010-04-26,0,0,-6.858393505594108,0
ALH0402,2010-01-11,0,0,-6.549184683668045,0
AMW0392,2011-03-01,0,0,-27.44055887967579,0
ELH0960,2010-12-15,0,0,-1.1260412373189865,0
CFG0959,2010-02-17,0,0,-2.696551447708657,0
MBG0438,2010-10-14,0,0,-12.425251377250902,0
EHB0420,2010-03-23,0,0,-18.55248924060095,0
DHM0937,2010-08-16,0,0,-28.230516525219286,0
TLM0797,2010-12-02,0,0,-1.0287168982351886,0
LLV0602,2010-06-18,0,0,-7.817756350083414,0
BHC0665,2010-11-23,0,0,-18.634358274035094,0
ENL0100,2010-11-18,0,0,-19.07762377046072,0
LNR0656,2010-08-16,0,0,-19.764377108665826,0
SSH0799,2011-04-28,0,0,-24.561330176335673,0
EHD0584,2010-09-23,0,1,-2.0829632363322617,0
FGW0853,2011-04-07,0,0,-3.3359210888035022,0
WBC0192,2010-12-15,0,0,-23.59786774370957,0
ORG0339,2010-12-14,0,0,-18.156042808590314,0
HCC0344,2010-09-07,0,0,-17.09009637994984,0
CAH0936,2010-05-14,0,1,-24.33059032184042,0
HKF0831,2010-06-16,0,0,-1.0498541092994174,0
NCH0179,2010-06-15,0,0,-27.20221038012687,0
LMF0980,2010-01-18,0,0,-21.2000309483268,0
ASS0206,2010-06-30,0,0,7.321730312347086,1
ZJS0269,2010-09-17,0,0,-22.308671715341347,0
SED0886,2011-02-21,0,0,-17.947237674013422,0
MIC0726,2010-04-15,0,0,-7.267868800363999,0
TLH0648,2010-02-05,0,0,-19.77755120028155,0
LBC0356,2010-10-04,0,0,-22.407906132193602,0
JCR0770,2010-07-23,0,0,-20.291306403365866,0
LFS0071,2010-01-13,0,0,-9.948953831016297,0
NBC0412,2010-10-04,0,0,-1.4668075736684614,0
DRR0242,2011-02-19,0,0,-29.021995263534222,0
FWM0707,2010-06-16,0,0,-3.0695761485825415,0
CNM0800,2011-02-02,0,0,-22.07633122850575,0
MSH0040,2010-10-22,0,0,-22.22958646911752,0
AHM0410,2011-03-18,0,0,-0.8041063992103545,0
IJR0825,2010-07-13,0,0,-2.133164170812165,0
ABH0663,2010-12-10,0,0,-1.9952427177438494,0
AHG0634,2010-06-04,0,0,-21.95041486436662,0
KPP0452,2010-05-24,0,0,-0.7369174506420677,0
IEB0153,2010-07-09,0,0,-2.100005977808337,0
MKS0204,2010-09-02,0,0,-4.749683594403905,0
FOB0756,2011-03-11,0,0,-21.53444198602142,0
KWC0004,2011-03-31,0,0,-25.273297157269894,0
PPF0435,2010-01-18,0,1,-11.894451271595017,0
PGH0184,2010-06-14,0,0,-19.368467496361177,0
LDM0587,2010-11-23,0,0,-0.4596809819545342,0
SIJ0661,2010-12-30,0,0,17.968739028179584,1
NCH0179,2010-01-29,0,0,-27.09645248872198,0
IEB0153,2010-05-06,0,0,-0.37779005731783855,0
MHA0798,2010-02-01,0,0,-2.6570764996017715,0
MSZ0310,2010-10-27,0,0,-3.5820873748809845,0
WNB0908,2011-04-20,0,0,-19.35631405932122,0
YCE0983,2010-06-21,0,0,-22.6531789860843,0
NMF0780,2010-07-30,0,0,-21.335937955741997,0
HRD0635,2010-01-20,0,0,-19.832465554630517,0
FPC0954,2010-04-15,0,0,-1.0498541092994174,0
EHR0096,2010-04-08,0,0,-25.384626546848608,0
WDD0366,2011-02-16,0,1,-21.725999738724454,0
CJH0702,2010-08-20,0,0,-0.22543925009529175,0
ICS0956,2010-06-17,0,0,-1.4904878636043577,0
KVS0425,2010-10-18,0,0,-2.4399344973180632,0
RBB0485,2011-01-25,0,0,-4.707636880673476,0
ESA0642,2010-02-22,0,0,-17.667062360821888,0
GQP0743,2010-03-11,0,0,-5.265891992160277,0
AMM0014,2010-04-07,0,0,-18.758522639681473,0
ECF0828,2010-01-11,0,0,-2.3067309677462617,0
AHC0142,2010-12-29,0,0,-26.452754964359883,0
ASM0575,2010-11-04,0,0,-2.775121886143893,0
NWK0215,2010-08-30,0,0,2.275437729385544,0
JMK0099,2010-11-04,0,0,-9.976971436087751,0
JML0909,2011-01-21,0,0,-20.864226899001437,0
BDI0533,2010-05-10,0,0,-20.509235752832637,0
CCW0524,2010-10-15,0,0,-21.30001129515665,0
IRM0931,2010-11-22,0,0,-22.389779728829012,0
WIF0691,2010-09-27,0,0,-22.59079244638758,0
RRP0568,2010-07-14,0,0,-23.774811767788947,0
LPC0492,2010-03-26,0,0,-5.513686644437939,0
AMJ0297,2011-05-10,0,0,-0.4596809819545342,0
MCJ0324,2010-11-11,0,0,-7.969348206395921,0
JZD0888,2010-03-25,0,0,-19.89424875335328,0
CGF0337,2010-06-28,0,0,-19.951471454264038,0
VLB0647,2010-07-28,0,0,-18.68981131983014,0
THR0873,2010-08-23,0,0,-1.5728681762376482,0
BXJ0010,2011-03-21,0,0,-19.340293784443247,0
NAR0981,2010-09-07,0,0,-24.408184262734267,0
OKC0107,2011-04-25,0,0,-10.8640522830799,0
IBB0359,2011-02-23,0,0,-18.078750113430146,0
AIB0948,2010-02-16,0,0,-6.544070823635934,0
IDO0176,2010-10-05,0,0,-5.883167374224854,0
BAL0044,2010-05-13,0,0,-18.989598019325854,0
JKM0303,2010-01-07,0,0,-0.029480686207648432,0
HRB0351,2011-02-03,0,0,-10.637001844286715,0
DLH0029,2011-04-07,0,0,1.3197371652144056,0
YJV0699,2010-11-18,0,0,-3.067758533759161,0
MDM0976,2010-03-12,0,0,-20.027234732961347,0
AKF0709,2010-08-23,0,0,-1.49582182495692,0
RYB0718,2010-07-14,0,0,-0.22543925009529175,0
ASG0692,2010-02-23,0,0,-27.064037097030678,0
RKD0604,2010-07-19,0,1,-5.577193600253963,0
JJH0613,2010-10-13,0,0,-4.980433519945905,0
PGH0184,2010-08-18,0,0,-18.78764312725025,0
RGG0064,2010-09-10,0,1,-5.014257436878665,0
NKH0979,2010-08-27,0,0,-20.66794331713561,0
UCS0227,2010-03-01,0,0,-1.8543999728433391,0
HCC0344,2010-03-10,0,0,-18.54561715012403,0
MAR0955,2010-07-20,0,1,-0.7261734935627828,0
CCH0685,2010-04-26,0,0,-27.44601669108522,0
ALD0529,2011-04-25,0,0,-20.949793518241222,0
CEL0561,2010-09-07,0,0,-29.309694981103007,0
ETR0177,2010-01-20,0,0,-27.790722948984467,0
XHW0498,2010-08-11,1,1,-6.805747359500629,0
RNL0695,2010-03-01,0,0,-24.817385704099593,0
NUL0471,2010-01-13,0,0,-0.692388082700063,0
JTM0223,2010-02-11,0,1,-20.0997457063786,0
DIW0118,2011-01-27,0,0,-21.927114024977755,0
BEH0615,2010-02-22,0,0,-7.3760829531111085,0
JMC0925,2010-10-28,0,0,-7.594588097158521,0
RHC0335,2010-10-05,0,0,-18.48721488163278,0
NGC0058,2010-04-15,0,0,-1.425415145551142,0
LFS0071,2011-01-21,0,0,-5.7306772919910145,0
DTT0076,2010-03-05,0,0,-16.05506165183533,0
CAN0842,2010-10-01,0,0,-1.0498541092994174,0
JCG0316,2010-11-16,0,0,-0.826180902581882,0
FUM0015,2010-02-26,0,0,-18.691572816171288,0
WTF0387,2010-12-17,0,0,-3.2638197248056713,0
LLV0602,2010-11-05,0,0,-5.990989367512043,0
RAB0589,2010-01-14,0,1,-4.402129956812132,0
IWM0816,2010-09-09,0,0,-7.375218757791231,0
NAR0981,2010-07-27,0,0,-26.3451896790167,0
SBH0537,2010-07-16,0,0,-26.889862183715763,0
SBN0971,2011-01-04,0,0,-0.150080777390599,0
CJC0494,2011-02-15,0,0,-6.394187673787883,0
WVB0539,2010-10-25,0,0,-25.43852880010911,0
JOM0750,2010-01-19,0,0,-6.008008360538383,0
CAN0842,2011-04-15,0,0,-0.3858800300046141,0
KSH0569,2010-05-28,0,0,-6.095873206203123,0
IUY0279,2010-11-05,0,0,-15.26427493937149,0
MPT0376,2010-12-13,0,0,-1.9800218602451878,0
RRA0938,2010-06-08,0,0,-3.437115468145521,0
DGN0480,2010-07-19,0,0,-7.330616086836699,0
CNB0900,2010-06-24,0,0,-20.291306403365866,0
PSF0133,2010-04-05,0,1,-1.9726615506317557,0
KAT0270,2010-12-28,0,0,-20.37722571912616,0
CAB0614,2011-03-29,0,0,-6.0573177394046525,0
MLP0668,2010-03-11,0,0,-2.32297702537619,0
DOP0562,2011-01-05,0,0,-29.11262022059111,0
GNS0178,2010-08-25,0,0,-17.719396406411192,0
HKB0418,2010-01-19,0,0,-8.611614958311748,0
AOB0019,2010-07-27,0,0,-20.15381913328747,0
LHL0309,2010-08-05,0,0,-4.0447597841885,0
PIS0522,2010-01-27,0,0,-21.534160146651402,0
JDC0030,2011-01-23,0,0,-27.229759766698294,0
SVL0940,2011-02-01,0,0,-9.04876025211513,0
VMJ0546,2010-03-12,0,0,-10.364164060399276,0
SDF0017,2010-06-15,0,0,-19.609871205205422,0
XLB0710,2010-01-20,0,0,-2.3067309677462617,0
TSR0676,2010-10-05,0,0,-20.531252006840646,0
RNF0765,2011-05-09,0,0,-21.14364623941958,0
HCM0267,2010-02-15,0,0,-5.002361676252917,0
TSG0906,2010-09-13,0,0,-19.371821754005623,0
WTF0387,2010-08-27,0,0,-3.278247163264723,0
ASV0946,2010-09-21,0,0,-1.6270987266143493,0
BSA0431,2011-01-14,0,0,-11.548105503133684,0
IDO0176,2010-11-15,0,0,-2.8344066491584954,0
SAC0592,2010-10-04,0,0,-0.692388082700063,0
NCK0421,2011-01-28,0,0,-27.823840255122377,0
LQP0508,2011-03-22,0,0,-21.0505857399354,0
ARD0509,2010-02-10,0,0,-16.053088660195726,0
CKB0482,2010-07-16,0,0,-7.4018889434019,0
CRK0916,2010-01-11,0,0,-7.454391226365715,0
ORM0669,2010-01-15,0,0,-3.178049569673476,0
ALD0544,2010-12-02,0,0,0.6488712615484928,0
CMB0912,2010-11-02,0,0,-24.69168697744749,0
HIW0536,2011-03-03,0,0,13.247125964602446,1
ESH0283,2010-01-26,0,0,-12.275856237034532,0
SOF0808,2011-02-21,0,0,-28.498910446033506,0
LIM0674,2010-09-16,0,0,-11.27552061102051,0
NKP0236,2011-04-18,0,0,-28.49931021826228,0
CMS0454,2010-12-27,0,0,-0.029480686207648432,0
HFB0347,2010-09-14,0,0,-21.905647108059725,0
EMB0531,2011-02-23,0,0,-21.0505857399354,0
ICS0956,2010-03-10,0,0,-0.7064905313396821,0
ZSK0258,2010-04-06,0,0,-21.074056083882056,0
BCR0581,2010-02-16,0,0,-1.3361854307088379,0
CBG0490,2010-08-18,0,0,-5.836149775611034,0
KWE0082,2010-02-24,0,0,-12.58067651397505,0
BSB0990,2010-09-01,0,0,-8.605019066300656,0
CSJ0340,2011-01-10,0,0,-17.027493507828922,0
HDL0748,2010-11-04,0,0,-6.014127168333175,0
JCV0245,2010-11-22,0,0,-19.986811899310283,0
EIS0041,2011-01-25,0,0,-13.711656778841302,0
SGB0140,2010-04-20,0,0,-0.692388082700063,0
RGN0408,2011-04-25,0,0,-3.4798215456111166,0
DVW0103,2010-05-27,0,0,-8.37827656406796,0
JMW0638,2011-04-21,0,0,-19.30766387992719,0
GCL0016,2010-10-21,0,0,-26.924044480573002,0
SSG0250,2010-08-16,0,0,-16.048466883203446,0
EWH0191,2010-10-29,0,0,-27.851808329891924,0
ANT0430,2011-01-25,0,0,-8.55920851305882,0
JKM0303,2010-06-04,0,0,-2.2832896928276796,0
CTR0341,2010-08-28,0,0,-16.436606919895212,0
BEC0505,2010-09-20,0,0,-6.7297835403937825,0
CJC0494,2010-12-22,0,0,-9.544328680341096,0
BJP0134,2011-01-21,0,0,-3.5656887308865635,0
RLG0856,2010-01-12,0,0,-3.3448229506590224,0
DKB0631,2011-01-13,0,0,-16.67075470995303,0
BWP0202,2011-02-09,0,0,-5.08480988849999,0
KNW0644,2010-12-17,0,0,-20.281659207786788,0
MAS0025,2010-05-26,0,1,-18.031451772870696,0
ZKS0899,2010-02-10,0,0,-21.925296681376835,0
AJR0932,2010-08-05,0,1,-30.04725995661761,0
SJW0451,2010-10-25,0,0,-2.2832896928276796,0
MMG0943,2011-02-01,0,0,-10.107744096851206,0
RDM0150,2010-10-06,0,0,-1.2188246030128767,0
WSR0241,2010-03-03,0,0,-27.118968862889346,0
HRW0550,2011-01-25,0,0,-22.964367208611748,0
ARB0881,2010-11-12,0,0,-21.335937955741997,0
YJF0532,2011-04-05,0,0,-21.520533313971555,0
AHC0142,2010-01-28,0,0,-27.41122152043306,0
IYB0918,2010-12-13,0,0,-21.717503772762825,0
FRB0023,2010-08-25,0,0,-21.161706521187966,0
BSH0445,2010-10-28,0,0,-13.89254960668245,0
OYM0026,2010-06-15,0,0,-6.876083570816036,0
GCC0744,2011-04-14,0,0,-4.400075831595018,0
WTR0563,2010-05-04,0,0,-27.830294831524952,0
OLW0689,2010-09-15,0,0,-6.303091383623155,0
PSF0133,2010-03-31,0,1,-4.387500209824907,0
KAT0489,2010-09-07,0,0,-5.826987904759335,0
JAJ0849,2010-10-05,0,0,-2.8360660935867372,0
ASS0517,2010-10-11,0,0,-19.396876145609554,0
DRR0242,2010-04-28,0,0,-26.782376402559635,0
RAG0275,2010-03-19,0,0,-20.853306794108676,0
AJF0370,2010-11-17,0,0,-17.483961725551012,0
TSM0927,2010-03-03,0,0,-21.486539192558098,0
FQA0854,2011-03-30,0,0,-4.4348883270027954,0
EPW0434,2010-03-03,0,0,-13.504420527564207,0
LOF0311,2010-03-25,0,0,-5.474557353552882,0
NAF0033,2010-04-01,0,0,5.407574101100181,0
BER0314,2010-04-29,0,0,-5.609175395280886,0
BWP0202,2011-05-03,0,0,-7.633485104398915,0
DLS0383,2010-09-08,0,0,-22.305504220953253,0
NSS0876,2010-03-17,0,0,-3.9269439233788717,0
JAM0382,2010-06-07,0,0,-23.81298771832553,0
AKR0057,2010-09-20,0,1,-26.70139718073358,0
IUY0279,2010-01-07,0,0,-10.386458048687473,0
LAP0338,2010-03-29,0,0,-16.658236266728863,0
UCH0519,2010-10-01,0,0,-22.017591307112866,0
CAB0388,2010-07-01,0,0,-22.4824022018513,0
FSB0399,2010-07-02,0,0,-9.833079335174602,0
ABM0845,2010-11-30,0,0,-1.740870124750586,0
FHO0630,2010-06-28,0,0,-6.539896018865306,0
HCS0003,2011-01-12,0,0,-20.487729298605245,0
RFP0380,2010-05-21,0,0,0.33418021517354646,0
LQP0508,2010-05-04,0,0,-20.610613680184656,0
FIR0920,2011-02-24,0,0,-24.25692301501749,0
WPE0538,2010-05-20,0,0,-0.02195543732796068,0
CHM0821,2010-04-08,0,0,-2.0968323255412997,0
HTH0007,2010-12-16,0,0,-23.465620233827394,0
JHP0583,2010-08-01,0,0,-1.6847937931493107,0
KJS0618,2010-01-08,0,0,-6.755276176966049,0
DAL0673,2011-01-13,0,0,-9.017615773039552,0
LHB0606,2010-01-29,0,0,-6.808764969491563,0
CJM0138,2010-10-11,0,0,-0.029480686207648432,0
KLH0596,2010-05-04,0,1,-0.4596809819545342,0
JCW0858,2010-09-23,0,0,-5.6254550067808395,0
LCD0622,2010-12-20,0,0,-3.895340981934737,0
NAR0981,2010-09-30,0,0,-24.36540199049,0
EMS0317,2010-10-27,0,0,-5.069223481239874,0
SHW0578,2010-09-14,0,0,-2.7687114063107856,0
AGB0186,2011-04-19,0,0,-19.811767604280817,0
CSH0626,2011-02-05,0,0,0.6874016464439592,0
HAV0121,2010-09-10,0,0,-10.672586426780413,0
TEB0251,2010-11-19,0,0,-12.670055231704623,0
ETR0428,2011-04-26,0,0,-14.78642774373725,0
SOB0586,2010-09-22,0,0,-1.951465366480079,0
ILJ0526,2010-08-11,0,0,-20.630019454190005,0
RHC0335,2010-07-01,0,0,-20.16325966894351,0
AMH0464,2010-07-27,0,0,-2.2832896928276796,0
MLP0668,2010-12-07,0,0,-0.09315049073416048,0
ASD0577,2010-10-28,0,0,-0.4596809819545342,0
HSP0290,2010-05-11,0,0,-3.2683919445329366,0
ARA0252,2010-08-06,0,0,-18.319612288322105,0
JNA0559,2011-05-16,0,0,-7.571494254621484,0
CJC0494,2010-03-08,0,0,-6.521892783503631,0
AJP0723,2010-09-13,0,0,-0.9964347838972571,0
FKK0055,2010-08-02,0,0,-22.94779053210425,0
WNB0908,2011-04-12,0,0,-22.01558496769303,0
HSD0457,2010-02-04,0,0,-0.029480686207648432,0
ELT0769,2011-02-01,0,0,-21.857797544538244,0
EZT0640,2010-07-06,0,0,-20.316652735130447,0
MCJ0324,2010-05-05,0,0,-3.4097457623471428,0
CXC0336,2010-12-27,0,0,-19.62069140418987,0
CQH0701,2010-12-27,0,0,-0.9431118171253274,0
ESJ0670,2010-10-31,0,0,-20.68766629050458,0
NNS0059,2011-03-29,0,0,-22.744340909321068,0
RAH0440,2010-02-11,0,0,-18.39974996235412,0
AMH0464,2011-02-24,0,0,-0.029480686207648432,0
ASM0575,2010-10-08,0,0,-1.23947277238085,0
SKG0759,2010-06-29,0,0,-20.88987158352893,0
UIR0043,2010-03-23,0,0,-21.17980610795894,0
UIR0043,2010-07-12,0,0,-19.77159761862299,0
VSS0154,2010-06-21,0,1,-26.676657392115885,0
JKJ0698,2010-10-30,0,0,-0.37986362444314636,0
NHE0919,2010-09-01,0,0,-22.15690827525816,0
ARA0252,2010-03-30,0,0,-17.355841226675693,0
JNJ0556,2011-04-14,0,0,-22.75635015179364,0
QPM0727,2010-05-13,0,0,-3.630258453248757,0
AMV0036,2010-02-10,0,0,0.9559184092487385,0
KPR0497,2011-01-07,0,0,-5.610599669398084,0
CSP0197,2010-10-06,0,0,-0.5811544735078087,0
AIM0627,2011-01-03,0,0,-7.058601873722409,0
RUM0880,2011-02-01,0,0,-1.0359753948220032,0
MKG0711,2011-01-07,0,0,-0.7064905313396821,0
TSB0437,2010-09-29,0,0,-19.691082736655858,0
RDM0115,2010-04-13,0,0,-26.076472646974253,0
JCR0770,2011-01-31,0,0,-14.631135209324725,0
JOL0024,2010-04-08,0,0,-14.294438510653208,0
BTL0226,2010-07-26,0,1,-10.517890509331778,0
YJV0699,2010-01-26,0,0,-0.7064905313396821,0
LEM0605,2010-03-16,0,0,-5.237573815842552,0
LOM0086,2010-01-07,0,0,-12.614346635834067,0
UJC0737,2010-07-06,0,0,-6.372314689935138,0
MES0407,2010-12-17,0,0,-9.047269287804284,0
VCY0751,2010-12-14,0,0,-7.26371184210393,0
JCR0770,2010-07-21,0,0,-21.387727140010725,0
JBM0350,2010-08-05,0,0,-25.784702866064094,0
KNG0672,2010-11-09,0,0,-10.450154153965741,0
BCR0581,2010-01-20,0,0,-1.23947277238085,0
ONW0083,2010-08-27,0,0,-16.664501634817157,0
AKW0167,2011-01-04,0,0,-26.979841545725662,0
ARL0034,2010-10-04,0,0,3.5113448305985457,0
AWM0764,2010-11-04,0,0,-20.291306403365866,0
MAE0331,2011-02-28,0,0,-17.562555554974438,0
SAH0599,2010-02-19,0,0,-0.029480686207648432,0
KBG0549,2010-08-27,0,0,-22.11051913160145,0
LDB0090,2011-03-03,0,0,-26.95161830894483,0
DMK0257,2010-01-18,0,0,-13.216306129266854,0
BMM0112,2010-11-10,0,0,-19.88698136452581,0
MSH0040,2010-02-24,0,0,-20.233650758299973,0
MSG0839,2011-04-18,0,0,-1.7712979978922476,0
MSD0939,2010-10-21,0,0,-28.935793286260377,0
HIW0536,2010-02-15,0,0,12.699348817238729,1
ACC0042,2010-02-05,0,0,-20.73625935454777,0
WPE0538,2010-07-19,0,0,0.35742007684825694,0
CGA0629,2010-11-18,0,0,-5.183282708874572,0
RRC0553,2010-03-15,0,0,-10.668730802755135,0
JCR0921,2011-03-23,0,0,-10.80393927498153,0
MOH0273,2010-12-17,0,0,-18.07193872181506,0
MLL0598,2011-03-16,0,0,-5.922885591405816,0
BMG0917,2011-02-07,0,0,-9.724552967560953,0
RGG0064,2010-08-23,0,1,-3.965408517766832,0
MIC0726,2010-03-09,0,0,-5.434341896946194,0
AJR0319,2011-03-02,0,0,-5.247279824946645,0
WVB0539,2010-08-11,0,0,-27.152248101395344,0
CRK0916,2010-06-15,0,0,-9.610116519166127,0
JKB0126,2010-03-19,0,0,-20.912241802924314,0
JRF0835,2010-04-14,0,0,-1.3883418056542496,0
YJF0532,2010-12-13,0,0,-19.950522781039354,0
CGF0337,2011-05-06,0,0,-19.791250938605117,0
TNM0961,2010-08-17,0,1,-3.3385561244488144,0
MAD0496,2010-02-03,0,0,-5.454209053379827,0
CLF0852,2011-05-06,0,0,-5.709739190944333,0
NCK0421,2010-09-13,0,0,-25.6482360079483,0
SVL0940,2011-01-13,0,0,-7.627184506842241,0
DFH0188,2011-01-07,0,0,-14.125256385995613,0
HWM0342,2011-04-18,0,0,-21.46958600392577,0
KBS0874,2011-03-22,0,0,-4.328951016930432,0
CCL0068,2010-10-20,0,1,-19.8645675625138,0
FFC0891,2010-06-24,0,0,-20.0158984824983,0
PLH0715,2010-07-13,0,0,5.1538075130462175,0
GHL0460,2010-03-15,0,1,-0.7369174506420677,0
BIS0247,2010-11-29,0,0,-15.62360561419598,0
DTT0076,2010-11-30,0,0,-15.20699464760878,0
NKP0236,2010-02-15,0,0,-23.373535397926048,0
AMW0392,2010-09-30,0,0,-25.983930353100277,0
MBJ0312,2010-12-06,0,0,3.2222691213928556,0
MNR0829,2010-08-24,0,0,-0.9964347838972571,0
ELB0847,2010-01-05,0,0,-1.0498541092994174,0
SIJ0661,2011-05-10,0,0,13.270434799907889,1
CMS0454,2010-11-05,0,0,-0.7224114404158399,0
SAB0781,2011-03-28,0,0,-17.36211796378916,0
GNZ0953,2010-08-17,0,0,-2.0971852354233533,0
IMP0530,2011-03-02,0,0,-17.889037225594734,0
TIW0299,2010-04-01,0,0,-0.029480686207648432,0
BMG0917,2011-04-04,0,0,-5.709150247373032,0
HKR0628,2010-02-17,0,0,-6.0223554518721585,0
BNG0237,2011-03-11,0,0,-10.90535431494061,0
KSP0357,2010-03-30,0,0,-21.65628615847379,0
IYB0918,2010-06-07,0,0,-23.12690290571436,0
PGH0184,2010-06-21,0,0,-19.094870001882214,0
JKM0303,2010-10-11,0,0,-3.451653225405721,0
AJD0074,2010-06-08,0,0,-27.748058392223015,0
AOB0019,2011-02-17,0,0,-20.08763510208746,0
DVM0265,2011-01-25,0,0,-7.288791835186657,0
GTD0116,2010-02-23,0,0,-23.87470584849973,0
HGH0595,2011-04-08,0,0,-2.7687114063107856,0
RVF0201,2010-05-17,0,0,-24.244834428749073,0
MPM0220,2010-09-24,0,1,-17.191172373847735,0
FEB0306,2011-05-02,0,0,-2.772807510643702,0
DBB0384,2011-03-08,0,0,-21.24924623618824,0
ECL0930,2010-08-03,0,0,-28.13598978677635,0
BNR0965,2010-04-07,0,0,-3.9524935203847917,0
LPC0492,2010-12-03,0,0,-4.870233257450195,0
ELH0960,2011-05-06,0,0,-2.0903255814213253,0
LLV0602,2010-05-20,0,0,-2.6884103233516043,0
NRO0768,2011-01-25,0,0,-21.665051110528225,0
HKR0628,2010-02-16,0,0,-6.912921743671745,0
YJV0699,2010-04-06,0,0,-4.19171093742932,0
WNB0908,2010-05-25,0,0,-17.132069961615684,0
SVL0803,2011-01-21,0,0,-1.2688697876208153,0
BNR0965,2011-01-28,0,0,-2.374646396504204,0
CSP0197,2011-01-03,0,0,-0.3231990536716012,0
KVT0028,2010-07-06,0,0,-7.377941253904055,0
FXF0957,2011-04-05,0,0,-1.760974043643614,0
MLP0668,2010-10-29,0,0,2.172217730022112,0
GZB0469,2011-05-12,0,0,-0.7369174506420677,0
KJS0618,2010-08-25,0,0,-5.556134231697342,0
JSA0775,2010-11-23,0,0,-19.830551687494108,0
BRB0355,2011-04-29,0,0,-15.910973485742147,0
AMH0464,2010-06-15,0,0,-0.029480686207648432,0
BBS0422,2010-08-17,0,0,-13.456243228140124,0
CCH0182,2010-01-11,0,0,-19.908896533625125,0
AHD0848,2010-03-29,0,0,-2.8360660935867372,0
AKW0167,2010-01-11,0,0,-25.900941471468627,0
FXF0957,2010-04-27,0,0,-2.0903255814213253,0
DBG0261,2010-08-05,0,0,-20.130836037711333,0
POB0343,2010-04-01,0,0,-19.600212087821774,0
JDF0593,2010-09-18,0,0,5.756185599766582,0
SDF0017,2010-02-01,0,0,-20.241480006309644,0
YCE0983,2010-11-19,0,0,-24.29168415051106,0
FHO0630,2010-10-07,0,0,-4.979045372113433,0
CTW0500,2010-12-01,0,0,-5.860445037817499,0
ESJ0670,2010-08-21,0,0,-20.834302437138263,0
TLH0648,2010-11-01,0,0,-20.388432529543365,0
NSC0597,2010-10-28,0,0,-4.023998701954838,0
CJF0802,2010-11-30,0,0,-0.9864726293351396,0
HBB0056,2010-08-20,0,0,-22.422761515212756,0
VTT0385,2010-08-10,0,0,-20.926994259690332,0
LMF0980,2010-12-30,0,0,-21.79319414328279,0
CMM0487,2011-01-04,0,0,-4.629374933716235,0
DIB0081,2010-01-07,0,0,-11.69419306180771,0
CCW0031,2010-04-20,0,0,-26.601760473203512,0
HDJ0446,2010-01-18,0,0,-3.2814880105289603,0
AAW0353,2010-03-24,0,0,-0.4314001129079088,0
ALC0788,2011-03-31,0,0,-1.4844491655745742,0
RDM0115,2010-07-28,0,0,-27.33430833072748,0
BJH0354,2010-08-17,0,0,-27.270143040908806,0
LNR0656,2010-10-08,0,0,-17.950998669880505,0
LOM0086,2010-05-11,0,0,-19.917568326520723,0
JER0404,2011-01-07,0,0,-7.236849492517649,0
HBB0056,2011-02-24,0,0,-21.348375734024444,0
IBB0359,2010-06-03,0,0,-15.454258259517815,0
KJP0371,2010-04-29,0,0,-22.61963474378672,0
JBM0350,2010-01-19,0,0,-26.391018450390902,0
ASM0575,2011-03-18,0,0,-0.4596809819545342,0
BAM0611,2010-07-27,0,0,-7.314557732000594,0
IYB0918,2011-03-16,0,0,-22.00778083600403,0
JHP0583,2011-04-21,0,0,-5.567561968427071,0
LUR0896,2010-08-09,0,0,-20.929526473101873,0
SGB0140,2010-06-30,0,0,-1.23947277238085,0
CPG0322,2010-09-27,0,0,-8.296555814429894,0
FKK0055,2011-01-23,0,0,-18.327273942761394,0
AIM0627,2010-06-08,0,0,-7.424340121587534,0
GKO0078,2011-04-05,0,0,-14.808861118862069,0
MLG0475,2010-01-13,0,0,-0.4596809819545342,0
AJN0607,2010-03-25,0,0,-5.472064067143833,0
JKJ0698,2010-02-11,0,0,-3.067758533759161,0
NCE0097,2010-11-15,0,0,-10.934084110672757,0
RAS0432,2010-03-15,0,0,-7.619453455240773,0
NNA0610,2010-12-07,0,0,-8.140412365332168,0
AIH0675,2011-02-15,0,0,-24.23422703412666,0
PMV0850,2010-07-30,0,0,-0.7790743544752559,0
KLH0596,2011-02-08,0,1,4.825409799293425,0
EGK0893,2010-12-27,0,0,-17.850898548206487,0
OLB0749,2010-02-01,0,0,-7.12801718115486,0
CSH0626,2010-03-19,0,0,-5.968232599861949,0
NAR0981,2010-07-22,0,0,-25.088154146107172,0
DJS0682,2010-06-03,0,0,-10.60961214858446,0
GRC0145,2010-08-10,0,0,-27.0251374708306,0
CNM0800,2010-08-31,0,0,-23.065240171306186,0
KPR0497,2010-04-28,0,0,-6.138662466251617,0
CMM0487,2010-08-03,0,0,-5.415458761967443,0
BSB0990,2010-05-05,0,0,-6.95647026752988,0
TOR0193,2010-08-13,0,0,-27.773616775147957,0
CIM0926,2010-02-10,0,0,-23.144883515150013,0
WTF0387,2010-02-01,0,0,-2.3726482360984846,0
RFP0380,2010-12-13,0,0,-0.8900187837592739,0
JOM0750,2010-06-02,0,0,-3.877768556316937,0
EHD0584,2010-10-22,0,1,-2.678655105996654,0
NAF0326,2010-06-04,0,0,0.7159025151354399,0
GOK0238,2010-08-02,0,0,-27.5185823626897,0
MSG0839,2010-11-15,0,0,-0.9964347838972571,0
ALD0529,2010-12-30,0,0,-20.82932479343367,0
DAL0673,2011-03-08,0,0,-11.465597144952426,0
HGG0240,2010-12-21,0,0,-26.424012965803286,0
PEV0323,2010-03-13,0,0,-0.055063473220911874,0
ILC0838,2010-10-18,0,0,-0.9964347838972571,0
GOK0238,2010-08-16,0,0,-26.89187428212813,0
AJF0370,2010-08-23,0,0,-17.63226921644764,0
TAC0300,2011-03-21,0,0,-1.554566390976447,0
SVL0940,2011-04-21,0,0,-6.068899245830494,0
RIH0777,2011-02-04,0,0,-18.660416223945504,0
GCG0951,2010-08-03,0,0,-1.5794869891409462,0
DCC0160,2011-04-13,0,0,-21.101791533012488,0
HAH0248,2010-06-29,0,0,-17.29488656255546,0
CEB0210,2011-05-13,0,0,2.619114938805069,0
XLB0710,2010-01-08,0,0,-0.9603885267399619,0
GCG0951,2011-05-11,0,0,-2.4107897561165146,0
RAS0432,2010-10-28,0,0,-13.200150974097141,0
KJM0887,2010-02-16,0,0,-22.405398223773545,0
EWH0191,2010-10-26,0,0,-27.642018643430106,0
AMR0400,2010-03-05,0,0,-2.594076204860471,0
IMP0530,2010-07-27,0,0,-20.78053111880115,0
MHG0244,2010-01-08,0,0,-18.141761702706845,0
LRR0148,2011-03-11,0,0,-25.000119674757798,0
BVC0790,2010-04-06,0,0,-17.42971944416388,0
DDM0579,2010-12-27,0,0,-0.029480686207648432,0
CMW0783,2011-04-05,0,0,-19.591256246888634,0
SBD0913,2010-07-08,0,0,-0.03972438312439408,0
SBH0537,2010-05-18,0,0,-27.31194005193936,0
OKC0107,2010-05-06,0,0,-11.334855601847039,0
GJD0298,2011-02-17,0,0,-0.029480686207648432,0
YJV0699,2010-06-11,0,0,-0.7064905313396821,0
ADF0397,2011-02-15,0,0,-5.424938915351731,0
WGR0833,2011-02-25,0,0,-0.7064905313396821,0
OKB0439,2010-02-15,0,0,-19.736314126645766,0
HKF0831,2010-03-11,0,0,-0.22543925009529175,0
RNP0211,2011-02-15,0,0,2.5239434605791757,0
OKC0107,2010-09-09,0,0,-11.756038954327892,0
JIG0128,2010-07-01,0,0,-16.25670313215221,0
DID0650,2011-04-21,0,0,-21.60860276657229,0
CJM0138,2011-01-06,0,0,-1.2018865578410214,0
ANP0555,2011-01-03,0,0,-1.7194171159213738,0
DLS0383,2010-01-28,0,0,-22.66586498847539,0
ORG0339,2010-08-20,0,0,-19.93582093494183,0
DLS0383,2011-03-11,0,0,-21.176623872482764,0
DOP0562,2010-12-29,0,0,-28.50679966686289,0
CAS0507,2010-03-04,0,0,-20.95419685099148,0
MOS0047,2010-01-19,0,1,-17.418228370179804,0
CAH0936,2010-08-31,0,1,-26.091918561258467,0
AJF0370,2010-08-18,0,0,-16.256483851884013,0
ECL0930,2010-07-06,0,0,-27.454868593281503,0
AJP0723,2011-01-03,0,0,-1.2591644484622293,0
LLV0602,2010-10-25,0,0,-7.176142170498338,0
NMB0972,2010-09-10,0,0,-2.1652036406785555,0
HDH0928,2010-07-14,0,0,2.342288139713105,0
LDM0587,2010-12-15,0,0,-0.029480686207648432,0
DFR0218,2010-01-08,0,0,-20.850445124040448,0
HSP0290,2010-09-27,0,0,-0.4596809819545342,0
TSM0927,2010-06-08,0,0,-21.251350259578203,0
MDH0686,2010-11-01,0,0,-2.7038005670395933,0
KKS0119,2010-04-08,0,0,-24.08760981031685,0
GQF0659,2011-01-24,0,0,-20.538159584777077,0
BAM0611,2010-06-30,0,0,-7.737542315674318,0
GKO0078,2011-04-21,0,0,-9.966947670632294,0
EMW0105,2010-11-11,0,0,-26.769789522296378,0
AJC0840,2010-09-21,0,0,-2.5132634105988245,0
MKG0711,2010-07-06,0,0,-0.3858800300046141,0
SED0886,2010-08-05,0,0,-21.445505117084053,0
IJR0825,2010-12-02,0,0,-3.067758533759161,0
MAW0166,2010-05-19,0,0,-24.874285238029984,0
CSC0217,2010-01-29,0,1,-22.044764905887064,0
ZKS0899,2010-02-02,0,0,-23.18118782538386,0
TQS0212,2010-04-12,0,0,2.493413627382438,0
BDV0168,2010-07-07,0,1,-5.402282911956604,0
AQD0820,2010-12-14,0,0,-7.6116454903326485,0
EIP0997,2011-01-04,0,0,-20.242769584449434,0
ECR0822,2010-01-08,0,0,-0.22543925009529175,0
MKG0711,2011-05-13,0,0,-0.9603885267399619,0
MBR0724,2010-10-07,0,0,-0.9603885267399619,0
TAC0300,2010-10-06,0,0,-0.029480686207648432,0
IJR0825,2010-11-19,0,0,-3.2814880105289603,0
KRL0501,2010-04-26,0,1,-3.8234187334461467,0
CIG0052,2011-04-18,0,0,-26.69951172573292,0
NBC0412,2010-06-22,0,0,-10.186247777649328,0
DLS0383,2010-01-06,0,0,-23.056091838684324,0
IKR0401,2010-06-02,0,1,-4.7810853585764335,0
CAN0842,2010-11-01,0,0,-0.7064905313396821,0
HTH0007,2010-12-30,0,0,-24.20771338291729,0
SJO0209,2010-07-30,0,0,-0.5506152258458314,0
RKD0604,2010-02-23,0,1,-2.369441056418168,0
ASG0048,2010-12-16,0,0,-26.293951472335152,0
RNP0211,2010-04-21,0,0,-0.08547927179267845,0
CTR0341,2010-06-09,0,0,-18.763078075099543,0
SMB0804,2010-05-06,0,0,-22.65258536369504,0
CBG0490,2010-05-06,0,0,-6.555116512598602,0
LJT0817,2010-01-14,0,0,-19.19511183117197,0
JSA0775,2010-01-19,0,0,-20.78053111880115,0
CCC0393,2010-02-01,0,0,-28.231802212258003,0
TJB0302,2011-05-16,0,0,-0.7224114404158399,0
ARL0034,2010-02-17,0,0,1.3125586585769042,0
JKF0465,2010-06-14,0,0,-2.2832896928276796,0
KRM0541,2010-03-22,0,0,-22.35201275226882,0
RNL0695,2010-08-26,0,0,-27.17702127383461,0
LTS0860,2011-01-11,0,0,-6.648828643373349,0
TLH0648,2010-06-07,0,0,-20.731225115902703,0
RYB0718,2010-09-28,0,0,-0.9964347838972571,0
JOL0024,2010-01-04,0,0,-27.66568978439591,0
DFH0188,2010-11-18,0,0,-17.592079521436972,0
VSS0154,2010-09-08,1,1,-27.67963672654821,0
BTW0005,2010-10-05,0,0,-23.5465113903565,0
MVH0373,2010-03-03,0,0,-21.287693873353987,0
ESJ0670,2010-10-21,0,0,-21.488096900211303,0
TLM0797,2011-01-21,0,0,-3.8156236625767406,0
DLF0377,2010-10-22,0,0,-0.9484055260612649,0
CMS0454,2011-04-05,0,0,6.760363067025423,1
OLW0689,2010-06-07,0,0,3.031461884199075,0
SGB0140,2011-01-13,0,0,-2.366743195005597,0
SIJ0661,2010-07-21,0,0,14.945668172114893,1
AJN0607,2010-04-05,0,0,-0.16763413354067325,0
KBC0054,2011-03-24,0,0,-22.47435827719778,0
WKD0013,2010-10-07,0,0,-20.41789524418948,0
SKG0759,2010-03-12,0,0,-20.412769216833453,0
LFS0071,2010-04-16,0,0,-2.328953966503036,0
IMG0320,2011-01-10,0,0,-4.460233586208915,0
CCR0863,2010-10-01,0,0,-3.6465648491711136,0
GOK0238,2010-10-26,0,0,-27.650738163791743,0
JAM0382,2011-01-21,0,0,-22.01335449699593,0
HFB0347,2010-06-09,0,0,-19.415702210026893,0
GQF0659,2010-03-18,0,0,-16.517432695103366,0
DGN0480,2010-05-07,0,0,-5.727636495066804,0
RKF0164,2010-01-15,0,0,-21.06014450323312,0
SAC0687,2010-01-04,0,0,-26.472094866975795,0
TSR0676,2010-06-09,0,0,-21.297812843216775,0
TVS0050,2011-01-10,0,0,-17.49611513763159,0
IBS0836,2010-08-20,0,0,-4.074062681384248,0
PTH0552,2010-11-10,0,0,1.880534859315162,0
RHP0484,2010-02-15,0,0,-7.6457935193466255,0
HCS0003,2010-10-19,0,0,-22.01895175091454,0
OKB0439,2011-01-19,0,0,-17.934718528757003,0
HMW0713,2010-04-22,0,0,-0.7369174506420677,0
HLH0512,2010-08-27,0,0,-21.335937955741997,0
MTB0620,2010-04-29,0,0,-3.604700538550901,0
SHW0578,2010-06-21,0,0,-2.242471115725948,0
BSH0445,2010-04-08,0,0,-5.996074886488941,0
AOB0019,2011-02-23,0,0,-20.760734949571088,0
CAS0507,2010-11-24,0,0,-21.059537182527492,0
JKJ0698,2011-03-24,0,0,-0.22543925009529175,0
BSH0445,2010-07-07,0,0,-12.684310207181511,0
DRR0162,2010-07-15,0,1,-26.992351400057828,0
GRC0145,2010-06-02,0,0,-27.410615097271375,0
LBF0214,2010-09-12,0,0,33.3783257224369,1
BJM0111,2010-02-02,0,0,-23.581133993107414,0
NCH0179,2010-02-17,0,0,-26.36732445988605,0
HSG0818,2010-05-10,0,0,-28.96586122154656,0
CBG0398,2010-07-01,0,0,-11.423312436808374,0
AJR0932,2010-06-11,0,1,-30.08872121808008,0
FQA0854,2010-12-10,0,0,-3.479800462232106,0
HCC0344,2010-09-10,0,0,-19.790885277055622,0
ONW0083,2011-03-02,0,0,-18.31050933292022,0
BAK0964,2010-02-02,0,0,-0.9964347838972571,0
PDH0716,2010-09-29,0,0,-3.80447285860339,0
ORM0669,2010-10-12,0,0,1.5084566039587344,0
FBW0747,2010-12-08,0,0,-3.3190966009997283,0
RVF0201,2010-10-07,0,0,-24.972224389263374,0
SOB0586,2010-06-03,0,0,-2.2832896928276796,0
QCH0110,2010-11-03,0,0,-20.160601202722432,0
RDM0150,2010-10-20,0,0,-0.47777420997317677,0
TYB0779,2010-04-20,0,0,-22.01558496769303,0
EHD0584,2010-07-21,0,1,-2.678655105996654,0
JJB0700,2011-02-03,0,0,-5.378408716689023,0
KSP0966,2010-04-16,0,0,-1.0831116803301484,0
XHW0498,2010-01-11,0,1,-4.314427144602519,0
KCS0173,2010-09-08,0,0,-3.155347551810678,0
XRS0633,2011-03-03,0,0,-20.453674397575696,0
SLP0762,2010-06-25,0,0,-19.591256246888634,0
BMG0917,2010-12-28,0,0,-7.939232059561618,0
FHO0630,2010-04-26,0,0,-6.697501603597175,0
HCL0651,2010-07-09,0,0,-21.159815272519154,0
BRM0995,2011-02-14,0,0,-6.62135968219593,0
OSH0655,2011-04-21,0,0,-20.736071902906247,0
UCS0227,2010-05-24,0,0,1.9419722294412622,0
RHO0732,2010-03-09,0,0,-3.050015391859347,0
PDW0259,2011-03-25,0,0,-19.372066243055883,0
IKP0472,2011-01-06,0,0,-2.678655105996654,0
RZC0746,2011-03-07,0,0,-5.591156914683097,0
HPM0986,2010-04-21,0,0,-17.222828927849037,0
JCR0921,2011-02-04,0,0,-8.620161566060233,0
KJJ0293,2010-10-05,0,0,-3.0183305029872827,0
TVS0050,2010-09-02,0,0,-19.565003146132653,0
MKP0861,2010-06-09,0,0,-3.944030675019235,0
MIC0726,2010-03-02,0,0,-8.131532637407872,0
LDM0587,2010-10-01,0,0,-0.4596809819545342,0
CCH0182,2011-04-12,0,0,-21.24190111273583,0
WBC0315,2010-09-24,0,0,-3.4242626764862507,0
KCF0045,2011-01-06,0,0,-20.91019368273703,0
CBB0365,2010-08-05,0,0,-22.275940597442627,0
AMR0318,2010-06-11,0,0,-5.31071285848509,0
KBS0874,2010-02-03,0,0,-3.8840182182003673,0
PIS0522,2010-08-25,0,0,-20.74826392332193,0
AAN0823,2010-06-02,0,0,-0.7064905313396821,0
TPH0474,2011-01-21,0,0,-0.029480686207648432,0
BJP0134,2010-11-02,0,0,-6.561073290334093,0
RBB0485,2010-11-23,0,0,-6.648256215227548,0
DKB0631,2010-05-18,0,0,-21.015487214711243,0
ARB0881,2011-04-11,0,0,-22.360773409824674,0
CFG0959,2010-06-11,0,0,-2.0903255814213253,0
SSS0345,2010-06-28,0,0,-18.059093573888845,0
RJM0381,2010-02-02,0,0,-22.748161472421316,0
RKF0164,2010-09-29,0,0,-16.50406472282384,0
ONW0083,2010-12-02,0,0,-20.561651858823097,0
BTR0403,2010-09-21,0,0,-20.717821316476375,0
FAW0032,2011-02-02,0,1,-26.50797195439884,0
HKB0418,2010-06-16,0,0,-1.9238795993138638,0
BAH0875,2010-04-23,0,0,-4.944098163003218,0
AKH0758,2010-01-05,0,0,-20.88987158352893,0
ALD0544,2010-03-31,0,0,2.415222136423722,0
YJV0699,2010-08-19,0,0,-3.9971648671184994,0
IAR0694,2010-08-02,0,0,-25.923093497876494,0
CJV0286,2010-05-26,0,0,-18.986528697332915,0
JPA0667,2010-02-04,0,0,-23.50423315974558,0
NAF0326,2010-02-18,0,0,-3.258676612708996,0
NOB0181,2010-12-18,0,0,-15.91095084057838,0
HAV0121,2010-06-18,0,0,-13.057578662186529,0
MHG0733,2010-12-07,0,0,-3.1854684441000245,0
RNL0695,2011-01-21,0,0,-26.460730700153135,0
BTR0403,2010-11-03,0,0,-26.90926618416438,0
HSG0818,2011-02-17,0,0,-28.58234367212333,0
ADC0391,2011-03-18,0,0,-0.22365677364427938,0
QRM0739,2010-11-05,0,0,6.437306524044288,0
HDD0789,2010-06-15,0,0,-26.724422817052528,0
KNW0644,2010-10-06,0,0,-19.360737182322055,0
CWR0502,2010-06-10,0,0,-4.430233911002347,0
ASD0577,2010-05-04,0,0,-1.2191903865591485,0
KJA0152,2011-03-30,0,0,-27.193432382763717,0
CQH0701,2010-09-10,0,0,-1.740870124750586,0
QNP0216,2010-02-15,0,0,-20.209815041217894,0
ARL0034,2010-06-02,0,0,3.5498379560067406,0
SER0165,2011-05-09,0,0,-27.60593199766106,0
ADC0391,2010-06-25,0,0,-7.814801816855152,0
CGA0629,2011-01-07,0,0,-5.884605543725115,0
HAH0760,2010-07-01,0,0,-18.019104284964897,0
KQS0415,2010-03-08,0,0,-7.579326326370392,0
ANT0430,2010-07-09,0,0,-7.929950199265932,0
AHD0848,2011-01-13,0,0,-2.2200964706239574,0
AJF0370,2010-03-24,0,0,-18.463305397643694,0
FPC0954,2010-06-01,0,0,-3.067758533759161,0
IIL0513,2011-03-16,0,0,-17.50488987797553,0
AAF0535,2010-06-10,0,1,-21.04072017267606,0
TJD0996,2010-09-08,0,0,-19.27020066916407,0
CNB0900,2011-03-25,0,0,-20.78053111880115,0
KJW0416,2010-07-20,0,0,-2.1863320699837914,0
SJC0333,2010-05-27,0,0,-15.78651747228696,0
AHC0142,2010-01-02,0,0,-26.59532535244739,0
GNS0178,2010-01-11,0,0,-20.39317732743916,0
CPG0322,2011-02-22,0,0,-3.5180280254322724,0
DHM0937,2010-09-02,0,0,-26.59202496167211,0
LJT0817,2010-02-10,0,0,-20.119010784627676,0
UAD0771,2010-02-18,0,0,-20.936502387744895,0
GHH0288,2010-02-04,0,0,-1.8091258051912291,0
BKW0374,2011-01-21,0,0,-21.63198276615708,0
ONL0276,2010-03-30,0,0,-25.248741747356917,0
CQW0652,2010-05-25,0,1,-19.252411704305928,0
MOH0273,2010-05-18,0,0,-18.530565790531682,0
CFW0264,2010-02-10,0,0,-7.347824359950437,0
CBG0490,2010-03-05,0,0,-6.2148093235852,0
VCC0396,2010-03-24,0,0,-6.466705848494485,0
AKH0758,2010-08-04,0,0,-22.017591307112866,0
TLM0797,2011-03-07,0,0,-3.4966783731907753,0
AIM0627,2010-06-16,0,0,-5.478139546311695,0
AMR0318,2010-04-07,0,0,-1.8149386096567923,0
JML0909,2010-11-12,0,0,-21.741885558658282,0
LCD0622,2010-11-15,0,0,-4.905653174596864,0
IBM0671,2010-07-20,0,0,-7.333093833237967,0
LLV0602,2010-02-09,0,0,-6.3996869266896965,0
NRO0768,2011-01-27,0,0,-22.22950757293927,0
NMS0280,2011-01-04,0,0,-21.062539400170294,0
JXH0493,2010-09-14,0,0,-6.476637297015259,0
HAM0985,2010-12-14,0,0,-24.840302586846974,0
APG0307,2011-02-17,0,0,-3.8576534230523976,0
WTF0387,2010-07-02,0,0,2.095309808777529,0
AOK0844,2010-12-27,0,0,-2.1946133035606863,0
LTS0860,2010-04-12,0,0,-4.350779046109892,0
HVF0067,2011-04-06,0,0,-5.921832242713776,0
AVM0947,2010-08-06,0,0,-7.076650808932982,0
RSC0089,2010-03-30,0,0,-14.157484579752236,0
CIG0052,2011-02-18,0,0,-27.880908672647138,0
KJP0371,2010-02-11,0,0,-20.846802511896612,0
ECF0828,2010-10-21,0,0,-1.3883418056542496,0
CJV0286,2010-05-10,0,0,-19.35631405932122,0
SSG0250,2010-01-18,0,0,-19.010530539274328,0
JZD0888,2010-02-16,0,0,-22.017591307112866,0
RHO0732,2010-01-18,0,0,-5.979453465103461,0
EMS0317,2010-08-17,0,0,-6.592502664687572,0
GBM0603,2010-02-09,0,0,-7.501900930686588,0
DRR0242,2010-06-08,0,0,-28.6904531059605,0
HPM0986,2010-01-06,0,0,-20.03182328514663,0
MTB0620,2010-11-08,0,0,-2.2862889839092304,0
BCR0581,2011-02-21,0,0,-1.3361854307088379,0
BSS0369,2010-09-21,0,1,-16.44458133414821,0
WBC0315,2010-10-04,0,0,-5.771557131690997,0
TTD1000,2010-01-18,0,0,-17.309626523849943,0
JCR0921,2011-04-12,0,0,-10.01118453142817,0
MJB0588,2010-04-06,0,0,-3.451653225405721,0
JNJ0556,2010-03-25,0,0,-23.11606447476106,0
ATF0274,2010-10-28,0,0,-23.039145908366322,0
EGK0893,2011-03-31,0,0,-21.14364623941958,0
KWE0082,2010-10-11,0,0,-12.061835594641252,0
JCR0172,2010-09-28,0,0,-4.034356388707124,0
AWM0764,2010-04-09,0,0,-20.291306403365866,0
EIS0041,2011-03-22,0,0,-17.033185601611763,0
SGM0021,2010-10-12,0,0,-24.614650913092987,0
HOB0994,2010-01-13,0,0,-12.114087949976579,0
KDS0349,2010-11-01,0,0,15.922491908897882,1
ACC0042,2010-01-27,0,0,-21.207578885698467,0
ASM0575,2011-03-07,0,0,-0.692388082700063,0
ACV0812,2011-02-23,0,0,-29.112383736834886,0
JKF0465,2010-07-04,0,0,-0.7669916219077777,0
HKR0628,2011-03-23,0,0,-6.548200705297631,0
MNS0224,2010-03-29,0,0,-21.72366764809101,0
LPC0492,2011-03-08,0,0,-5.1621915517386014,0
ZCF0590,2010-07-19,0,0,-0.4596809819545342,0
CJG0470,2010-05-04,0,0,-1.4904878636043577,0
NMS0280,2011-04-19,0,0,-18.373671702563456,0
MAH0149,2011-03-15,0,0,-24.71625211978983,0
JDB0169,2011-04-01,0,0,-0.07582453828422331,0
TPH0474,2010-08-11,0,0,-1.419977410782053,0
FXF0957,2010-09-08,0,0,-0.9964347838972571,0
DAL0673,2010-05-10,0,0,-8.901129090883273,0
KQS0415,2010-10-22,0,0,-6.412755127105356,0
AAM0658,2010-09-17,0,1,-20.62131458049589,0
DHM0937,2011-02-14,0,0,-26.251518726041468,0
ESH0135,2010-08-03,0,0,-2.2832896928276796,0
AMW0392,2011-03-02,0,0,-27.86920652801598,0
GCC0744,2010-06-30,0,0,-6.005814488168198,0
EDA0684,2010-01-05,0,0,-28.61008142670778,0
HDH0928,2010-09-09,0,0,0.32635460669598615,0
SMB0804,2010-07-20,0,0,-21.90334789919723,0
MHG0244,2010-08-12,0,0,-19.14907022224986,0
DFR0218,2010-02-02,0,0,-22.350199272098394,0
DGN0480,2011-01-10,0,0,-3.6678145938019497,0
AMH0794,2011-01-12,0,0,-11.204361478892906,0
KKS0119,2010-10-15,0,0,-25.405885161749325,0
LOM0086,2010-02-24,0,0,-14.679158018162752,0
JRG0207,2010-04-15,0,1,4.076057342599711,0
KSH0569,2010-08-31,0,0,-10.312511589318774,0
RGH0728,2010-12-07,0,0,-5.839481158320837,0
NMC0486,2010-07-19,0,0,-5.799881369891409,0
RHY0079,2010-10-11,0,0,-13.535038826543769,0
LQP0508,2010-03-22,0,0,-21.741885558658282,0
IRM0931,2010-06-27,0,0,-22.40460872157064,0
CXC0336,2010-03-25,0,0,-19.600212087821774,0
MJM0510,2010-02-10,0,0,-21.42631668050285,0
HRW0550,2011-03-01,0,0,-20.285827808532304,0
ZJS0269,2010-11-19,0,0,-21.405288524618072,0
SJW0451,2011-04-12,0,0,-3.2683919445329366,0
SAA0999,2011-01-11,0,0,-16.394335907493883,0
OHC0973,2011-04-15,0,0,-1.49582182495692,0
SDB0106,2011-04-21,0,0,-17.492040444859754,0
MLG0475,2010-06-10,0,0,-0.22543925009529175,0
HGN0287,2010-06-14,0,0,-10.359466708730452,0
KJM0887,2010-07-23,0,0,-19.88698136452581,0
NBH0256,2010-09-21,0,0,-18.69233485241284,0
MNR0829,2011-02-14,0,0,-3.6048911045346586,0
NBC0412,2010-09-24,0,0,-6.0745084208246,0
NKH0807,2011-02-24,0,0,-28.028325063755233,0
PLH0862,2010-08-30,0,0,-3.1728750757589523,0
DLM0051,2010-06-17,0,0,-13.964211480476479,0
CAH0936,2010-05-19,0,1,-24.78736259365928,0
JCR0921,2010-07-16,0,0,-8.852389641998911,0
LHN0151,2010-11-10,0,0,-2.511345882812975,0
CTA0020,2010-11-04,0,0,-21.35304292602143,0
ELT0769,2010-07-28,0,0,-20.412769216833453,0
DIB0081,2010-04-22,0,0,-14.236003446260952,0
RLG0856,2010-06-03,0,0,-7.302753056497181,0
BBG0325,2011-04-08,0,0,-4.113320603459101,0
NAH0503,2010-06-09,0,0,-6.111959906276979,0
GJD0298,2010-01-13,0,0,-0.029480686207648432,0
IMG0320,2010-06-14,0,0,-5.09557356879975,0
DDA0476,2011-03-24,0,0,-5.157920957294664,0
FSB0399,2010-08-03,0,0,-3.138060864340332,0
BNG0237,2010-03-18,0,0,-3.237541077782339,0
KAC0124,2011-03-18,0,0,-18.443318306705578,0
RGG0064,2010-02-22,0,1,-4.907286791904994,0
QPM0727,2010-05-07,0,0,-6.206007308526296,0
NMF0780,2010-12-21,0,0,-19.673200813695757,0
FUM0015,2010-07-06,0,0,-18.317756845931285,0
BVC0790,2011-02-05,0,0,-16.736276072326064,0
JMC0925,2010-12-13,0,0,-7.595646450197137,0
SOB0586,2010-10-19,0,0,-1.2018865578410214,0
FAW0032,2010-11-04,1,1,-24.948955899421435,0
KDS0349,2011-02-28,0,0,14.619865549209862,1
WAS0254,2011-03-18,0,0,-19.014676626482355,0
GQF0659,2011-05-16,0,0,-17.387703630001397,0
BTS0011,2011-03-08,0,0,-16.7372367227847,0
DKB0631,2010-11-11,0,0,-18.966040526622578,0
DFR0218,2011-02-02,0,0,-20.60897321203481,0
EWH0191,2010-12-20,0,0,-25.41276318148357,0
JDC0030,2010-10-04,0,0,-27.187369611297754,0
TJD0996,2011-04-18,0,0,-20.7243594613916,0
DLS0383,2011-04-12,0,0,-23.28396457530164,0
CCM0467,2010-05-07,0,0,-0.029480686207648432,0
GNZ0953,2010-04-26,0,0,-0.7064905313396821,0
ACV0812,2010-07-07,0,0,-29.958587214763952,0
HWH0646,2010-05-20,0,0,-18.7876564750876,0
FOB0756,2010-07-05,0,0,-18.50229498862393,0
IJW0851,2010-05-05,0,0,-6.527063876840543,0
ADD0846,2011-04-08,0,0,-0.22543925009529175,0
CWR0502,2010-08-03,0,0,-8.219020207072163,0
TPH0474,2010-05-17,0,0,-3.067758533759161,0
HSD0457,2010-11-12,0,0,-0.029480686207648432,0
ESA0642,2010-06-21,0,0,-17.4806590668303,0
CLH0703,2010-02-04,0,0,-0.3858800300046141,0
HRD0635,2010-04-19,0,0,-22.559201255310654,0
GTD0116,2010-06-25,0,0,-24.351823589127434,0
DVW0103,2010-01-05,0,0,-4.266900841912957,0
KRL0062,2010-04-13,0,0,-27.473650484563677,0
VSS0154,2010-02-17,0,1,-28.79836563008405,0
DJB0159,2011-05-11,0,0,-17.112075969003968,0
DLS0383,2010-08-23,0,0,-21.925554590204456,0
SDF0017,2010-09-07,0,0,-20.442511933475316,0
RLB0719,2010-09-27,0,0,-0.22543925009529175,0
MPM0220,2010-06-18,0,1,-17.577014340233177,0
RAH0440,2011-04-14,0,0,-19.951613228154542,0
AGB0186,2010-09-13,0,0,-17.779900862517366,0
IRT0491,2011-04-08,0,0,-5.280838555028367,0
GZB0469,2010-09-03,0,0,-0.22543925009529175,0
DCC0160,2011-01-25,0,0,-21.461476581688885,0
MNR0829,2010-06-22,0,0,-1.3883418056542496,0
MTB0620,2010-12-21,0,0,-2.503663371911898,0
MOH0273,2010-02-16,0,0,-16.698755727671823,0
BLS0678,2010-07-20,0,1,-3.42198434977297,0
ZKS0899,2010-07-28,0,0,-23.280244921687427,0
CEB0210,2010-07-15,0,0,2.747443888509224,0
CTA0020,2010-12-30,0,0,-20.282041841609043,0
ARD0509,2010-09-15,0,0,-20.9611091754158,0
AMH0794,2011-04-28,0,0,-9.713239582160668,0
MPM0220,2010-09-08,0,1,-16.554679881848074,0
AAF0791,2010-08-12,0,0,-9.38581966319282,0
BAL0044,2011-04-15,0,0,-20.147299731680846,0
BTW0005,2010-12-15,0,0,-23.633344038499217,0
SAC0687,2010-12-08,0,0,-26.42952544139655,0
LJB0826,2010-10-28,0,0,-0.9964347838972571,0
KTG0091,2010-11-10,0,0,-5.455060946314575,0
DTT0076,2010-06-10,0,0,-12.444122039092576,0
HCW0419,2010-06-21,0,0,-21.637820452424876,0
GDF0704,2011-04-07,0,0,-1.9109707501006596,0
HWW0436,2011-02-16,0,0,-8.871961050752589,0
AOK0844,2010-11-19,0,0,-4.071918750718282,0
TVS0050,2010-06-10,0,0,-20.06911937754012,0
DGN0480,2010-02-02,0,0,-5.859982418400364,0
HCV0478,2010-04-21,0,0,-7.137043732923075,0
SBN0495,2010-05-07,0,0,-6.920646889084992,0
WBC0315,2011-03-09,0,0,-4.0810180497767305,0
HLM0933,2011-01-04,0,0,-4.99552114083906,0
ELH0960,2010-06-08,0,0,-0.7369174506420677,0
CMB0912,2010-12-19,0,0,-24.865502607016992,0
BER0314,2011-03-03,0,0,-5.077849447626704,0
RCP0785,2010-01-11,0,0,-21.387727140010725,0
BRM0995,2011-05-03,0,0,-9.556672657374634,0
KNB0022,2011-04-28,0,0,-19.213387471015835,0
LMF0980,2010-11-16,0,0,-21.354903795301652,0
TSB0437,2010-05-07,0,0,-21.21294958209728,0
DSB0731,2010-10-29,0,0,-3.0827251777567426,0
DPM0423,2010-04-28,0,0,-21.61541411220321,0
JTS0389,2011-05-10,0,0,-22.42856811115007,0
CBB0365,2010-02-18,0,0,-22.55500074498252,0
TDG0962,2010-08-19,0,0,-2.3974178040053857,0
DZC0228,2010-07-19,0,0,-11.509771800299973,0
AIH0675,2010-01-08,0,0,-23.27844327228422,0
HCL0113,2011-05-04,0,0,-9.961623062596459,0
ZCF0590,2010-08-11,0,0,-0.029480686207648432,0
OMS0101,2011-02-16,0,0,-26.218344665955215,0
JMD0520,2010-02-15,0,0,-18.538817899041305,0
RAS0432,2011-02-18,0,0,-13.534927531248513,0
NCE0097,2010-08-23,0,0,-5.563566392569669,0
IKP0472,2010-04-11,0,0,-2.679933763056397,0
TOR0193,2010-11-04,0,0,-27.59200358549242,0
SMY0792,2010-11-24,0,0,-1.6157642044697695,0
PIS0522,2010-09-22,0,0,-21.308679646671635,0
AIP0394,2010-12-15,0,0,-12.480842147839894,0
RSC0089,2010-11-26,0,0,-15.673010961010391,0
CPG0322,2011-04-04,0,0,-4.43714226401994,0
CNE0352,2010-09-10,0,0,-15.64253472779501,0
LAF0991,2010-10-21,0,0,-10.265431904995012,0
CKH0144,2010-01-12,0,0,-28.143170550808463,0
RLG0856,2010-04-12,0,0,-4.9608865714101285,0
CEB0210,2010-09-08,0,0,2.9737502068986714,0
CMW0783,2011-01-27,0,0,-21.857797544538244,0
GCR0554,2010-11-22,0,0,-5.1773757686294175,0
RMW0542,2010-01-18,0,1,2.956196810364645,0
MDH0686,2010-12-23,0,0,-3.1039349536673626,0
MAH0149,2010-06-18,0,0,-25.78190281964237,0
RFP0380,2011-05-13,0,0,0.4979243182680193,0
CAM0102,2011-02-16,0,0,-24.022264640465096,0
CAC0889,2010-02-24,0,0,-20.88987158352893,0
ZSB0649,2010-01-21,0,0,-20.24162330236345,0
JAD0609,2010-09-07,0,0,-5.243989518988542,0
SXM0895,2011-02-10,0,0,-22.017591307112866,0
ESH0135,2011-02-14,0,0,6.760363067025423,1
CMW0783,2010-09-20,0,0,-21.68780976071355,0
LAP0338,2010-01-30,0,0,-16.272528211490226,0
PNH0761,2010-08-27,0,0,-21.536153252842382,0
TNM0961,2010-04-28,0,1,-3.900271089748344,0
JOM0750,2010-12-16,0,0,-6.092639010347966,0
BBS0039,2010-05-17,0,1,-20.791196662709353,0
CNM0800,2010-01-08,0,0,-17.887594548891798,0
HAM0985,2010-12-17,0,0,-23.304545602433677,0
MSS0001,2010-09-29,0,0,-14.718105680884378,0
SMY0792,2010-10-01,0,0,-2.610120036815715,0
WSR0241,2010-04-19,0,0,-27.88074109047477,0
DJB0159,2010-05-19,0,0,-18.151730556695497,0
JMK0099,2010-05-07,0,0,-8.98309656029005,0
RNP0211,2011-05-09,0,0,7.93997861519631,1
CCW0524,2010-10-11,0,0,-19.37143917311994,0
AMV0036,2010-09-10,0,0,4.71865818595154,0
NLO0131,2010-01-29,0,0,-0.029480686207648432,0
MGS0974,2010-04-15,0,0,-19.78655670409364,0
FKK0055,2010-04-07,0,0,-20.347783094860915,0
LLV0602,2011-02-16,0,0,-7.294730413359275,0
LDM0587,2010-12-28,0,0,-0.4596809819545342,0
GCG0951,2010-05-19,0,0,-2.2599760237443434,0
JCR0770,2010-09-01,0,0,-18.892361859914217,0
NGO0690,2010-01-07,0,0,-5.106559642770435,0
BRM0995,2010-02-17,0,0,-5.806941644425592,0
JKB0126,2010-07-13,0,0,-20.47205913777543,0
ARA0252,2010-08-26,0,0,-18.907968428179743,0
SAA0999,2010-07-29,0,0,-16.68670586634107,0
VIA0063,2010-04-14,0,0,-26.875721050082007,0
UBF0645,2010-08-17,0,0,-21.03728763251513,0
BXJ0010,2010-11-01,0,0,-20.61834703651209,0
ETR0428,2010-03-17,0,0,-10.399323953012072,0
SXM0895,2010-02-25,0,0,-21.741885558658282,0
OCS0865,2010-11-16,0,0,-3.3246229593104317,0
FXF0957,2010-08-12,0,0,2.938647371802176,0
AGB0643,2011-02-21,0,0,-21.322352132011588,0
MFV0897,2010-12-15,0,0,-21.335937955741997,0
SOB0586,2010-04-14,0,0,-0.4596809819545342,0
XHW0498,2010-03-08,0,1,-5.609247897976388,0
LNR0656,2011-02-14,0,0,-17.88319154693511,0
ASB0796,2010-07-16,0,0,-2.8634879977628316,0
BTL0722,2011-03-31,0,0,-0.22543925009529175,0
MMB0488,2010-01-13,0,0,-6.539784759220993,0
ORB0473,2010-03-10,0,0,-3.067758533759161,0
TBT0461,2011-01-07,0,0,-0.9964347838972571,0
NWT0098,2011-02-16,1,1,-20.483531073167455,0
NCK0295,2011-05-04,0,0,-0.4596809819545342,0
SAC0592,2011-05-12,0,0,-0.692388082700063,0
SMH0291,2010-06-25,0,0,-1.23947277238085,0
CLB0774,2010-08-11,0,0,-21.88749369705795,0
SBQ0786,2010-09-20,0,0,12.376715781121561,1
AJD0074,2010-07-08,0,0,-28.240884312046774,0
RAG0275,2011-02-22,0,0,-21.07013099423864,0
TBT0461,2010-04-30,0,0,-0.3858800300046141,0
EWH0191,2010-12-21,0,0,-28.988026881997484,0
ELH0960,2010-01-27,0,0,-1.4904878636043577,0
BWH0813,2010-03-11,0,0,-27.01563041598706,0
PGC0066,2011-04-13,0,0,-26.682559278062968,0
CMM0487,2011-01-13,0,0,-5.896669794211903,0
MFV0897,2010-06-18,0,0,-20.88987158352893,0
RBB0485,2011-02-11,0,0,-8.578504972199653,0
ORB0473,2010-04-30,0,0,-0.7064905313396821,0
BLB0114,2010-06-23,0,0,-17.40823502101034,0
TQS0212,2010-09-17,0,0,3.853952768148929,0
VCC0396,2010-07-23,0,0,-4.236041987140993,0
WLV0566,2010-12-14,0,0,-5.604575932194507,0
HPR0585,2010-01-15,0,0,-1.23947277238085,0
SSH0799,2010-02-03,0,0,-23.130104109593958,0
WTR0563,2010-05-05,0,0,-29.006241854646532,0
PLH0715,2010-10-25,0,0,-2.3067309677462617,0
NCE0097,2010-03-09,0,0,-6.370519763137054,0
GZC0735,2010-10-22,0,0,-4.999727639699131,0
CJP0952,2010-09-09,0,0,-1.8311822238694049,0
NCK0421,2010-12-29,0,0,-27.37233242065497,0
TPH0474,2010-07-07,0,0,-2.2832896928276796,0
CMS0454,2010-07-12,0,0,-3.2683919445329366,0
FWM0707,2010-05-17,0,0,-0.7369174506420677,0
NCE0097,2010-09-27,0,0,-1.5760709297675248,0
PTH0830,2010-04-09,0,0,-0.7369174506420677,0
NLO0131,2010-06-15,0,0,-0.029480686207648432,0
MJM0510,2011-04-13,0,0,-21.308679646671635,0
MOH0273,2010-07-14,0,0,-19.584944344017686,0
MCF0600,2010-06-28,0,1,-0.029480686207648432,0
WKD0013,2010-03-24,0,0,-19.40965449501448,0
PMC0328,2011-02-25,0,0,-13.331157021679815,0
BJW0619,2010-07-27,0,0,-7.174084892626752,0
EWH0191,2011-04-20,0,0,-25.927088042264245,0
HRB0351,2011-01-25,0,0,-16.654981445263616,0
CJM0521,2010-05-02,0,0,-20.16903610513782,0
CGB0637,2010-11-23,0,0,-14.941160828686407,0
JKM0303,2011-01-04,0,0,-1.2018865578410214,0
RSM0277,2010-10-13,0,0,-7.508503195445087,0
CJC0494,2010-01-21,0,0,-6.910152745501591,0
DOL0332,2010-10-11,0,0,-20.736071902906247,0
PGO0433,2011-04-04,0,0,-14.047024039668372,0
MLL0598,2010-09-22,0,0,-5.3597301841040235,0
JMW0638,2010-07-27,0,0,-20.09283367798332,0
HLM0933,2010-12-07,0,0,-5.672822313024881,0
BEH0615,2010-07-23,0,0,-8.440219384321722,0
GRC0145,2010-10-29,0,0,-28.239090446159366,0
ALD0529,2010-09-27,0,0,-22.017591307112866,0
NGF0157,2010-08-16,0,0,-12.574983535397905,0
KDT0346,2011-03-10,0,0,-19.95113855279658,0
KRL0501,2010-02-17,0,1,-3.5729378819813746,0
BAM0611,2010-03-25,0,0,-7.221261701549338,0
SED0886,2010-10-04,0,0,-20.113660751910288,0
HDJ0446,2010-07-19,0,0,-0.4596809819545342,0
CCM0855,2010-10-12,0,0,-5.219494146109469,0
CFG0959,2011-03-28,0,0,-1.3883418056542496,0
JSH0330,2010-09-14,0,0,-18.460194079106827,0
LDM0587,2011-03-10,0,0,-0.029480686207648432,0
ASV0946,2011-01-07,0,0,-0.9964347838972571,0
GOK0238,2010-04-16,0,0,-26.06682840708845,0
ARB0834,2010-04-05,0,0,-0.3858800300046141,0
DDM0579,2010-01-14,0,0,-0.029480686207648432,0
HKF0831,2010-08-06,0,0,3.537883334020421,0
SGS0268,2010-11-16,0,0,-7.986046526338555,0
LHB0967,2010-09-29,0,0,-3.1765319912456107,0
NIH0969,2010-02-05,0,0,-1.765124657373235,0
HIA0414,2010-02-23,0,0,-6.0909526586024185,0
CCC0393,2010-06-28,0,0,-27.209844973223994,0
YIC0195,2010-02-17,0,0,-0.8755022639277286,0
MKS0204,2010-12-14,0,0,-3.660048277547844,0
OBH0499,2010-02-23,0,0,-3.9418607857757024,0
KPP0452,2010-06-07,0,0,-0.7369174506420677,0
CYA0506,2010-04-30,0,0,-22.405398223773545,0
FIR0920,2011-03-18,0,0,-21.541879023183014,0
DCH0843,2011-01-14,0,1,-2.0903255814213253,0
ESA0642,2010-11-08,0,0,-17.27058302019782,0
LDG0459,2011-02-23,0,0,-4.476569257111919,0
SCP0130,2010-10-28,0,0,-2.220001633041875,0
SGS0268,2010-08-27,0,0,-8.696998835666136,0
QCH0110,2010-11-09,0,0,-20.412769216833453,0
BNG0237,2010-04-09,0,0,-3.533153965164729,0
BJH0354,2010-05-18,0,0,-26.65420278808608,0
JJB0127,2011-04-26,0,0,-15.21497613351994,0
CRP0456,2011-01-13,0,0,-1.404150611370028,0
PKB0281,2010-12-17,0,0,-18.757328402281587,0
TSM0363,2010-11-10,0,0,-21.582002137830614,0
JER0404,2010-08-19,0,0,-6.697343784656141,0
JMH0543,2010-11-12,0,0,-22.492679735195452,0
EIS0041,2011-05-11,0,0,-18.82154500336219,0
BTL0226,2010-07-21,0,1,-12.118406765535042,0
IRM0931,2011-03-27,0,0,-20.975965863976285,0
SCF0608,2011-05-03,0,0,-8.569079954553445,0
EMB0531,2010-05-28,0,0,-18.491795533759387,0
KJA0152,2011-03-01,0,0,-27.08820410386795,0
AQD0820,2011-03-02,0,0,-8.37241373469692,0
HSG0818,2010-07-14,0,0,-28.880585315842723,0
AKH0758,2010-02-25,0,0,-20.412769216833453,0
FKK0055,2010-08-16,0,0,-21.660726924786104,0
KAC0124,2011-02-10,0,0,-20.897588688186374,0
MSH0040,2010-08-16,0,0,-22.104564565438977,0
CNE0352,2011-02-01,0,0,-14.462115338453941,0
DVW0103,2010-03-25,0,0,-2.4545219080998777,0
MIC0726,2011-02-22,0,0,-7.282952543762008,0
NMG0766,2011-02-22,0,0,-20.888079761187782,0
ENL0100,2011-02-04,0,0,-20.20981568017112,0
HKB0418,2010-07-16,0,0,-6.713707571221903,0
KJP0371,2010-08-09,0,0,-23.434570719652243,0
CLF0852,2010-02-02,0,0,-4.1832370661852565,0
NRF0137,2010-05-17,0,0,-0.029480686207648432,0
MNR0829,2011-01-03,0,0,-1.589437420292029,0
LHB0967,2010-08-24,0,0,-2.782491437155045,0
BAK0964,2010-01-05,0,0,-1.0498541092994174,0
EMW0772,2010-08-13,0,0,-21.708390651625564,0
MAD0496,2010-02-14,0,0,-8.069818797174662,0
HBB0056,2010-06-28,0,0,-22.68591832895629,0
GHL0460,2010-09-02,0,1,-2.2832896928276796,0
NAF0033,2010-09-21,0,0,4.709429836894628,0
LIM0674,2010-11-18,0,0,-10.469165464913885,0
KNW0644,2011-05-13,0,0,-17.950998669880505,0
CEL0561,2011-05-11,0,0,-29.479321706425935,0
ESA0642,2011-03-01,0,0,-19.045060550025937,0
AIP0982,2010-07-12,0,0,-21.0463183129674,0
ILC0838,2011-04-28,0,0,-2.0027942276994963,0
BER0314,2011-04-27,0,0,-5.8311375888580415,0
PGC0066,2010-06-30,0,0,-26.207179530422536,0
KCS0173,2011-01-20,0,0,-4.855344325539136,0
ASB0796,2010-08-02,0,0,-1.794721601789547,0
RNF0765,2011-01-25,0,0,-22.405398223773545,0
JMC0925,2010-03-22,0,0,-7.764734716092448,0
AAW0353,2011-01-24,0,0,1.9846183360491523,0
ESJ0670,2010-11-01,0,0,-22.574643479376164,0
FEB0306,2010-11-24,0,0,-3.91300575320588,0
KDT0346,2010-09-14,0,0,-20.344203086661082,0
OBH0499,2010-01-28,0,0,-8.604092144522156,0
IDO0176,2010-08-06,0,0,-3.3302104664669514,0
DLF0377,2010-01-15,0,0,2.942512589028638,0
NMS0280,2010-02-04,0,0,-19.43248613812227,0
KJW0416,2010-02-03,0,0,-3.510456632907676,0
ZJS0269,2010-09-28,0,0,-22.744907035106735,0
ABC0174,2010-01-26,0,1,-4.5815591440147045,0
FTM0406,2010-09-21,0,1,-7.974083685422215,0
IJM0139,2011-05-06,0,0,-0.4596809819545342,0
OBH0499,2010-07-01,0,0,-0.5821717843430179,0
CAB0614,2011-04-13,0,0,-4.909231531814953,0
HRL0540,2010-06-11,0,0,-12.261046291875232,0
HVB0037,2010-11-26,0,0,1.0902360326816734,0
MMB0488,2010-06-07,0,0,-6.7173201991755604,0
PMJ0564,2010-10-22,0,0,-27.71096713548934,0
MSZ0310,2010-06-10,0,0,-4.686130291481504,0
DRR0162,2010-02-09,0,1,-24.040177246208714,0
GLR0975,2011-05-13,0,0,-20.208005350505914,0
CCC0393,2011-01-05,0,0,-27.48744286445185,0
SXM0895,2011-04-15,0,0,-17.889037225594734,0
CAB0388,2010-05-24,0,0,-22.645086803612912,0
DFH0188,2010-08-18,0,0,-20.0252802956212,0
KAC0124,2010-10-27,0,0,-19.526573580259765,0
TAC0300,2010-04-23,0,0,-0.029480686207648432,0
VLB0647,2010-12-10,0,0,-21.029561126627073,0
VLB0647,2010-12-22,0,0,-20.23207155793989,0
JMC0925,2010-04-15,0,0,-8.060454485388163,0
AJH0175,2010-03-02,0,0,-6.142239910781541,0
KNW0644,2010-07-23,0,0,-19.94129318422563,0
ELH0960,2010-05-12,0,0,-4.215387455438645,0
TJG0582,2010-05-18,0,0,-1.2191903865591485,0
KCB0815,2010-03-30,0,0,-11.918468999759625,0
ZMC0284,2010-01-12,0,0,-15.124525912194713,0
QJR0688,2011-02-07,0,0,-24.68432403157658,0
JJB0700,2011-05-04,0,0,-2.0027942276994963,0
MCF0327,2010-03-11,0,0,-3.959899848122518,0
JSA0775,2011-03-25,0,0,-20.88987158352893,0
BAK0964,2010-05-19,0,0,-1.4904878636043577,0
MLG0475,2011-04-12,0,0,-2.2832896928276796,0
SAK0375,2010-07-08,0,0,-22.31325209531326,0
RAR0725,2010-08-23,0,1,-5.786256859462583,0
BRM0995,2011-04-18,0,0,-11.156110647382775,0
BCR0581,2010-10-29,0,0,6.467536869065157,0
HPR0585,2011-02-07,0,0,6.760363067025423,1
KKC0683,2010-03-08,0,0,-11.425404547252356,0
RUM0880,2010-02-02,0,0,-2.8369145174987125,0
BRS0734,2010-04-06,0,0,4.252918097742054,0
JBD0616,2010-08-03,0,0,-3.234268747278634,0
EZH0736,2011-02-16,0,0,-6.346079056714075,0
DPM0423,2010-01-15,0,0,-17.183743972188267,0
CQH0701,2010-07-23,0,0,-3.427083472238337,0
HLH0512,2010-06-12,0,0,-20.593520105417383,0
GLR0975,2010-01-08,0,0,-19.797135319934796,0
BAJ0654,2010-12-03,0,0,-20.190181364703676,0
NCE0097,2011-03-15,0,0,-2.7664308285615107,0
NGC0058,2011-04-09,0,0,2.387790249346608,0
FTM0406,2010-04-09,0,1,1.0224497038316258,0
AMW0392,2011-04-11,0,0,-28.555774461190026,0
CQH0701,2010-10-04,0,0,-2.9771309032206545,0
EZH0736,2010-09-14,0,0,-4.358374784028115,0
ENC0234,2010-07-14,0,0,-12.280523830415518,0
SBH0537,2010-02-23,0,0,-26.494902037504744,0
DFH0188,2010-09-02,0,0,-15.01726327697736,0
AJD0074,2011-01-17,0,0,-22.3735826141708,0
MIB0904,2010-04-16,0,0,-21.654854343668717,0
HDD0789,2010-01-15,0,0,-24.1561639533071,0
WAS0254,2011-01-25,0,0,-19.274974994227478,0
YEV0793,2010-03-03,0,0,-21.79418789210547,0
CKB0427,2010-07-21,0,0,-11.09632429463943,0
TJB0302,2011-01-18,0,0,-0.029480686207648432,0
JGM0934,2010-01-26,0,0,-6.858309847809096,0
FRB0023,2010-05-21,0,0,-20.94930955929749,0
DTT0076,2011-01-11,0,0,-16.36354178484362,0
HOB0994,2010-02-17,0,0,-9.429909084079213,0
HAM0985,2010-10-29,0,0,-23.507219763894568,0
YDN0198,2011-02-28,0,0,-27.864706692635764,0
PKB0429,2011-01-19,0,0,-14.367458583489451,0
SAH0599,2010-05-24,0,0,-0.4596809819545342,0
THR0873,2011-04-28,0,0,4.049615230507015,0
GCL0016,2010-02-10,0,0,-25.81963063292278,0
NAB0903,2010-07-09,0,0,-20.910446568390967,0
XAA0104,2010-08-16,0,0,-23.174565258488315,0
OQH0183,2011-02-24,0,0,-19.625491027840667,0
NWT0098,2010-08-31,0,1,-23.199504836809524,0
AOS0987,2010-11-19,0,0,-5.4172384858686655,0
AKH0758,2011-05-10,0,0,-21.68843689264645,0
GCC0744,2010-09-23,0,0,-6.759479436683023,0
IEB0153,2010-10-12,0,0,1.6576356227369615,0
KKW0879,2010-05-06,0,0,-0.9202720667150288,0
EIS0041,2010-11-24,0,0,-17.1993928094696,0
NJC0705,2010-07-26,0,0,-0.3858800300046141,0
SGS0268,2010-10-01,0,0,-3.418119954196868,0
AMH0464,2011-01-17,0,0,-0.4596809819545342,0
JML0909,2010-07-01,0,0,-20.154943938043402,0
ELB0847,2011-04-08,0,0,-2.5114861009300284,0
SXM0895,2010-03-29,0,0,-20.61638892463168,0
CGB0637,2010-09-24,0,0,-19.39037833384873,0
AMW0392,2010-04-22,0,0,-26.758768132987143,0
NBH0256,2010-06-02,0,0,-21.43642965875847,0
HCC0344,2011-05-09,0,0,-19.48816434827006,0
AMR0400,2010-02-16,0,0,-5.886877652970043,0
IBS0836,2011-05-09,0,0,-3.4279948454636724,0
MHG0244,2010-04-05,0,0,-17.325645600664416,0
KNW0644,2010-04-23,0,0,-15.659032244552463,0
CJP0952,2010-03-22,0,0,-0.9964347838972571,0
RKF0164,2010-04-29,0,0,-19.953239150099648,0
LBH0942,2010-07-21,0,0,-1.710737402816335,0
SEJ0677,2010-08-18,0,0,0.9182541695624877,0
DAG0558,2011-02-14,0,0,-27.960594552609223,0
HLH0512,2010-01-07,0,0,-21.30001129515665,0
EMS0317,2011-04-18,0,0,-4.506679215679924,0
GCR0554,2010-08-20,0,0,-4.801816618766225,0
KCF0045,2010-06-01,0,0,-22.576801148088975,0
CJG0470,2010-07-01,0,0,-0.7369174506420677,0
HCC0344,2010-08-30,0,0,-20.257237963667762,0
DAG0558,2011-04-13,0,0,-28.55172196518174,0
LFS0071,2010-01-14,0,0,-10.476185018650767,0
JLM0364,2011-02-25,0,1,-22.17669618484524,0
YIC0195,2010-04-20,0,0,-1.3090451934699558,0
HVB0037,2010-01-07,0,0,0.8749554000488615,0
NCE0097,2011-05-12,0,0,-3.2131009387022686,0
MIL0255,2010-05-04,0,0,-16.637314163536644,0
JCC0225,2011-02-07,0,0,-20.828521367605845,0
JKB0126,2011-02-03,0,0,-17.717934949232472,0
KPC0073,2010-02-26,0,1,-26.169620338214145,0
QCH0110,2010-07-19,0,0,-22.405398223773545,0
TSG0906,2010-04-27,0,0,-22.017591307112866,0
BCB0679,2010-06-09,0,0,0.4424686573438521,0
FTM0406,2010-03-26,0,1,-10.062797905126445,0
ARL0034,2010-03-22,0,0,4.541324730799488,0
PGC0066,2011-03-01,0,0,-26.619858413164252,0
CAN0842,2010-01-08,0,0,-0.7064905313396821,0
FPC0954,2010-08-27,0,0,-0.7064905313396821,0
ZJE0857,2010-10-18,0,0,-4.199408874808341,0
MOP0763,2010-02-19,0,0,-19.830551687494108,0
CSL0949,2010-09-08,0,0,-0.9964347838972571,0
JKF0465,2011-04-30,0,0,-0.7669916219077777,0
RYB0718,2010-07-01,0,0,-1.2591644484622293,0
KRL0062,2010-07-28,0,0,-27.208256448691714,0
MHG0733,2010-05-27,0,0,-6.958824325061869,0
WXH0872,2010-05-18,0,0,3.2148918363898247,0
EWH0191,2010-01-19,0,0,-26.323435579790385,0
WPR0368,2011-03-03,0,0,-22.483827666062894,0
ONL0276,2010-08-17,0,0,-27.37660168629054,0
JRL0574,2010-09-22,0,0,-0.029480686207648432,0
HAH0248,2010-02-09,0,0,-18.353132599763512,0
JAV0361,2010-06-01,0,0,-22.61433977198851,0
DLF0377,2010-03-08,0,0,-3.2275621999503983,0
WTR0563,2011-02-03,0,0,-28.477492944060828,0
MHH0180,2010-11-01,0,0,-17.94742729698237,0
DIW0118,2010-12-06,0,0,-21.359895086497886,0
SKG0759,2010-06-03,0,0,-20.412769216833453,0
ABC0174,2010-08-20,0,1,-0.5760470188228055,0
CSP0197,2011-05-09,0,0,-0.9761038754297715,0
MHG0244,2011-01-07,0,0,-16.68346769595871,0
KQS0415,2010-10-15,0,0,-7.107600501252591,0
CAM0681,2011-02-09,0,0,-26.637476102235723,0
MYD0978,2010-05-19,0,1,-20.824951489625505,0
EMB0531,2010-12-10,0,0,-20.154943938043402,0
EDB0714,2010-08-20,0,1,-5.506762440031139,0
VEB0935,2010-01-11,0,0,-25.049739393720188,0
NSC0597,2011-02-22,0,0,6.760363067025423,1
ARD0509,2010-06-11,0,0,-14.587861830330553,0
IMG0320,2011-01-11,0,0,-5.566827776361947,0
MAE0331,2010-02-03,0,0,-18.48721488163278,0
CAB0388,2011-05-09,0,0,-22.48031006638314,0
HDS0367,2010-08-17,0,0,-17.12637795810747,0
SNC0187,2010-07-08,0,0,-21.46958600392577,0
ESJ0670,2010-11-27,0,0,-21.90208795359456,0
RAB0589,2010-05-25,0,1,-3.048863822600765,0
DLF0377,2010-10-19,0,0,1.8602691467239083,0
NMB0972,2010-04-21,0,0,-2.7105248847627763,0
KCF0045,2011-04-25,0,0,-20.627801174289857,0
IJM0139,2011-03-14,0,0,-0.4596809819545342,0
LFS0071,2010-03-29,0,0,-5.656279995692216,0
WIQ0567,2011-04-03,0,0,-23.624715611262445,0
HLH0512,2010-11-14,0,0,-19.298550517021,0
CMB0912,2010-01-14,0,0,-25.464344195402305,0
CFM0767,2010-06-24,0,0,-17.763500265458674,0
MSS0001,2011-02-22,0,0,-16.29295095911209,0
DRR0162,2010-07-16,0,1,-23.81283841773711,0
LDD0560,2010-01-12,0,0,-26.568510514202785,0
TUC0632,2010-07-02,0,0,-20.002724084948795,0
RKF0164,2010-05-18,0,0,-20.40862212214995,0
ADC0391,2010-11-17,0,0,-4.758764879353748,0
FWM0707,2011-01-12,0,0,-0.9603885267399619,0
NMC0486,2010-02-12,0,0,-6.861531517937806,0
BRM0995,2010-04-12,0,0,-5.4076075675606035,0
DLM0051,2011-05-06,0,0,-11.401264620358575,0
RTO0313,2010-06-30,0,0,-4.997324008615237,0
ATF0274,2011-03-21,0,0,-21.091008076699495,0
KPP0452,2011-04-15,0,0,-0.029480686207648432,0
JKB0126,2010-10-12,0,0,-19.805828036381058,0
DMG0358,2011-01-27,0,0,-21.188150449591603,0
SDF0017,2010-06-08,0,0,-20.35880385625694,0
AGB0643,2010-06-02,0,0,-17.88319154693511,0
NCH0179,2010-02-23,0,0,-28.359428397928923,0
CJK0200,2011-04-15,0,0,-1.1660459628217268,0
AMD0077,2010-04-20,0,0,-15.842406587818118,0
PID0426,2010-10-20,0,0,-11.371224646428004,0
BSS0369,2010-09-22,0,1,-21.726212181260053,0
HWW0436,2010-10-18,0,0,-12.774684543529816,0
TTD1000,2011-04-13,0,0,-20.20683887541145,0
AGB0186,2010-08-16,0,0,-21.533921190172464,0
RZC0746,2010-08-07,0,0,-2.491158842700429,0
SSG0250,2010-11-22,0,0,-16.23159725778123,0
MBG0438,2010-04-13,0,0,-13.261447554245365,0
BAJ0654,2011-02-22,0,0,-19.69328658777306,0
DFH0188,2011-04-12,0,0,-17.296369136096246,0
HIA0414,2010-03-12,0,0,-9.98815326868771,0
TIW0299,2010-09-29,0,0,-0.029480686207648432,0
SLP0762,2011-04-26,0,0,-22.017591307112866,0
BJH0354,2010-10-21,0,0,-26.188677906290877,0
IAT0263,2010-02-16,0,0,-4.649555258372061,0
WTR0563,2011-05-03,0,0,-28.185355262734788,0
BAL0044,2010-09-30,0,0,-15.776366835528734,0
CJM0521,2010-01-14,0,0,-19.88698136452581,0
MCD0125,2010-05-15,0,0,-18.768431775952763,0
BBG0325,2010-11-05,0,0,-1.8884375969511211,0
RLB0719,2010-12-08,0,0,-1.4904878636043577,0
HCM0267,2010-01-18,0,0,-2.1374840332862277,0
XHW0498,2010-07-15,0,1,-4.046246774035012,0
RAW0915,2010-04-29,0,0,-19.323752318833954,0
CWB0065,2010-08-10,0,0,-25.31674230712099,0
GOK0238,2010-09-01,0,0,-26.67763872932005,0
KLM0639,2011-04-08,0,0,-19.799735220584466,0
JKJ0698,2011-04-26,0,0,-3.9971648671184994,0
HLH0512,2010-09-05,0,0,-18.506948064367066,0
LJT0817,2011-04-25,0,0,-20.052008185860245,0
HWW0436,2011-02-22,0,0,-9.138067029654394,0
KVT0028,2010-08-25,0,0,-7.737850821549614,0
MCF0600,2010-02-04,0,1,-3.2683919445329366,0
DIW0118,2010-09-07,0,0,-24.667177517766618,0
XRS0633,2010-10-18,0,0,-20.262461855464267,0
BWP0202,2011-03-21,0,0,-3.3935593108310513,0
GRM0868,2010-05-14,0,0,-4.454723489512162,0
JKJ0698,2010-02-24,0,0,-0.9603885267399619,0
CJM0138,2010-01-05,0,0,-0.029480686207648432,0
ANT0430,2010-03-23,0,0,-12.815898229546292,0
QRM0739,2010-11-17,0,0,-2.411234599312934,0
LDG0459,2010-08-13,0,0,-1.23947277238085,0
MAR0955,2010-04-27,0,1,-0.7261734935627828,0
GCC0945,2010-01-08,0,0,-2.1652036406785555,0
BMT0528,2011-05-03,0,0,-22.88571355852207,0
PTH0552,2010-12-16,0,0,-2.0304401169610173,0
WJD0576,2010-09-09,0,0,-1.2018865578410214,0
MLP0668,2011-02-09,0,0,-3.552173873314814,0
FKK0055,2011-01-17,0,0,-23.12561181106321,0
PBP0002,2010-12-29,0,0,-26.948133704828592,0
JRL0574,2010-11-16,0,0,-0.4596809819545342,0
NSC0597,2010-12-16,0,0,-0.7224114404158399,0
DVM0265,2010-02-15,0,0,1.2951951111593871,0
HPM0986,2010-06-18,0,0,-20.54910297467768,0
HAC0282,2010-06-04,0,0,-17.6516723118923,0
NDM0417,2011-04-14,0,0,-24.562236045832265,0
JKJ0698,2010-03-22,0,0,-0.9964347838972571,0
KQS0415,2010-02-26,0,0,-9.876365492486116,0
SSH0799,2010-02-15,0,0,-18.88505407093362,0
DIW0118,2011-03-29,0,0,-19.712217060892613,0
MCS0035,2010-04-06,0,0,3.6860291972750474,0
WDV0573,2010-11-09,0,0,-2.8464598970383577,0
NBH0256,2010-01-21,0,0,-18.253460883744538,0
CLF0852,2010-02-10,0,0,-3.5702181798133097,0
KMW0545,2010-11-24,0,0,-10.329322137006102,0
FSC0601,2010-07-23,0,1,-7.0640849843682645,0
SDB0106,2010-02-11,0,0,-18.35868302034021,0
AMD0077,2010-01-20,0,0,-14.856163089248753,0
BBS0422,2011-01-31,0,0,-19.48153770150259,0
CMB0912,2010-12-08,0,0,-24.646315369746162,0
MNC0717,2010-12-28,0,0,-2.1118335682381257,0
LTS0860,2010-04-16,0,0,-4.7601260312144404,0
CQH0730,2011-03-21,0,0,-8.10400239795058,0
ZJS0269,2011-01-10,0,0,-22.58442905699644,0
JPA0667,2010-03-18,0,0,-21.150462665452324,0
EMB0531,2010-04-26,0,0,-20.89701276516689,0
VMJ0546,2010-06-07,0,0,-10.434578760474665,0
GCG0951,2011-05-05,0,0,-0.9964347838972571,0
CHG0146,2010-09-20,0,0,-25.614914083810163,0
JFC0557,2010-10-04,0,0,-0.8121005130531103,0
ANT0430,2010-10-18,0,0,-10.9583715177871,0
HWW0436,2010-12-27,0,0,-12.861406868242057,0
DLF0377,2010-04-19,0,0,-0.8717853033724623,0
KSP0357,2010-07-12,0,0,-21.46231789586841,0
SED0886,2010-08-09,0,0,-21.472325159310003,0
CTR0697,2010-09-13,0,0,-2.22460976006937,0
RJM0381,2010-07-12,0,0,-23.50423315974558,0
MCS0035,2011-02-07,0,0,2.0947418972825744,0
ONL0276,2010-12-30,0,0,-23.247269869227807,0
RDM0115,2010-10-20,0,0,-27.769230061011967,0
NDM0417,2010-01-19,0,0,-20.411868022239332,0
TEM0093,2010-05-27,0,0,-9.573306219891037,0
KVS0425,2010-01-11,0,0,2.0269393805307345,0
JPW0741,2010-09-08,0,0,-4.771172782072313,0
WDO0870,2010-01-14,0,0,-1.8788026016477488,0
HSP0290,2010-10-05,0,0,-4.023998701954838,0
GKO0078,2010-06-15,0,0,-8.675163167026653,0
KLH0596,2010-08-02,0,1,-0.4596809819545342,0
JCC0225,2011-03-23,0,0,-19.45518121812063,0
HCS0003,2011-04-07,0,0,-18.788608782228835,0
JAM0382,2011-01-06,0,0,-22.7647126215345,0
TPH0474,2010-06-15,0,0,-1.2191903865591485,0
KRV0372,2010-01-12,0,0,-21.47798175538901,0
AMR0400,2010-06-21,0,0,-0.6306766030223798,0
WDV0573,2010-07-06,0,0,-1.5922265419379755,0
BBG0325,2010-01-04,0,0,-1.5707275156192964,0
PNL0301,2010-03-22,0,1,-4.103643958301291,0
MJB0588,2010-06-15,0,0,-1.404150611370028,0
CYA0506,2010-03-26,0,0,-20.75158947995044,0
LQC0479,2010-08-31,0,1,-5.050734523531901,0
IAR0694,2011-03-29,0,0,-26.550552388829374,0
CSJ0340,2011-03-09,0,0,-18.688515262516717,0
HDD0806,2011-04-21,0,0,-10.711058135050735,0
WSR0241,2010-07-15,0,0,-28.456934226317912,0
ALD0529,2011-02-23,0,0,-19.900377560808693,0
BMC0547,2010-05-27,0,0,-11.61833387056663,0
ZCF0590,2010-06-17,0,0,-0.029480686207648432,0
HLH0512,2010-10-07,0,0,-19.830551687494108,0
TRK0914,2011-01-05,0,0,0.7788288137049904,0
NGO0690,2010-10-11,0,0,-6.558465431599302,0
GZC0735,2010-12-28,0,0,-3.5454061059409696,0
DAL0673,2011-01-25,0,0,-10.499849526903404,0
LAP0338,2010-12-26,0,0,-16.421919983500743,0
LAP0338,2010-01-23,0,0,-17.18782532938576,0
MFV0897,2010-07-20,0,0,-21.330861954749594,0
DRR0242,2011-04-03,0,0,-28.866563481136836,0
CRO0027,2010-02-08,0,0,-7.6241876890621825,0
SMH0291,2010-01-29,0,0,-1.3361854307088379,0
CAH0936,2010-07-29,0,1,-27.688914406585695,0
JMC0925,2011-03-11,0,0,-9.769899802496752,0
TQS0212,2011-03-04,0,0,3.402456742256618,0
WSR0241,2011-03-15,0,0,-29.108813872837914,0
LNS0989,2010-10-06,0,0,6.224843477648278,0
SAK0375,2010-04-22,0,0,-21.919289101744766,0
CAM0102,2010-06-01,0,0,-27.049966674913776,0
NCK0421,2011-02-15,0,0,-26.35508787891638,0
LPC0492,2010-09-24,0,0,-8.683897987911337,0
AIP0982,2010-11-30,0,0,-20.442911551452312,0
HSP0290,2010-06-25,0,0,-3.6442671602233077,0
EMS0317,2011-02-17,0,0,-4.406626125992716,0
ENL0100,2010-11-17,0,0,-21.17582915242656,0
OLB0749,2010-05-06,0,0,-7.861844688954079,0
MAS0025,2010-04-26,0,1,-17.932315251629234,0
ZSL0305,2010-03-11,0,0,-0.7224114404158399,0
GOK0238,2010-11-29,0,0,-26.394082970316276,0
KMW0545,2010-01-15,0,0,-13.22196496568779,0
CWB0065,2010-07-09,0,0,-25.05331132170579,0
MAD0496,2010-02-26,0,0,-7.6803080727834185,0
EBC0390,2011-04-12,0,0,-22.800617744881606,0
FPC0954,2010-05-06,0,0,-2.0903255814213253,0
FPC0954,2011-02-25,0,0,-1.112927565131713,0
MAS0025,2010-06-04,0,1,-19.06799501454111,0
CWB0065,2010-01-28,0,0,-25.452446214617794,0
BCM0653,2010-12-10,0,0,-20.269355734474743,0
DMK0257,2010-01-28,0,0,-12.757262739053317,0
CSP0197,2010-03-08,0,0,-1.4951952798330694,0
HGG0240,2010-12-16,0,0,-26.998015375649516,0
DRR0242,2010-06-27,0,0,-28.06918715759025,0
ASG0048,2011-01-06,0,0,-26.374717861327667,0
IIL0513,2010-09-09,0,0,-21.136352786049315,0
CMM0487,2011-01-21,0,0,-7.552855291702713,0
VEB0935,2010-03-02,0,0,-26.499946901664202,0
RNL0695,2010-01-12,0,0,-25.794544946127644,0
NBC0412,2010-08-30,0,0,-7.26569454531716,0
NAF0033,2010-12-14,0,0,3.4057841261691237,0
DKB0631,2010-04-26,0,0,-21.610738001432537,0
KWC0004,2010-10-28,0,0,-23.409819527590003,0
SOG0411,2010-05-06,0,0,-4.712106089347344,0
KSP0966,2011-02-28,0,0,-1.4904878636043577,0
XHG0902,2011-04-04,0,0,-20.844096365091673,0
SLT0907,2010-05-19,0,0,-22.066251203243723,0
DAL0673,2010-10-20,0,0,-7.985813974753796,0
ECL0930,2010-04-22,0,0,-27.600713278017224,0
RSM0277,2010-03-18,0,0,-10.842330109112254,0
KAC0124,2010-07-09,0,0,-18.137114525051402,0
NGF0157,2010-10-26,0,0,-12.188733014889749,0
VFM0814,2010-11-29,0,0,-28.378029188404412,0
ATF0274,2010-06-02,0,0,-23.86194519211199,0
LBC0356,2010-07-21,0,0,-21.690610970676403,0
TIW0299,2011-03-17,0,0,-4.023998701954838,0
KQS0415,2010-11-05,0,0,-4.523004270653928,0
TIW0299,2010-06-14,0,0,-2.7687114063107856,0
WBC0315,2010-02-12,0,0,-4.7835696231538805,0
DTP0379,2010-01-05,0,0,-11.08643339728053,0
JLW0053,2010-05-06,0,0,14.404702691892112,1
TUC0632,2011-02-04,0,0,-19.129832024324855,0
HTF0641,2010-07-23,0,0,-20.454305815550697,0
ZSK0258,2011-05-11,0,0,-18.221919294581426,0
RIH0777,2010-10-07,0,0,-19.88698136452581,0
MAW0166,2011-05-09,0,0,-24.206864691092164,0
AIB0948,2010-07-14,0,0,-8.052468637181619,0
TRK0914,2010-04-14,0,0,0.08466054053337757,0
IMB0481,2010-06-28,0,0,-8.065737784028215,0
SVS0871,2010-04-23,0,0,-2.7325999531632306,0
QCH0110,2010-01-07,0,0,-21.741885558658282,0
NWT0098,2010-09-15,0,1,-22.810933547874583,0
TYB0779,2010-02-12,0,0,-21.0505857399354,0
USH0199,2010-09-27,0,0,-22.88110163295289,0
NGO0690,2011-04-25,0,0,-3.785369173188087,0
DGN0480,2010-03-18,0,0,-4.3910059998517,0
CMB0912,2010-11-25,0,0,-26.5290844883491,0
NSS0876,2010-05-17,0,0,-4.2541245828952015,0
ALH0402,2010-06-23,0,0,-7.312660649714985,0
RAH0440,2010-08-11,0,0,-19.983629519921237,0
NWT0098,2010-12-01,0,1,-22.107988132757782,0
BBS0422,2010-07-09,0,0,-18.65073500891549,0
ADC0391,2010-06-24,0,0,-8.245731938785752,0
SBN0866,2010-09-08,0,0,-4.7586031826266435,0
AOB0019,2010-07-16,0,0,-20.65987965577642,0
FKK0055,2010-12-03,0,0,-20.51771389178043,0
BIS0247,2010-02-03,0,0,-17.042985643661495,0
LAP0338,2010-06-29,0,0,-20.181166608068906,0
ZMC0284,2010-02-24,0,0,-12.883985532012844,0
LBF0214,2011-01-28,0,0,-0.9349770607637993,0
TEM0977,2010-05-21,0,0,-20.0576265018467,0
WIQ0567,2010-02-14,0,0,-26.2504980320233,0
HAC0282,2011-01-28,0,0,-17.446994301811174,0
SER0165,2010-11-09,0,0,-26.960722286568625,0
ORM0669,2010-06-18,0,0,-2.0923396487613672,0
MIB0904,2010-09-22,0,0,-20.46415956043859,0
LIM0674,2011-04-20,0,0,-11.491762047986072,0
HRL0540,2010-01-28,0,0,-13.428274120930723,0
JCG0316,2010-12-01,0,0,-1.9860369170719423,0
ESJ0670,2010-05-20,0,0,-20.574340204669397,0
WGS0516,2010-09-30,0,0,-22.405398223773545,0
ASS0206,2010-09-22,0,0,5.198292410316867,0
FSB0399,2010-08-18,0,0,-11.000803348752925,0
MGS0974,2010-09-18,0,0,-18.406596879958784,0
BSA0431,2010-02-17,0,0,-11.556611217376826,0
BSA0431,2010-03-30,0,0,-10.669221068643196,0
CQW0652,2010-02-10,0,1,-21.856710998064614,0
JAJ0849,2011-02-23,0,0,-3.6293967577033754,0
LBC0356,2010-07-08,0,0,-22.82626036752447,0
SJC0333,2011-04-18,0,0,-19.944273678470495,0
PID0426,2010-11-04,0,0,-12.176811320163438,0
IIL0513,2010-03-24,0,0,-21.636468219810354,0
HCC0344,2011-01-04,0,0,-17.638411025065466,0
FIR0920,2010-06-04,0,0,-24.71227030297905,0
CRO0027,2010-04-06,0,0,-6.9497227986271355,0
JAJ0849,2010-10-08,0,0,-1.9243812849825872,0
CLD0894,2010-12-08,0,0,-20.70275629792411,0
PTH0830,2010-06-05,0,0,-0.4464912749186851,0
BTN0061,2011-01-10,0,0,-18.41406364394868,0
DSB0731,2010-07-16,0,0,-6.587884246578938,0
BMM0112,2010-12-20,0,0,-21.51994785334091,0
HAH0248,2010-08-27,0,0,-17.28868887743613,0
DEB0782,2010-07-22,0,0,-22.405398223773545,0
NLO0131,2010-11-12,0,0,-0.4596809819545342,0
HJB0742,2010-08-05,0,1,-7.215403123300916,0
HKF0831,2010-08-25,0,0,-0.7369174506420677,0
SES0477,2010-05-10,0,0,-7.285506389364286,0
KDS0349,2011-05-13,0,0,15.889225784487735,1
FPC0954,2010-02-22,0,0,-1.3883418056542496,0
HKB0418,2010-01-20,0,0,-3.9841211948989894,0
SCF0608,2010-01-12,0,0,-5.300473114952865,0
DBG0261,2011-02-24,0,0,-4.03896036398362,0
TLH0648,2010-03-02,0,0,-20.455532404403016,0
JAJ0849,2010-08-16,0,0,-2.374646396504204,0
TUC0632,2010-06-15,0,0,-19.102967743277645,0
KNW0644,2010-12-30,0,0,-19.12606728691742,0
TOR0193,2010-07-15,0,0,-27.81207545128325,0
MKL0941,2010-02-05,0,0,-8.118044566312278,0
CEB0210,2011-02-02,0,0,7.578682016026278,1
MSG0839,2010-08-12,0,0,-0.9964347838972571,0
SOG0411,2011-02-02,0,0,-5.359833307005147,0
MSZ0310,2010-10-19,0,0,-5.026822498808656,0
MKG0711,2011-02-24,0,0,-0.22543925009529175,0
HTF0641,2010-01-06,0,0,-20.03213455156117,0
IBB0696,2010-07-30,0,0,-4.563444306459473,0
WBC0192,2010-03-24,0,0,-25.243985045559498,0
NNA0610,2010-12-15,0,0,-5.144633080389781,0
BKW0374,2010-04-13,0,0,-21.621713919352942,0
DMG0358,2010-02-01,0,0,-21.191493962267714,0
SMH0291,2011-03-19,0,0,-1.740853558214667,0
ATE0869,2010-10-18,0,0,0.0974232587645929,0
AAL0706,2010-09-08,0,0,-0.22543925009529175,0
BRB0355,2011-03-11,0,0,-11.640665886761894,0
RDM0150,2010-07-16,0,0,-1.0974488056076552,0
LRR0148,2010-01-15,0,0,-23.94383885309651,0
IEB0153,2011-01-25,0,0,-1.2640318021758503,0
JCC0225,2011-05-06,0,0,-21.13979437483988,0
WPR0368,2010-09-21,0,0,-21.03113819641044,0
JML0909,2011-05-05,0,0,-21.387727140010725,0
MLL0598,2010-11-10,0,0,-3.8579330120483064,0
KRV0372,2010-08-17,0,0,-21.510703765114158,0
FQA0854,2010-03-29,0,0,-4.916689844164466,0
SMY0792,2011-03-29,0,0,0.6944868679191813,0
BDB0453,2010-06-07,0,0,-3.067758533759161,0
GAF0570,2010-11-02,0,0,-6.767865408360194,0
EPW0434,2011-04-12,0,0,-9.07812447715878,0
JNA0559,2011-04-15,0,0,-9.885674566653393,0
WBC0315,2010-07-23,0,0,-5.958616914805361,0
BWP0202,2010-10-07,0,0,-4.32850373886356,0
KAT0489,2010-03-01,0,0,-6.344676348985786,0
KRL0501,2010-04-22,0,1,-4.115365763392333,0
SLP0762,2011-02-25,0,0,-19.317674080433903,0
CCH0685,2010-02-01,0,0,-25.582354951560887,0
TAC0300,2010-06-16,0,0,-1.404150611370028,0
TVS0006,2010-07-26,0,0,-24.757234122522277,0
CQH0701,2011-04-21,0,0,-1.5794869891409462,0
AHC0142,2011-03-28,0,0,-25.475040752255495,0
SSJ0784,2010-08-21,0,0,-17.889737156082106,0
MIB0904,2010-07-12,0,0,-20.74826392332193,0
SVL0803,2011-03-09,0,0,-1.5781725567875355,0
NHH0185,2011-05-05,0,0,-19.154821331179505,0
LIM0674,2010-08-17,0,0,-9.55378182208176,0
TET0621,2010-06-02,0,0,-7.918437548597126,0
SVL0803,2011-02-14,0,0,1.6623910955503334,0
ALB0892,2010-05-24,0,0,-21.440585778851982,0
PGO0433,2010-01-18,0,0,-12.921827774509211,0
AJF0370,2011-02-02,0,0,-17.338413177637108,0
AQD0820,2010-03-30,0,0,-10.872014131431683,0
CQW0652,2010-12-02,0,1,-20.630977613586992,0
RTO0313,2010-03-23,0,0,-8.857124636761682,0
ASV0946,2010-03-12,0,0,-0.9964347838972571,0
SDB0106,2010-06-30,0,0,-16.334999319984604,0
POB0343,2010-11-10,0,0,-21.24993989130121,0
EMB0531,2010-05-03,0,0,-19.961473945176294,0
TEM0093,2010-09-22,0,0,-9.017450576508281,0
FAW0032,2010-06-09,0,1,-24.738018866913535,0
WDO0870,2010-08-05,0,0,-6.547817862472357,0
GAF0060,2010-06-18,0,0,1.7372318830937274,0
RLG0856,2010-07-30,0,0,-4.8968673417389255,0
PDW0259,2010-02-01,0,0,-21.3806199187419,0
SJW0451,2010-08-24,0,0,-0.029480686207648432,0
NAB0903,2010-02-02,0,0,-20.412769216833453,0
DSB0731,2010-04-12,0,0,-6.507435968886966,0
AGB0186,2010-11-11,0,0,-20.948754894928697,0
ATF0274,2010-10-06,0,0,-22.55981762450301,0
SAB0781,2010-09-29,0,0,-18.986528697332915,0
KES0729,2010-01-04,0,0,-5.360800859981623,0
CJP0952,2010-01-25,0,0,-2.22460976006937,0
CKP0721,2011-04-15,0,0,-2.3067309677462617,0
KBC0054,2010-01-04,0,0,-21.801631250323453,0
ALB0892,2010-01-19,0,0,-20.88987158352893,0
SCF0608,2010-07-09,0,0,-8.84378369917988,0
FDE0117,2011-02-08,0,0,-24.74847544583315,0
JRF0835,2010-10-15,0,0,-0.3858800300046141,0
DAG0558,2010-09-24,0,0,-29.233200379737127,0
CJF0802,2010-01-29,0,0,-2.1075106821916734,0
CQH0701,2010-04-06,0,0,-2.822060863980596,0
JCC0225,2010-10-27,0,0,-21.246096066813152,0
LAP0338,2010-03-01,0,0,-20.813796203704555,0
CLH0703,2010-03-16,0,0,-2.3067309677462617,0
AAM0658,2010-07-26,0,1,-21.856710998064614,0
WIQ0567,2010-01-12,0,0,-28.306764318848877,0
VLB0647,2010-10-12,0,0,-20.736071902906247,0
MDH0686,2011-01-12,0,0,-6.287971795740191,0
JXH0493,2010-04-13,0,0,-7.484093250792171,0
WAS0254,2010-10-08,0,0,-20.01013206928394,0
RSM0277,2010-02-25,0,0,-7.384737562205146,0
CAB0614,2011-01-05,0,0,-4.992135832121676,0
VSS0154,2010-01-15,0,1,-26.93396158437656,0
BAH0875,2010-01-07,0,0,-6.111161237746387,0
KKC0683,2010-02-16,0,0,-5.450718833454403,0
MAR0955,2010-08-05,0,1,-1.112927565131713,0
HXL0968,2010-05-13,0,1,-1.8447991855045984,0
DVM0265,2010-07-28,0,0,-9.148449466878674,0
KKS0119,2010-09-24,0,0,-25.90214617696256,0
JNJ0556,2010-03-29,0,0,-23.202385743210243,0
LOF0311,2011-03-04,0,0,-3.962116222397185,0
PMJ0564,2010-10-28,0,0,-28.015543649164783,0
KBG0549,2010-04-01,0,0,-19.26349240111267,0
HJA0018,2010-06-15,0,0,-19.791246366462815,0
MPT0376,2010-01-14,0,0,-0.6382094740563389,0
JCC0225,2010-07-20,0,0,-20.872571108400393,0
CKD0680,2010-10-11,0,0,-24.090744361572433,0
SSJ0784,2010-07-05,0,0,-20.864226899001437,0
FQA0854,2011-05-13,0,0,-5.330505952489034,0
ESJ0670,2011-01-11,0,0,-21.509023951202153,0
RCC0617,2011-03-15,0,0,-5.088447849255886,0
RMS0266,2010-02-11,0,0,-5.132437806580242,0
HRL0540,2010-02-09,0,0,-10.74607825533701,0
WJD0576,2010-01-14,0,0,-3.451653225405721,0
JOM0750,2010-02-02,0,0,-5.860445037817499,0
DSB0731,2010-03-18,0,0,-6.96847922170673,0
SSJ0784,2010-11-24,0,0,-21.436374009158044,0
JBM0350,2010-01-15,0,0,-26.05144027558879,0
EPW0434,2010-05-12,0,0,-13.506284198938488,0
CTA0020,2010-06-04,0,0,-21.538947057118207,0
SBD0913,2011-04-19,0,0,0.1749972354913325,0
WVB0539,2011-05-03,0,0,-26.125074145136296,0
CTW0500,2010-12-17,0,0,-7.724681951221328,0
FIR0920,2010-03-24,0,0,-21.77276090267651,0
AAV0450,2010-11-15,0,0,-0.4596809819545342,0
AAN0823,2010-07-29,0,0,-0.7064905313396821,0
AJN0607,2010-09-21,0,0,-6.392952586337174,0
NGC0058,2010-05-17,0,0,-0.8846229558836285,0
BVN0514,2010-03-18,0,0,-21.741885558658282,0
BJM0111,2011-04-08,0,0,-22.80400596306424,0
GNZ0953,2010-03-10,0,0,-1.9351107929126101,0
WTF0387,2010-03-09,0,0,-0.5873568730224861,0
IBB0359,2010-07-02,0,0,-21.350628962361952,0
HSD0457,2011-02-25,0,0,-1.2191903865591485,0
JAM0382,2010-05-18,0,0,-22.520753403774393,0
AMW0392,2011-03-29,0,0,-25.6979126312616,0
FGW0853,2010-12-09,0,0,-4.83991821279551,0
RTO0313,2011-01-24,0,0,-6.1666639909708465,0
KBS0874,2010-07-13,0,0,-3.6472769477313705,0
MHA0798,2010-12-09,0,0,-3.0347476989352344,0
FDE0117,2011-03-16,0,0,-27.61956824320032,0
AHD0848,2010-09-03,0,0,-2.8360660935867372,0
SBN0866,2011-03-21,0,0,-6.151974994688999,0
USH0199,2010-12-13,0,0,-22.2795262564606,0
MNC0717,2011-04-21,0,0,-1.765124657373235,0
RMS0266,2010-05-28,0,0,-7.207905468869512,0
XWD0923,2010-04-29,0,0,2.009173398025723,0
ZSK0258,2010-12-01,0,0,-20.128535782188578,0
IIA0092,2010-11-24,0,0,-5.670947554522286,0
WGS0516,2010-08-27,0,0,-18.660416223945504,0
ALD0529,2011-01-14,0,0,-19.645557458286476,0
ZMC0284,2010-08-25,0,0,-16.69407748770857,0
KDT0346,2010-06-18,0,0,-20.452398404532346,0
KQC0708,2010-04-19,0,0,-2.5114861009300284,0
JMD0520,2010-11-29,0,0,-19.089091457326617,0
TAP0551,2010-09-07,0,1,-10.822115730595556,0
TBT0461,2011-02-01,0,0,-2.3067309677462617,0
BAM0636,2010-02-03,0,0,-18.335298379303254,0
DIC0988,2010-10-19,0,0,0.2701133297193792,0
DTT0076,2010-03-01,0,0,-13.531653041642016,0
AIS0405,2010-11-11,0,0,-11.80407865433358,0
MSG0839,2010-01-25,0,0,-1.3883418056542496,0
TJD0996,2010-10-07,0,0,-17.749863444685275,0
CKD0680,2011-01-10,0,0,-21.83948080656785,0
FRL0511,2010-02-10,0,0,-21.335937955741997,0
KBC0054,2011-03-07,0,0,-21.459500166943258,0
SRS0231,2010-04-23,0,0,-21.59265183086643,0
FXF0957,2010-05-12,0,0,-0.9964347838972571,0
HCV0478,2010-12-27,0,0,-8.95671978062694,0
NMB0972,2010-03-22,0,0,-1.0498541092994174,0
CRK0916,2011-01-25,0,0,-9.22612525050306,0
WSR0241,2011-02-07,0,0,-27.556664953977815,0
DPM0423,2011-02-28,0,0,-17.778755211411294,0
HTF0641,2010-10-06,0,0,-18.310918872798766,0
DCH0843,2010-06-22,0,1,-1.0498541092994174,0
BJH0811,2011-05-12,0,0,-27.90850885067573,0
BEH0615,2010-08-13,0,0,-7.345037949333232,0
SIJ0661,2010-12-29,0,0,14.498135910375822,1
WLV0566,2010-03-18,0,0,-3.1707256550378133,0
ORG0339,2010-11-01,0,0,-20.75503313880381,0
KNW0644,2010-05-20,0,0,-18.6549801239089,0
KVT0028,2011-03-22,0,0,-4.598215100847028,0
WBC0192,2010-10-29,0,0,-25.28587405550968,0
FBW0747,2011-04-25,0,0,-6.468760759554698,0
RRP0568,2011-04-08,0,0,-26.88452989440964,0
OQH0183,2011-02-22,0,0,-17.43425410021348,0
SLT0907,2010-02-26,0,0,-21.440585778851982,0
PLH0715,2010-04-05,0,0,-1.5738480095105842,0
HAH0248,2011-05-05,0,0,-12.466891021412152,0
MPM0220,2010-08-05,0,1,-14.367838797995432,0
JMK0099,2010-02-22,0,0,-7.087749628234178,0
AMW0392,2011-04-09,0,0,-26.445759287083547,0
BVC0790,2010-04-25,0,0,-15.128148623189304,0
RSM0277,2010-03-04,0,0,2.1611527198801923,0
AMV0036,2010-03-10,0,0,3.978920634278893,0
EPW0434,2010-07-15,0,0,-12.061557627029629,0
PTH0830,2011-01-17,0,0,-0.7064905313396821,0
GTD0116,2010-08-11,0,0,-28.287343749945535,0
MHG0733,2010-09-29,0,0,-6.023688491998314,0
SVS0871,2010-03-05,0,0,-4.396738605158475,0
PMC0328,2010-01-13,0,0,-15.069847980139002,0
HSG0818,2010-07-20,0,0,-27.87720843098748,0
BLB0114,2010-09-03,0,0,-20.02722811375361,0
AMH0464,2010-10-11,0,0,-0.7224114404158399,0
BYP0070,2010-02-09,0,0,-5.754424065656849,0
KDS0349,2010-12-15,0,0,16.109654458590285,1
GJD0298,2010-12-03,0,0,-0.029480686207648432,0
AAM0658,2010-10-27,0,1,-14.089172494875925,0
CHG0146,2011-04-29,0,0,-26.668588365165306,0
JCR0289,2010-08-13,0,0,-0.029480686207648432,0
YIC0195,2010-08-26,0,0,0.16332175843376717,0
AAN0823,2010-04-29,0,0,-1.4904878636043577,0
KAC0124,2011-05-06,0,0,-19.277601985129763,0
NAB0903,2010-10-01,0,0,-22.017591307112866,0
RLB0719,2010-09-01,0,0,-0.3858800300046141,0
JIG0128,2011-04-13,0,0,-16.3268399951329,0
SAH0599,2010-02-04,0,0,-0.4596809819545342,0
AKH0758,2010-07-07,0,0,-22.405398223773545,0
CCA0046,2010-04-08,0,1,-22.83004607988869,0
ZSL0305,2010-11-11,0,0,-0.029480686207648432,0
FHS0837,2011-02-22,0,0,-1.2591644484622293,0
KSP0357,2010-06-11,0,0,-22.05309960339764,0
BRM0995,2010-03-26,0,0,-10.903015498455375,0
EHR0096,2010-12-09,0,0,-25.876983990424947,0
PID0426,2010-06-24,0,0,-11.11699892351146,0
JCW0858,2010-05-05,0,0,-5.113664685563322,0
TUC0632,2010-11-15,0,0,-18.87022359573291,0
PEV0323,2010-10-21,0,0,-8.305120441117538,0
RFP0380,2010-10-07,0,0,1.0988575996157124,0
AJR0319,2011-04-11,0,0,-10.253535038302743,0
AAS0442,2010-01-25,0,0,-20.581192943488986,0
CQH0701,2010-04-09,0,0,-2.8762613273481747,0
TOR0193,2011-04-08,0,0,-25.865537562596955,0
NRD0548,2010-10-26,0,0,-1.076563561973785,0
BBH0810,2011-05-06,0,0,-26.959732790479734,0
BXJ0010,2011-05-04,0,0,-17.980522142138625,0
JRL0574,2011-01-21,0,0,-0.029480686207648432,0
ESH0283,2010-11-24,0,0,-13.081704113728279,0
LEM0605,2010-02-19,0,0,-3.95044062166437,0
NGO0690,2011-04-11,0,0,-9.767065410529426,0
MAW0166,2010-04-22,0,0,-24.50291094344516,0
LPC0492,2010-08-31,0,0,-5.854241254961835,0
XHG0902,2010-05-14,0,0,-21.741885558658282,0
JZD0888,2010-01-26,0,0,-21.335937955741997,0
KJA0152,2011-05-10,0,0,-26.07434786371857,0
ELB0847,2010-03-23,0,0,-3.9349474357192094,0
LDG0459,2010-06-04,0,0,-1.740870124750586,0
AHM0410,2010-08-12,0,0,-5.204504491249622,0
HCW0419,2010-08-16,0,0,-20.975072048318225,0
AOB0019,2010-11-11,0,0,-20.2392368619403,0
MKP0861,2011-04-14,0,0,-6.811401863588685,0
RUM0880,2010-10-22,0,0,-2.7615530731102353,0
MSO0222,2010-11-18,0,1,-19.85169704857742,0
GCS0518,2010-09-10,0,0,-22.405398223773545,0
KMB0922,2010-10-21,0,0,-20.89659711665695,0
SHW0578,2010-11-18,0,0,-1.2191903865591485,0
NWT0098,2010-07-01,0,1,-22.062532243058627,0
AMW0392,2011-02-24,0,0,-25.244948577893638,0
DMG0358,2010-10-14,0,0,-20.89753752126478,0
NMF0780,2010-06-11,0,0,-19.01535304050435,0
HTF0641,2011-02-18,0,0,-20.936469488496527,0
RJB0088,2011-04-19,0,0,-19.574338500718113,0
BAM0636,2011-03-11,0,0,-19.617411067621788,0
JAJ0849,2010-11-03,0,0,-3.575849195678302,0
EDB0714,2010-11-24,1,1,-6.7331640797006,0
VSA0230,2010-09-29,0,0,2.3561018156867704,0
PGC0066,2011-05-12,0,0,-28.08069183929456,0
LDG0459,2010-08-10,0,0,-4.584507263407545,0
DKB0631,2010-12-27,0,0,-19.12606728691742,0
KJS0618,2011-01-06,0,0,-6.925423226379962,0
KCO0122,2010-12-20,0,0,-10.530333256545305,0
HDL0748,2010-06-04,0,0,-6.179124248192693,0
JER0404,2010-05-25,0,0,0.07283534056216467,0
BJW0619,2010-06-15,0,0,-6.809357013003591,0
IIA0092,2010-06-29,0,0,-9.684181888109947,0
TPH0474,2010-05-25,0,0,-1.404150611370028,0
HPM0986,2010-11-29,0,0,-19.198124893322415,0
HRB0351,2010-09-14,0,0,-14.507773654730158,0
CJM0138,2010-08-27,0,0,-2.2832896928276796,0
CCC0393,2010-06-22,0,0,-25.990011115140533,0
CJF0802,2010-11-11,0,0,1.8850891755441808,0
DZC0228,2011-04-20,0,0,-10.886768597120408,0
NCE0097,2011-02-24,0,0,-4.8871247087569145,0
ZJS0269,2010-11-05,0,0,-23.137020108003185,0
QSV0778,2010-08-06,0,0,-20.943840705367734,0
LRW0970,2010-06-17,0,0,5.1538075130462175,0
DLH0029,2010-11-02,0,0,1.2066333600092776,0
BTR0403,2010-04-12,0,0,-25.604891525205176,0
MCT0720,2011-04-20,0,0,-0.9964347838972571,0
FBW0747,2010-06-15,0,0,-3.0406090874812435,0
RAW0915,2010-06-14,0,0,-19.949984183213246,0
ACC0042,2010-02-23,0,0,-20.48158124003737,0
HRL0540,2010-09-08,0,0,-15.876804638757903,0
ATE0869,2011-02-22,0,0,-3.7423047366326045,0
MVB0515,2011-04-19,0,0,-16.42552787100101,0
CCR0863,2010-08-19,0,0,-4.871380404617412,0
FKK0055,2010-11-22,0,0,-21.706475944848194,0
BEC0505,2010-11-08,0,0,-6.000648148977689,0
DID0650,2010-02-09,0,0,-19.62069140418987,0
PMC0328,2010-01-22,0,0,-17.810372607648446,0
DFH0188,2010-01-20,0,0,-18.284594530572008,0
KDS0349,2010-05-25,0,0,14.559535067262345,1
SKG0759,2010-06-21,0,0,-20.88987158352893,0
YDN0198,2010-03-17,0,0,-28.61787608863824,0
FOB0756,2010-04-25,0,0,-18.523230804581203,0
MHG0244,2010-10-18,0,0,-16.98772929084612,0
RAR0725,2010-07-02,0,1,-2.853521169953865,0
SAC0687,2011-02-03,0,0,-25.881431341819848,0
JAM0382,2011-04-15,0,0,-20.661550402985426,0
KJS0618,2010-01-06,0,0,-5.940145822377531,0
TDS0984,2010-12-06,0,0,-27.400919330304077,0
DSM0591,2010-05-28,0,0,-2.7687114063107856,0
GCC0744,2010-02-16,0,0,-7.144445153465426,0
BBH0810,2010-01-28,0,0,-27.99114872157827,0
BTL0226,2010-02-16,0,1,-9.97774640668456,0
HKF0831,2011-03-08,0,0,-0.7064905313396821,0
LCC0819,2010-05-05,0,1,-27.71397091327151,0
SSG0250,2010-02-22,0,0,-14.208917058463726,0
TLH0648,2011-05-03,0,0,-18.78529399897411,0
KMS0657,2010-07-02,0,0,-19.231750392577737,0
CTW0500,2011-05-09,0,0,-7.321553494603677,0
CJF0802,2010-05-18,0,0,1.093902236258259,0
YDN0198,2010-07-28,0,0,-28.244359238451466,0
ECR0822,2010-01-11,0,0,-1.4904878636043577,0
SPA0141,2011-02-11,0,0,-28.19165879802904,0
SJC0333,2010-04-23,0,0,-16.14884458108577,0
WJD0576,2010-05-10,0,0,-1.404150611370028,0
DAG0558,2010-09-09,0,0,-28.455561304893422,0
DJB0159,2011-02-08,0,0,-19.795426427774714,0
BLL0929,2010-01-11,0,0,-26.329723893494133,0
MAD0753,2011-01-13,0,0,-7.185839680677191,0
MNS0224,2010-04-07,0,0,-21.90832333709386,0
SLT0907,2010-05-05,0,0,-20.75158947995044,0
LCD0622,2010-01-06,0,0,-3.672179869897377,0
CWB0065,2010-12-28,0,0,-26.69737598027359,0
NRO0768,2010-10-13,0,0,-21.440762553998297,0
TPH0474,2011-05-13,0,0,-0.22543925009529175,0
LQP0508,2010-02-18,0,0,-21.768461522378402,0
KCS0173,2010-09-01,0,0,-6.902486792583659,0
ASG0048,2010-11-16,0,0,-26.803130185150167,0
HPH0075,2011-04-13,0,0,-9.591786545717014,0
PKB0429,2010-03-09,0,0,-13.486581439847896,0
KMS0657,2010-06-14,0,0,-21.476863983655107,0
ATE0869,2010-10-21,0,0,-6.114561727818341,0
MLP0668,2010-05-14,0,0,-1.7675990209993415,0
ESH0135,2011-05-10,0,0,-1.951465366480079,0
BSB0990,2010-09-13,0,0,-8.553833498408494,0
QNP0216,2010-04-16,0,0,-21.46095086326386,0
IBP0883,2010-12-04,0,0,-13.11250238029163,0
HVB0037,2010-05-19,0,0,3.260383365817802,0
EMW0772,2010-05-28,0,0,-20.88987158352893,0
EWH0191,2011-02-17,0,0,-26.44113011876334,0
LRR0148,2011-01-09,0,0,-19.861687005806175,0
KPP0452,2010-09-02,0,0,-1.2018865578410214,0
BRM0995,2010-04-08,0,0,-9.517845791185096,0
MBJ0312,2011-01-27,0,0,0.3886997966411627,0
TAC0300,2011-03-18,0,0,-0.029480686207648432,0
AJR0319,2010-12-29,0,0,-6.037990255998466,0
HJA0018,2011-03-24,0,0,-20.661488343600695,0
VMJ0147,2010-02-09,0,0,-18.462805063208748,0
HDJ0446,2011-03-17,0,0,-0.22543925009529175,0
AAF0791,2010-10-22,0,0,-9.62310155642433,0
EFS0882,2010-09-23,0,0,-21.335937955741997,0
FPC0954,2010-06-08,0,0,-1.1260412373189865,0
EHB0420,2010-07-12,0,0,-19.35793528299098,0
RJB0088,2010-04-15,0,0,-18.561405681802512,0
RSM0277,2011-04-20,0,0,-5.9388534703612095,0
PGH0184,2010-09-08,0,0,-18.635770531947855,0
AJL0462,2010-12-17,0,0,-2.0829632363322617,0
NOB0181,2011-03-14,0,0,-20.31079360913236,0
MAD0753,2010-04-29,0,0,-6.3240881738344115,0
KWC0004,2011-05-10,0,0,-24.68973092419526,0
HAD0246,2010-12-05,0,0,-13.792576281417837,0
CIM0271,2010-03-30,0,0,-19.578079185798288,0
GCL0016,2011-04-29,0,0,-26.6349823442863,0
KAT0489,2010-12-15,0,0,-4.440299796942895,0
FQA0854,2010-01-15,0,0,-5.633417312199185,0
IBB0696,2010-11-08,0,0,-2.3714408537928193,0
MES0407,2010-01-19,0,0,-4.928014502476685,0
DIC0988,2011-05-05,0,0,2.4732344889270053,0
DIW0118,2010-07-07,0,0,-25.68629020289302,0
AMH0464,2011-05-13,0,0,-0.3858800300046141,0
MCT0720,2011-05-05,0,0,-0.22543925009529175,0
GAF0570,2010-06-17,0,0,-1.9712685541735482,0
SAA0999,2011-05-02,0,0,-15.592887354531513,0
RDM0150,2011-04-20,0,0,-3.005480489724505,0
SOB0586,2010-08-11,0,0,-0.4596809819545342,0
JCR0289,2011-03-21,0,0,-0.4596809819545342,0
CCH0685,2010-05-25,0,0,-26.531427985101573,0
RAM0447,2010-08-20,0,0,-1.2018865578410214,0
NGC0058,2011-02-08,0,0,-4.9404846878910575,0
GCL0016,2010-04-12,0,0,-24.58238433763688,0
MAE0331,2011-02-08,0,0,-20.56237986981114,0
AKR0057,2010-10-08,1,1,-23.719330086111654,0
THR0873,2010-01-08,0,0,2.4663172440184553,0
GQF0659,2010-05-18,0,0,-18.019533822872745,0
JPA0667,2010-08-23,0,0,-21.032746733898193,0
CCH0685,2010-06-24,0,0,-27.621505194347264,0
HKB0418,2010-02-05,0,0,-4.7367865991323015,0
JER0404,2011-02-14,0,0,-9.171601934938849,0
AKC0924,2010-03-05,0,0,-22.383326251710287,0
CXC0336,2010-01-29,0,0,-19.790885277055622,0
LJT0817,2011-03-14,0,0,-20.020253603476363,0
SHR0334,2010-02-02,0,0,-18.48721488163278,0
PTH0552,2010-11-04,0,0,-3.5071449030864414,0
YCE0983,2010-05-24,0,0,-25.388209110211278,0
JDB0169,2010-04-30,0,0,0.9856794976564061,0
ASS0206,2010-12-02,0,0,4.742940895454012,0
MLD0755,2010-05-28,0,0,-5.8588130794688595,0
AGB0643,2010-06-16,0,0,-17.722415304312676,0
KQS0415,2011-01-12,0,0,-2.0591498662264485,0
BJH0811,2011-03-15,0,0,-26.673846562979065,0
WTR0563,2010-12-30,0,0,-29.681044981693958,0
ABC0253,2010-04-06,0,0,-19.642787588648844,0
ENL0100,2011-04-04,0,0,-19.879231018502537,0
BBS0422,2010-11-24,0,0,-20.092795034075834,0
RJM0381,2011-03-01,0,0,-22.522069039884627,0
EHB0420,2010-01-29,0,0,-15.278414044063311,0
AHG0634,2010-05-26,0,0,-20.05363269533177,0
ZSB0649,2010-02-11,0,0,-19.33027214200615,0
HDD0806,2010-12-22,0,0,-4.682338609405974,0
VTT0385,2011-01-26,0,0,-22.155394109408235,0
CJC0494,2010-07-21,0,0,-4.925920414619213,0
DFR0218,2010-07-22,0,0,-20.72528666238361,0
KBL0260,2010-09-09,0,0,-18.140340542889476,0
BMM0112,2010-02-11,0,0,-20.412769216833453,0
DOP0562,2010-03-03,0,0,-29.10877121378246,0
AAV0450,2010-06-22,0,0,5.1538075130462175,0
CTR0341,2010-10-05,0,0,-20.314960948058456,0
DMM0623,2010-02-05,0,0,-9.428847036375146,0
CGA0629,2011-02-03,0,0,-4.825504938716449,0
CKB0482,2011-02-28,0,0,-4.9568213050032455,0
LHB0967,2010-12-03,0,0,-1.3883418056542496,0
DID0650,2010-05-05,0,0,-16.775226306357922,0
ICS0956,2010-10-28,0,0,-0.22543925009529175,0
KSP0966,2010-04-13,0,0,-3.067758533759161,0
HWM0342,2010-10-12,0,0,-21.905647108059725,0
DGW0752,2011-02-07,0,0,-4.0944827470978,0
DBW0483,2010-07-28,0,0,-7.040632139606942,0
ESA0642,2010-10-12,0,0,-17.266795407411337,0
HAD0246,2010-12-29,0,0,-18.287659356015524,0
JZD0888,2010-02-11,0,0,-22.017591307112866,0
EFS0882,2010-08-30,0,0,-22.360773409824674,0
BBS0422,2011-02-10,0,0,-18.041197895690857,0
ERH0449,2010-07-21,0,0,-0.029480686207648432,0
EMB0531,2010-06-14,0,0,-21.14364623941958,0
CJM0521,2010-05-05,0,0,-19.31173375273977,0
PMC0328,2010-06-02,0,0,-16.227964808379397,0
MAR0955,2010-08-10,0,1,-2.5801825456111374,0
EAH0466,2010-01-06,0,0,-4.995819131135136,0
CSB0080,2010-07-15,0,0,-27.317160434343577,0
MCJ0324,2010-02-04,0,0,-2.925304519494489,0
JCG0316,2011-02-11,0,0,0.23600972656038266,0
RVF0201,2011-01-07,0,0,-26.39713832933262,0
YDN0198,2010-07-09,0,0,-28.61365365754466,0
ALH0402,2010-03-11,0,0,-7.118481460736916,0
CJH0702,2010-01-05,0,0,-1.0498541092994174,0
CCH0182,2011-03-10,0,0,-19.41453762254264,0
MSG0839,2011-03-07,0,0,-1.0498541092994174,0
RGN0408,2010-06-04,0,0,-5.8909153471610125,0
GLR0975,2011-02-21,0,0,-20.570618564220922,0
BHC0665,2010-12-30,0,0,-17.76687989076038,0
PSF0133,2010-04-09,0,1,-1.8992503703140073,0
AJD0074,2010-10-14,0,0,-28.17907285308138,0
AMW0392,2011-04-15,0,0,-26.858555420249786,0
WAS0254,2010-04-23,0,0,-18.864063708198273,0
TET0621,2010-03-25,0,0,-7.793775823995702,0
XBN0229,2011-05-09,0,0,-22.00096200687676,0
TIW0299,2010-01-21,0,0,-1.2191903865591485,0
HOB0994,2010-07-02,0,0,-9.041865758524295,0
CKD0680,2010-10-12,0,0,-24.44477898429716,0
JCR0921,2011-03-02,0,0,-10.0730736754482,0
ATP0662,2010-04-15,0,0,-25.94262311151806,0
ZSL0305,2011-04-15,0,0,-0.4596809819545342,0
JAJ0849,2010-09-09,0,0,-2.494150053009207,0
GRC0145,2011-04-04,0,0,-26.734538000109296,0
NIH0969,2010-02-25,0,0,-1.5794869891409462,0
DBG0261,2010-02-17,0,0,-18.472719107100943,0
ERH0449,2010-08-09,0,0,-0.029480686207648432,0
CFG0959,2010-01-25,0,0,-4.19171093742932,0
NKH0979,2010-06-17,0,0,-21.232865516886704,0
ETR0428,2010-06-09,0,0,-13.553216098193957,0
MHG0244,2010-07-02,0,0,-17.738252683091332,0
FKB0163,2010-08-17,0,0,-20.668029694872644,0
HCV0478,2010-05-17,0,0,-6.557492961021808,0
FRB0023,2010-07-29,0,0,-19.89384669426522,0
MAH0864,2010-06-18,0,0,-5.336882028402442,0
MCD0125,2010-02-04,0,0,-19.869291539712208,0
FDE0117,2010-02-19,0,0,-27.013113078037463,0
SAC0592,2011-05-10,0,0,-0.7224114404158399,0
FUM0015,2011-04-15,0,0,-19.85939537593333,0
NMG0766,2010-08-18,0,0,-20.75158947995044,0
APG0307,2011-04-19,0,0,-2.7687114063107856,0
GCS0518,2011-04-25,0,0,-19.591256246888634,0
SBK0161,2011-05-13,0,0,-20.323231823787978,0
VCC0396,2010-03-09,0,0,-3.658522302864185,0
BWH0813,2010-05-26,0,0,-26.544770565143835,0
AAV0450,2010-10-18,0,0,-0.3858800300046141,0
AAN0823,2010-03-08,0,0,-0.22543925009529175,0
RNL0695,2011-05-02,0,0,-27.650160378303212,0
WLV0566,2011-02-03,0,0,-6.703491834534702,0
SBQ0786,2010-12-03,0,0,14.90054063440175,1
WPR0368,2010-10-25,0,0,-21.694979285927843,0
PMJ0564,2010-02-22,0,0,-26.883893973934278,0
SBD0913,2010-07-14,0,0,-0.8053170269984093,0
ASM0575,2010-08-23,0,0,-2.2832896928276796,0
RHY0079,2010-12-09,0,0,-15.71392050930524,0
BKW0374,2010-03-26,0,0,-22.170975677087085,0
TEM0977,2010-01-25,0,0,-20.137700643375183,0
LFS0071,2010-03-05,0,0,-6.10366693196147,0
PNH0761,2010-02-05,0,0,-19.20199377837457,0
MSZ0310,2010-09-21,0,0,-3.6820864588796667,0
PMV0850,2010-05-25,0,0,-2.379790461648099,0
WNB0908,2010-09-14,0,0,-20.74826392332193,0
DAG0558,2010-01-18,0,0,-28.66609390854842,0
IHK0841,2011-01-10,0,0,-0.7064905313396821,0
MJS0890,2011-05-06,0,0,-19.01535304050435,0
WXH0872,2010-04-26,0,0,-0.12408093391388775,0
BIS0247,2011-01-11,0,0,-16.796207875569053,0
ASV0946,2011-02-25,0,0,-1.8311822238694049,0
MKP0861,2011-04-27,0,0,-2.180327253067844,0
MFV0897,2010-05-13,0,0,-19.591256246888634,0
KLH0596,2011-02-09,0,1,-1.2018865578410214,0
JMW0638,2010-11-12,0,0,-20.52563808616219,0
CTA0020,2010-05-04,0,0,-17.60293438859844,0
HBB0056,2010-09-29,0,0,-23.216148174935938,0
ARD0509,2011-05-10,0,0,-21.665051110528225,0
ESH0135,2010-02-04,0,0,-0.4596809819545342,0
MNS0224,2011-01-10,0,0,-21.58844312753581,0
AMV0036,2011-04-20,0,0,8.459725666164786,1
IIL0513,2010-11-16,0,0,-22.303555292326337,0
NMC0486,2011-01-14,0,0,-5.905868274291834,0
CGF0337,2010-07-07,0,0,-21.57316332038681,0
LQC0479,2010-08-17,0,1,-6.882193131884378,0
BRM0995,2011-04-28,0,0,-11.839706722622509,0
KAT0489,2010-02-04,0,0,-8.843207056704841,0
EMW0772,2011-03-28,0,0,-20.412769216833453,0
JGM0934,2010-08-20,0,0,-7.797438920166655,0
NOB0181,2010-09-16,0,0,-15.172964521530389,0
JKJ0698,2011-04-18,0,0,-0.9964347838972571,0
JJB0127,2010-12-10,0,0,-18.486979137781987,0
RLB0719,2010-05-14,0,0,-0.3858800300046141,0
CCM0136,2010-08-17,0,0,-4.140448646637992,0
JHP0583,2010-08-11,0,0,-5.558395178303385,0
MJM0510,2011-04-15,0,0,-20.335753815340922,0
CKB0482,2010-03-15,0,0,-6.352228776595439,0
RNL0695,2010-04-15,0,0,-27.228100717122288,0
JTS0389,2011-04-04,0,0,-17.7154179314698,0
MHG0244,2011-01-17,0,0,-19.53834384872812,0
LLV0602,2010-05-19,0,0,-4.992099558101245,0
CCW0031,2010-06-29,0,0,-25.692595488686948,0
IBP0883,2010-12-08,0,0,-21.1364951893097,0
DPS0262,2010-05-06,0,0,-18.52794451910904,0
KPR0497,2010-01-13,0,0,-6.992083048333484,0
MGS0974,2011-03-24,0,0,-20.801805240565272,0
PIS0522,2011-02-08,0,0,-20.864226899001437,0
MAH0864,2010-02-16,0,0,-5.370370873486877,0
GZC0735,2010-08-31,0,0,-5.628329620969794,0
CMB0912,2010-12-02,0,0,-23.792485586536145,0
WJD0576,2011-02-25,0,0,-1.404150611370028,0
DMM0623,2010-02-04,0,0,-5.937556822654074,0
JMW0638,2010-01-13,0,0,-18.180049858916618,0
SSH0799,2011-04-13,0,0,-25.039188280106828,0
HDS0367,2010-08-18,0,0,-17.042173111781153,0
RZC0746,2010-03-08,0,0,-8.203067024712027,0
LBH0942,2010-12-31,0,0,-1.6539716721008517,0
AAW0353,2011-04-14,0,0,0.052708584216475174,0
LLV0602,2011-04-20,0,0,-6.885249208775349,0
DEB0782,2010-08-06,0,0,-20.412769216833453,0
JSH0330,2011-01-25,0,0,-18.389787199061857,0
SCB0534,2010-02-16,0,0,-21.68843689264645,0
OMM0944,2010-02-24,0,0,-2.0903255814213253,0
ASL0378,2010-01-06,0,0,-22.62910909824825,0
AMM0014,2010-10-01,0,0,-19.194998576606054,0
CKB0427,2010-10-01,0,0,-9.83893184896749,0
ICS0956,2010-03-03,0,0,-1.4904878636043577,0
FSC0601,2010-06-24,0,1,-6.602809243783327,0
BRB0355,2010-08-25,0,0,-13.28149876183943,0
MJB0588,2010-08-11,0,0,-0.4596809819545342,0
ASG0692,2010-02-08,0,0,-25.793330087436516,0
EIM0156,2010-08-19,0,0,-21.400159711185665,0
CRK0916,2011-02-25,0,0,-8.520777478912919,0
IRT0491,2010-09-13,0,0,-6.975405320903178,0
TSG0906,2011-02-03,0,0,-19.900377560808693,0
BIH0745,2010-01-26,0,1,-6.894583313833095,0
HDJ0446,2010-11-08,0,0,-0.9603885267399619,0
HKF0831,2010-04-07,0,0,-0.9603885267399619,0
IKR0401,2010-11-18,0,1,-7.31452515955209,0
AKW0167,2011-03-23,0,0,-28.819886870501705,0
WGS0516,2011-03-30,0,0,-21.885322175371698,0
BRM0995,2010-03-04,0,0,-10.824632774599309,0
SHR0334,2011-01-24,0,0,-17.43425410021348,0
KRL0062,2011-03-11,0,0,-27.561520294350885,0
CJM0138,2010-06-16,0,0,-0.029480686207648432,0
KKS0119,2011-05-02,0,0,-25.559316483163684,0
CEB0210,2010-08-25,0,0,6.848758509154436,1
AJR0319,2010-09-01,0,0,-5.88139577350853,0
SAB0781,2010-11-30,0,0,-22.01558496769303,0
AQD0820,2010-02-08,0,0,-9.946291111588721,0
RHP0484,2011-04-13,0,0,-8.188762664800265,0
MBR0724,2010-10-26,0,0,-0.7369174506420677,0
AWM0764,2010-07-26,0,0,-21.335937955741997,0
ASS0206,2011-02-16,0,0,0.9611192784284412,0
DIC0988,2011-02-18,0,0,1.0193276406895393,0
SJF0094,2010-06-11,0,0,-4.19343125738817,0
FDE0117,2010-12-28,0,0,-26.70439247262709,0
QCH0110,2011-02-24,0,0,-20.291306403365866,0
FRR0832,2010-12-29,0,0,-3.2814880105289603,0
CSB0080,2010-05-14,0,0,-27.1628554732913,0
DBW0483,2010-02-24,0,0,-5.542132512687317,0
KWC0004,2010-06-28,0,0,-23.35162903073467,0
ECR0822,2011-04-11,0,0,-0.9964347838972571,0
ALD0529,2010-05-13,0,0,-20.78053111880115,0
KDT0346,2010-04-26,0,0,-21.35303411874952,0
FXF0957,2010-01-08,0,0,-0.7369174506420677,0
BBG0325,2010-11-22,0,0,-4.817473807303145,0
KLM0639,2011-04-11,0,0,-20.538159584777077,0
MDH0686,2011-03-15,0,0,-4.671101211399332,0
FGW0853,2011-03-09,0,0,-4.827541601123926,0
EGD0132,2010-04-05,0,1,0.2708965700724093,0
BHC0665,2010-08-13,0,0,-17.579025514803334,0
RHO0732,2010-05-01,0,0,-0.055063473220911874,0
BBS0422,2011-05-09,0,0,-18.522402684205417,0
PMC0328,2011-04-21,0,0,-20.513486691247863,0
IKR0401,2010-11-24,0,1,-10.045673338427605,0
EGD0132,2010-01-21,0,1,-3.1379200000152423,0
IDO0176,2010-12-08,0,0,-4.544346221786668,0
HSB0196,2010-03-03,0,0,4.445435681042113,0
BMM0112,2010-07-12,0,0,-20.75158947995044,0
PLH0715,2010-10-26,0,0,-1.2591644484622293,0
DSB0731,2011-01-14,0,0,-5.610902856549728,0
JMB0308,2010-02-10,0,1,-6.186034437175067,0
PTH0830,2011-01-18,0,0,-2.3067309677462617,0
CCC0393,2010-05-26,0,0,-27.970581030348626,0
CCM0855,2010-01-18,0,0,-6.941881351456459,0
AMJ0297,2010-04-26,0,0,-0.029480686207648432,0
EPW0434,2010-09-17,0,0,-12.527269367174881,0
HCL0113,2010-01-14,0,0,-13.162709247058274,0
VLB0647,2010-11-30,0,0,-20.24162330236345,0
KPR0497,2010-02-09,0,0,-7.467556930199407,0
TQS0212,2010-03-22,0,0,3.584618689828062,0
CPG0322,2010-05-21,0,0,-1.8106469567686645,0
CSJ0340,2010-01-11,0,0,-19.48816434827006,0
CSH0626,2010-09-21,0,0,-5.557088330955253,0
CKD0680,2010-11-01,0,0,-22.7706859880999,0
MAE0331,2010-04-14,0,0,-18.6549801239089,0
RJB0088,2010-10-14,0,0,-17.916315063267575,0
ALD0544,2010-08-12,0,0,-3.3351304540833553,0
RHY0079,2011-03-11,0,0,-12.962887405469019,0
ABM0845,2010-01-25,0,0,-2.822060863980596,0
NGF0157,2011-01-28,0,0,-12.303353175689267,0
DEB0782,2010-08-23,0,0,-17.850898548206487,0
AAM0658,2010-10-13,0,1,-18.019533822872745,0
DDM0579,2010-11-02,0,0,-3.6442671602233077,0
POB0343,2011-01-18,0,0,-17.925074038960588,0
AMH0794,2010-10-12,0,0,-11.63421928149205,0
PMC0328,2010-10-11,0,0,-18.50130206327765,0
AJN0607,2010-02-03,0,0,-4.305321157581147,0
XHG0902,2010-04-30,0,0,-19.830551687494108,0
BRM0995,2010-07-23,0,0,-5.8566989945258,0
RMS0266,2010-12-10,0,0,-7.5543958736441255,0
THD0448,2010-09-28,0,0,-0.9603885267399619,0
NSC0597,2010-10-11,0,0,-0.029480686207648432,0
KJS0618,2011-03-24,0,0,-4.466271414458447,0
THD0448,2010-11-15,0,0,-0.4596809819545342,0
PGC0066,2010-05-05,0,0,-26.37730310647453,0
KRL0062,2010-01-28,0,0,-27.36807745395606,0
BSB0990,2010-02-10,0,0,-3.7704606771126237,0
SJO0209,2010-12-09,0,0,1.977435197561931,0
NCK0295,2010-05-10,0,0,-1.404150611370028,0
JPA0667,2010-05-03,0,0,-22.70834833856111,0
CBG0490,2010-06-11,0,0,-4.948508187747848,0
PTH0552,2010-01-05,0,0,-2.3312913979169707,0
KTG0091,2010-02-09,0,0,-6.236533232376587,0
RIH0777,2011-01-25,0,0,-20.844096365091673,0
EHD0584,2010-01-11,0,1,-2.678655105996654,0
NMB0972,2010-04-26,0,0,-1.1260412373189865,0
KKS0119,2010-05-13,0,0,-26.425608835465027,0
DIB0285,2010-06-07,0,1,-13.2469099003564,0
SMW0084,2010-11-30,0,0,-17.28868887743613,0
JPW0741,2011-04-15,0,0,-5.198075599540971,0
TYB0779,2010-04-22,0,0,-20.81061411270298,0
WRM0963,2010-02-15,0,0,-3.3753019205660166,0
MCS0035,2011-04-19,0,0,5.063856426257416,0
CTW0500,2011-04-14,0,0,-4.962045068103407,0
TSB0437,2011-03-29,0,0,-18.124912780709337,0
HBB0056,2011-03-17,0,0,-22.69792874013035,0
MAD0496,2010-05-07,0,0,-6.7849989673844675,0
RHO0732,2010-03-16,0,0,-5.780956169053297,0
IKP0472,2010-08-24,0,0,-3.073244554984285,0
HPH0075,2010-11-18,0,0,-8.690665332321373,0
JPA0667,2011-04-07,0,0,-21.643146232302456,0
RJB0088,2010-02-02,0,0,-18.54871534403503,0
BSH0445,2010-11-09,0,0,-12.684310207181511,0
RAW0915,2010-06-22,0,0,-20.643827310191,0
HPM0986,2010-12-01,0,0,-20.76508943355725,0
IBB0696,2010-10-26,0,0,-4.664364323128211,0
JKB0126,2010-06-24,0,0,-18.798667485132455,0
JMH0543,2010-07-12,0,0,-22.667747320041485,0
SGS0268,2010-04-20,0,0,-6.772097058241684,0
XRS0633,2010-12-21,0,0,-17.2589132259061,0
SJW0451,2010-09-28,0,0,-0.22543925009529175,0
LDB0090,2010-03-15,0,0,-27.781801296377125,0
ESA0642,2010-05-03,0,0,-19.95389554009273,0
BHC0665,2010-03-29,0,0,-16.4187513609927,0
WDO0870,2010-02-05,0,0,-4.884072416945742,0
ACV0812,2011-01-11,0,0,-29.231430407415587,0
JMW0638,2010-08-23,0,0,-22.367352863390806,0
AKR0057,2010-03-19,0,1,-21.41759040533634,0
LBH0942,2011-03-03,0,0,-1.546981907475356,0
BJM0111,2010-03-11,0,0,-20.800090140429234,0
BAH0875,2010-01-08,0,0,-4.120957771896087,0
LHN0151,2010-04-20,0,0,-7.228459423913591e-05,0
CJF0802,2011-02-15,0,0,0.6177333752971208,0
TSM0927,2011-04-01,0,0,-22.578353694769703,0
DLS0383,2010-11-05,0,0,-23.19521285003475,0
SOF0808,2011-04-21,0,0,-28.553702176671663,0
WTR0563,2011-02-16,0,0,-27.695775489902758,0
AGB0643,2010-11-03,0,0,-20.40390868554698,0
MBR0724,2010-08-23,0,0,-1.112927565131713,0
BDV0168,2010-06-22,0,1,-4.777037546443353,0
LAM0911,2011-02-14,0,0,12.932793208976364,1
JDF0593,2011-05-11,0,0,-3.8654773297954534,0
RSC0089,2011-04-20,0,0,-19.790599045769454,0
HWH0646,2010-11-24,0,0,-20.143695022162547,0
DDM0579,2010-11-08,0,0,-0.4596809819545342,0
ZCF0590,2010-04-19,0,0,-2.2832896928276796,0
MBR0724,2010-06-04,0,0,-1.589437420292029,0
WPE0538,2010-12-14,0,0,-1.2610039110245452,0
KMS0657,2010-03-26,0,0,-20.540290713984177,0
DID0650,2010-07-21,0,0,-12.839492617920541,0
TDJ0998,2010-02-18,0,0,-15.26243848334127,0
AAL0706,2010-10-20,0,0,-0.7261734935627828,0
AKC0924,2010-05-27,0,0,-22.605290200117906,0
KRG0158,2010-04-12,0,0,-28.598989070795028,0
BMT0528,2010-03-29,0,0,-20.257122180591182,0
ASG0692,2011-03-24,0,0,-25.047900410232387,0
TET0621,2010-09-28,0,0,-1.7346234498472768,0
THD0448,2010-03-23,0,0,-0.22543925009529175,0
BTW0005,2011-02-23,0,0,-24.270871364658888,0
AMH0464,2010-05-10,0,0,-0.4596809819545342,0
SSG0250,2011-05-02,0,0,-16.843308372192382,0
OSH0655,2010-11-24,0,0,-20.34023939902795,0
AOB0019,2010-05-19,0,0,-20.548331795618992,0
PIS0522,2010-06-16,0,0,-20.864226899001437,0
WPR0368,2010-04-14,0,0,-20.872568545104173,0
SBK0161,2010-03-30,0,0,-20.082496326029172,0
WTF0387,2010-09-24,0,0,-3.788460301220198,0
AJR0932,2010-08-23,0,1,-28.025026811491784,0
JDF0593,2010-05-18,0,0,-4.344455942619561,0
MLL0598,2010-11-30,0,0,-3.658062194408444,0
SAT0194,2011-05-12,0,0,-0.9956261749816804,0
SRS0231,2010-06-25,0,0,-21.498536293359052,0
CJK0200,2010-01-19,0,0,0.30199079474186874,0
BSS0463,2010-06-03,0,0,-2.3067309677462617,0
MHG0733,2010-09-17,0,0,-6.231323693004356,0
CJM0521,2010-02-27,0,0,-20.16903610513782,0
TTD1000,2010-02-08,0,0,-19.95225909840292,0
AIM0627,2010-03-01,0,0,-3.480232630275964,0
CRK0916,2010-05-11,0,0,-9.638121929983527,0
CFG0959,2011-04-08,0,0,-0.9964347838972571,0
AJF0370,2010-03-12,0,0,-17.583382684901494,0
HTH0007,2011-01-26,0,0,-21.526453803528284,0
HCV0478,2010-11-18,0,0,-9.125511038962031,0
BCR0581,2010-02-09,0,0,-3.7741437162100056,0
RHO0732,2010-09-14,0,0,-2.407081975215874,0
HDS0367,2010-01-29,0,0,-19.026355775331467,0
BHW0458,2011-02-10,0,0,-3.7022810571497757,0
JZD0888,2010-11-10,0,0,-21.335937955741997,0
NWT0098,2010-12-09,0,1,-20.237411171456642,0
GAF0570,2011-01-21,0,0,-4.590741402205822,0
CRK0916,2010-03-18,0,0,-10.549887523383632,0
SBH0537,2010-02-01,0,0,-26.518513713976176,0
ADC0391,2010-10-08,0,0,-5.438620751523899,0
DIW0118,2011-01-21,0,0,-21.745839889395143,0
CAM0102,2010-10-25,0,0,-24.557452703583976,0
YIC0195,2010-01-19,0,0,-0.8799872214635798,0
SBQ0786,2010-05-19,0,0,13.982793909619886,1
GAF0060,2010-06-14,0,0,4.207700866399932,0
JMW0638,2010-02-10,0,0,-21.17713540118484,0
KLM0639,2010-08-31,0,0,-22.453493154207877,0
HMW0713,2011-03-22,0,0,-0.3858800300046141,0
NSS0876,2010-05-21,0,0,-6.304222355727802,0
ADC0391,2011-02-08,0,0,-5.300926012613786,0
KDT0346,2010-03-04,0,0,-20.460773423624005,0
SAC0592,2010-06-29,0,0,-2.775121886143893,0
CAM0102,2010-08-26,0,0,-25.138493549903387,0
JOM0750,2011-02-10,0,0,-3.513537194386231,0
NAB0801,2011-05-09,0,0,-1.8263747115491924,0
TLH0648,2011-04-13,0,0,-20.316652735130447,0
ERH0449,2010-04-23,0,0,-2.2832896928276796,0
HKF0831,2011-04-14,0,0,-0.22543925009529175,0
MLM0950,2010-04-26,0,0,-5.142805190939839,0
IDO0176,2010-03-18,0,0,-4.766579170477826,0
EHB0420,2010-07-13,0,0,-19.23548531401957,0
CEJ0109,2010-11-10,0,1,-5.38791194544001,0
WTR0563,2011-01-25,0,0,-28.927566770289673,0
HAH0248,2010-02-03,0,0,-12.06194694840815,0
CJK0200,2011-01-07,0,0,0.029179822008018164,0
HDJ0446,2010-10-15,0,0,-2.3067309677462617,0
MAR0955,2010-05-21,0,1,-2.7105248847627763,0
ASB0796,2010-08-23,0,0,-1.8484991689767867,0
HCC0344,2010-02-25,0,0,-17.779900862517366,0
SBN0971,2010-03-04,0,0,-0.22543925009529175,0
GBM0603,2010-04-20,0,0,-7.599318094982323,0
AMD0077,2010-03-24,0,0,-14.196176148761879,0
MSG0839,2010-06-28,0,0,-3.067758533759161,0
CKH0144,2010-10-28,0,0,-26.112218520735723,0
DZC0228,2010-11-10,0,0,-9.466484294964857,0
JIM0095,2010-02-19,0,0,-26.569125202252962,0
TDG0962,2010-11-02,0,0,-4.818010405168479,0
CNM0800,2010-04-29,0,0,-23.568534343667352,0
XBN0229,2010-08-03,0,0,-22.62906613011478,0
CEB0210,2010-04-21,0,0,3.3376163924476714,0
MJM0510,2010-07-13,0,0,-21.42631668050285,0
NIH0969,2010-05-03,0,0,2.5400495369103737,0
EIS0041,2010-10-21,0,0,-16.78856531688905,0
AMJ0297,2011-01-13,0,0,-0.029480686207648432,0
CMB0912,2010-04-16,0,0,-26.260275643599584,0
XBN0229,2011-04-25,0,0,-23.120811299157822,0
HDS0367,2010-03-08,0,0,-20.18535087868247,0
BSB0990,2010-09-02,0,0,-4.917661100786518,0
PID0426,2010-12-29,0,0,-14.817531325647906,0
ASG0048,2010-04-06,0,0,-27.397021467765626,0
FKB0163,2010-05-10,0,0,-20.799438952161722,0
MVB0515,2010-03-09,0,0,-18.478903736690654,0
MHH0180,2010-03-23,0,0,-16.77939089115614,0
GTD0116,2010-02-26,0,0,-24.855422819244268,0
GHL0460,2010-01-14,0,1,-2.3067309677462617,0
EMW0105,2011-03-18,0,0,-26.94410794146779,0
TOR0193,2010-03-12,0,0,-27.165860839184802,0
KSH0569,2011-01-05,0,0,-6.514385920945642,0
ABM0845,2010-08-19,0,0,-3.384029984063204,0
LTS0860,2010-06-29,0,0,-5.441685029627706,0
LBF0214,2010-02-22,0,0,0.9422225899202203,0
SES0477,2010-05-26,0,0,-7.246786840952723,0
AVM0947,2010-12-20,0,0,-5.849668571375105,0
BSA0431,2010-05-04,0,0,-11.349997172453527,0
AHC0142,2011-04-28,0,0,-26.470368004313173,0
NLO0131,2010-09-28,0,0,-0.7224114404158399,0
SCB0534,2010-03-18,0,0,-21.68843689264645,0
HGN0287,2010-07-29,0,0,-14.545444520142382,0
KSP0966,2010-06-04,0,0,2.938647371802176,0
TQS0212,2010-02-10,0,0,3.7114833284647375,0
BDB0453,2010-12-02,0,0,-0.22543925009529175,0
RCP0785,2010-03-25,0,0,-20.78053111880115,0
SPA0141,2010-06-03,0,0,-27.404378474747773,0
BIS0247,2010-08-23,0,0,-10.271752549828193,0
ZDW0859,2011-02-28,0,0,-3.1494904525560514,0
JSH0330,2011-03-15,0,0,-18.515639467492406,0
BDV0168,2010-04-05,0,1,-4.468927716195481,0
SJC0333,2010-03-04,0,0,-17.828584814028545,0
HDS0367,2011-04-18,0,0,-19.887974527195865,0
EIP0997,2011-04-08,0,0,-18.150973620233117,0
DGF0443,2010-10-07,0,0,-18.162781005852935,0
CAM0102,2011-05-12,0,0,-26.286466103437988,0
HAH0248,2010-10-25,0,0,-16.263021762903463,0
AAL0706,2010-07-26,0,0,-0.22543925009529175,0
FAW0032,2010-03-18,0,1,-25.311540378087557,0
ILJ0526,2011-01-12,0,0,-20.187014005150218,0
CIM0271,2011-04-08,0,0,-26.237550944264854,0
ESJ0670,2010-04-17,0,0,-20.071077418054983,0
NGF0157,2010-01-25,0,0,-12.296389787465046,0
BSS0463,2010-08-19,0,0,-0.22543925009529175,0
BCB0679,2011-01-07,0,0,-3.1025261560062063,0
CHG0146,2010-07-19,0,0,-26.751062234515643,0
THR0873,2010-04-15,0,0,3.0796656677955525,0
MPT0376,2010-11-03,0,0,-5.345010918381263,0
NSC0597,2010-05-27,0,0,-0.7224114404158399,0
USH0199,2010-12-08,0,0,-22.172572342186413,0
IRM0931,2011-03-19,0,0,-20.641221573265398,0
RDM0115,2010-02-05,0,0,-27.09485465950013,0
AMV0036,2010-02-18,0,0,3.6923780194425717,0
HCV0478,2010-02-26,0,0,-7.057960468302326,0
KRG0158,2010-02-12,0,0,-27.25569928405048,0
KAC0124,2011-03-23,0,0,-20.66372075950426,0
DLM0051,2010-10-13,0,0,-14.847183352960656,0
KWE0082,2010-12-15,0,0,-20.217007513532394,0
WDO0870,2011-02-15,0,0,-5.709208561698915,0
NWT0098,2010-07-13,0,1,-22.530882893174635,0
CEJ0109,2010-04-20,0,1,-10.19392357936158,0
BMC0547,2010-11-02,0,0,-9.758461169847351,0
LEM0605,2010-07-01,0,0,-3.8262343626940947,0
CGA0629,2011-02-17,0,0,-6.813494145666027,0
ELH0960,2011-03-24,0,0,-0.22543925009529175,0
TIW0299,2010-12-13,0,0,-0.029480686207648432,0
BVC0790,2010-11-15,0,0,-14.70008057599398,0
TLK0993,2010-04-05,0,0,-12.31029787896864,0
JOL0024,2010-06-23,0,0,-26.678075479634686,0
CKB0427,2010-07-06,0,0,-10.6682395931158,0
NWK0215,2010-06-27,0,0,0.5175727074806673,0
CLD0894,2011-01-24,0,0,-21.708390651625564,0
NCK0295,2011-03-24,0,0,-0.4596809819545342,0
AMH0464,2010-01-25,0,0,-0.7369174506420677,0
JCW0858,2010-07-23,0,0,-5.658862513269128,0
EMW0772,2010-09-03,0,0,-19.849755086682308,0
PTH0552,2010-08-13,0,0,-2.291585168767824,0
GCS0571,2011-01-26,0,0,-0.44672184137164095,0
FPC0954,2010-09-29,0,0,-3.988861446707915,0
AHM0410,2011-01-10,0,0,-2.1367115171358364,0
CBB0365,2010-12-16,0,0,-21.755680793721353,0
RGG0064,2010-04-16,0,1,-6.290872963137758,0
SXM0895,2010-01-21,0,0,-21.14364623941958,0
CSC0217,2010-05-25,0,1,-21.481037149520603,0
XHG0902,2010-03-25,0,0,-21.741885558658282,0
OCB0805,2011-04-25,0,0,-3.143576698038032,0
SJF0094,2010-06-03,0,0,-5.883344170397322,0
PMJ0564,2010-10-18,0,0,-26.30463218887337,0
IJM0139,2010-10-21,0,0,-2.2832896928276796,0
WDO0870,2011-01-25,0,0,-3.9280054180168236,0
PAD0773,2010-11-15,0,0,-20.38367483047034,0
LFS0071,2010-12-30,0,0,-8.971033211230747,0
BJP0134,2010-06-24,0,0,-5.606958735938974,0
RAW0915,2010-03-08,0,0,-20.463065254350113,0
TVS0050,2010-11-22,0,0,-18.513702848166986,0
WIQ0567,2010-10-20,0,0,-28.372869090987706,0
USH0199,2011-01-19,0,0,-21.49257217263505,0
MSG0839,2010-01-12,0,0,-0.7369174506420677,0
LJB0826,2010-11-16,0,0,-2.822060863980596,0
VCC0396,2010-06-09,0,0,-10.166487248351018,0
SKG0759,2010-12-22,0,0,-19.88698136452581,0
SCF0608,2010-07-12,0,0,-5.171788513879278,0
JJM0203,2010-10-05,0,1,-25.495856110560453,0
HDD0789,2010-06-02,0,0,-24.446611060134273,0
MAH0149,2010-08-26,0,0,-26.86540727460772,0
DMM0623,2010-09-01,0,0,-6.373877978310475,0
CQW0652,2010-03-11,0,1,-19.296123651073003,0
RHC0335,2010-01-07,0,0,-18.87022359573291,0
RLG0856,2010-03-23,0,0,-1.1683613531854462,0
VCC0396,2010-06-16,0,0,-5.954355258919577,0
CJG0470,2010-10-13,0,0,-0.029480686207648432,0
IMP0530,2010-11-29,0,0,-21.228307059185113,0
WLV0566,2010-07-23,0,0,-6.703491834534702,0
KBC0054,2011-04-20,0,0,-22.26990280286168,0
RLG0856,2010-11-15,0,0,-7.6713059438424125,0
NAR0981,2011-04-06,0,0,-25.33134981430237,0
JSA0775,2010-09-02,0,0,-18.892361859914217,0
CSL0949,2011-01-26,0,0,-0.7064905313396821,0
JSH0330,2010-11-04,0,0,-19.14080866265897,0
ASG0048,2010-10-15,0,0,-26.892358489181674,0
IIA0092,2010-12-28,0,0,-7.628908384383976,0
GTD0219,2010-04-23,0,1,-18.582578295442318,0
JAV0361,2010-07-23,0,0,-21.593075024439486,0
MES0407,2010-09-14,0,0,-12.063152635301208,0
SAC0592,2011-02-01,0,0,-0.692388082700063,0
TIW0299,2010-04-16,0,0,-0.7224114404158399,0
AES0827,2010-10-04,0,0,-2.3067309677462617,0
KSP0966,2010-08-25,0,0,-4.1605867127491365,0
BXJ0010,2011-02-22,0,0,-18.993083461358196,0
MAH0149,2010-04-28,0,0,-27.10418158564528,0
SJW0451,2010-02-04,0,0,-0.4596809819545342,0
IEB0153,2010-09-09,0,0,0.1994086833997244,0
IJW0851,2010-06-08,0,0,-4.531328638951322,0
WGS0516,2010-08-05,0,0,-20.280640603416487,0
JCG0316,2010-01-22,0,0,-3.054192903927742,0
MNC0717,2010-02-19,0,0,-2.852912003046754,0
FBW0747,2010-06-08,0,0,-6.24671467414862,0
CQW0652,2010-03-16,0,1,-18.101173164766692,0
EIP0997,2010-03-12,0,0,-19.154236013037462,0
YIC0195,2010-08-23,0,0,0.5076557297687714,0
NKH0979,2010-09-02,0,0,-21.334119848330943,0
MCJ0324,2011-03-22,0,0,-5.0862612920566335,0
KRL0501,2010-04-06,0,1,-5.601044869920656,0
ADD0846,2011-02-11,0,0,-0.9964347838972571,0
CKB0482,2010-04-23,0,0,-6.9236743726563645,0
AVM0947,2010-03-17,0,0,-7.435717946460045,0
TDG0962,2011-03-29,0,0,-4.228537043862843,0
CJM0138,2010-08-02,0,0,-0.029480686207648432,0
NMS0280,2011-01-20,0,0,-19.509675197450974,0
KCS0173,2010-05-13,0,0,0.9723404509060174,0
JIG0128,2010-05-12,0,0,-14.081545752199077,0
HKR0628,2010-12-17,0,0,-7.429294362749147,0
KMB0922,2011-01-17,0,0,-21.75652484379907,0
CCR0863,2010-04-27,0,0,-2.840966423857253,0
CMW0783,2010-03-29,0,0,-19.830551687494108,0
LRW0970,2010-12-16,0,0,-3.067758533759161,0
DPM0423,2011-02-03,0,0,-17.523386652558656,0
KSP0357,2010-07-22,0,0,-23.008446649168036,0
RCC0617,2011-04-28,0,0,-4.607989270731991,0
JJB0700,2010-08-03,0,0,-0.7064905313396821,0
RAB0589,2010-06-07,0,1,-3.4491423278442426,0
MOP0763,2010-09-10,0,0,-21.14364623941958,0
ABC0253,2010-01-18,0,0,-18.805853963755908,0
QSV0778,2010-01-11,0,0,-22.017591307112866,0
ASV0946,2010-07-01,0,0,-3.0603225424762286,0
MBJ0312,2010-03-22,0,0,-4.616727563759241,0
CXC0336,2010-07-01,0,0,-20.367376032475136,0
ASG0048,2010-12-02,0,0,-25.814360160975866,0
CKD0680,2011-03-18,0,0,-22.7173500043682,0
PSF0133,2010-07-06,0,1,-5.141715528558393,0
